-- phpMyAdmin SQL Dump
-- version 4.8.5
-- https://www.phpmyadmin.net/
--
-- Host: localhost
-- Generation Time: Dec 07, 2022 at 10:54 AM
-- Server version: 8.0.13-4
-- PHP Version: 7.2.24-0ubuntu0.18.04.15

SET SQL_MODE = "NO_AUTO_VALUE_ON_ZERO";
SET AUTOCOMMIT = 0;
START TRANSACTION;
SET time_zone = "+00:00";


/*!40101 SET @OLD_CHARACTER_SET_CLIENT=@@CHARACTER_SET_CLIENT */;
/*!40101 SET @OLD_CHARACTER_SET_RESULTS=@@CHARACTER_SET_RESULTS */;
/*!40101 SET @OLD_COLLATION_CONNECTION=@@COLLATION_CONNECTION */;
/*!40101 SET NAMES utf8mb4 */;

--
-- Database: `1baCA5TYVo`
--

-- --------------------------------------------------------

--
-- Table structure for table `categories`
--

CREATE TABLE `categories` (
  `id` int(11) NOT NULL,
  `name` varchar(256) COLLATE utf8_unicode_ci NOT NULL,
  `description` varchar(256) COLLATE utf8_unicode_ci NOT NULL,
  `image` varchar(256) COLLATE utf8_unicode_ci DEFAULT NULL,
  `createdAt` datetime NOT NULL,
  `updatedAt` datetime NOT NULL
) ENGINE=InnoDB DEFAULT CHARSET=utf8 COLLATE=utf8_unicode_ci;

--
-- Dumping data for table `categories`
--

INSERT INTO `categories` (`id`, `name`, `description`, `image`, `createdAt`, `updatedAt`) VALUES
(1, 'iPad', 'This is the category about iPads', NULL, '2022-12-06 12:05:45', '2022-12-06 12:05:45'),
(2, 'AirPods', 'This is the category, will store the Airpods.', NULL, '2022-12-06 12:44:47', '2022-12-06 12:44:47'),
(3, 'Mac ', 'This is the category, will store the macbook.', NULL, '2022-12-06 12:46:30', '2022-12-06 12:46:30'),
(4, 'Watch', 'This is the category, will store the Apple Watch.', NULL, '2022-12-06 14:08:53', '2022-12-06 14:08:53'),
(5, 'iPhone', 'This is the category, will store the iPhone.', NULL, '2022-12-06 16:08:23', '2022-12-06 16:08:23');

-- --------------------------------------------------------

--
-- Table structure for table `customers`
--

CREATE TABLE `customers` (
  `id` bigint(20) NOT NULL,
  `name` varchar(64) COLLATE utf8_unicode_ci NOT NULL,
  `numberPhone` varchar(256) COLLATE utf8_unicode_ci NOT NULL,
  `address` varchar(256) COLLATE utf8_unicode_ci NOT NULL,
  `createdAt` datetime NOT NULL,
  `updatedAt` datetime NOT NULL
) ENGINE=InnoDB DEFAULT CHARSET=utf8 COLLATE=utf8_unicode_ci;

-- --------------------------------------------------------

--
-- Table structure for table `group_products`
--

CREATE TABLE `group_products` (
  `id` int(11) NOT NULL,
  `name` varchar(255) COLLATE utf8_unicode_ci NOT NULL,
  `description` text COLLATE utf8_unicode_ci NOT NULL,
  `specific` json NOT NULL,
  `services` text COLLATE utf8_unicode_ci,
  `createdAt` datetime NOT NULL,
  `updatedAt` datetime NOT NULL,
  `categoryId` int(11) DEFAULT NULL
) ENGINE=InnoDB DEFAULT CHARSET=utf8 COLLATE=utf8_unicode_ci;

--
-- Dumping data for table `group_products`
--

INSERT INTO `group_products` (`id`, `name`, `description`, `specific`, `services`, `createdAt`, `updatedAt`, `categoryId`) VALUES
(1, ' iPad Pro 12.9 inch (M1, 2021)', '<p><strong>iPad&nbsp;Pro 12.9 inch (2021)&nbsp;</strong>Chiếc iPad đỉnh cao với chip Apple M1 siêu mạnh, màn hình Liquid Retina XDR 12.9 inch sống động, kết nối không dây siêu nhanh. Thắt dây an toàn vào đi nào.</p><ul><li>Chip Apple M1 nâng hiệu suất lên một đẳng cấp mới</li><li>&nbsp;Màn hình Liquid Retina XDR 12.9 inch lộng lẫy với ProMotion, True Tone và dải màu rộng P3</li><li>&nbsp;Hệ thống camera TrueDepth với camera trước Ultra Wide tích hợp tính năng Trung Tâm Sân Khấu</li><li>&nbsp;Camera Wide 12MP, camera Ultra Wide 10MP và LiDAR Scanner cho trải nghiệm thực tế ảo tăng cường sống động</li><li>&nbsp;Luôn kết nối với Wi-Fi 6 siêu nhanh và mạng LTE</li><li>&nbsp;Làm được nhiều việc hơn với thời lượng pin bền bỉ cả ngày</li><li>&nbsp;Cổng Thunderbolt cho kết nối nhanh với bộ nhớ ngoài, màn hình và dock</li><li>&nbsp;Xác thực bảo mật với Face ID</li><li>&nbsp;Bốn loa âm thanh và năm micro chuẩn studio</li><li>&nbsp;Hỗ trợ Apple Pencil (thế hệ thứ 2), Magic Keyboard và Smart Keyboard Folio&nbsp;</li><li>iPadOS mạnh mẽ, trực quan và được thiết kế riêng cho iPad</li><li>&nbsp;Hơn 1 triệu ứng dụng trên App Store dành riêng cho iPad</li></ul><p><strong>Bộ sản phẩm bao gồm:</strong></p><p>Máy tính bảng. Dây sạc. Củ sạc 18W. HDSD bảo hành điện tử 12 tháng</p><p><i><strong>Các thông tin Apple đảm bảo ( Pháp lý)</strong></i></p><p><i>Màn hình có các góc bo tròn. Khi tính theo hình chữ nhật, kích thước màn hình iPad Pro 12.9 inch là 12.9 inch theo đường chéo. Diện tích hiển thị thực tế nhỏ hơn. Cần có gói cước dữ liệu. Liên hệ với nhà mạng tại thị trường của bạn để biết thêm chi tiết. Tốc độ có thể thay đổi tùy địa điểm. Thời lượng pin khác nhau tùy theo cách sử dụng và cấu hình. Truy cập apple.com/batteries để biết thêm thông tin. Phụ kiện được bán riêng. Khả năng tương thích tùy thuộc thế hệ sản phẩm.</i></p>', '\"\"', 'Bảo hành chính hãng 1 năm', '2022-12-06 12:17:42', '2022-12-06 12:17:44', 1),
(2, 'iPad Pro M2 11 inch Wi-Fi', '<figure class=\"table\"><table><tbody><tr><th><strong>Chọn màu:</strong></th><td><a href=\"https://shopdunk.com/color/space-gray\">Space Gray</a>, <a href=\"https://shopdunk.com/color/silver\">Silver</a></td></tr><tr><th><strong>Thiết kế bên ngoài</strong></th><td>247.6 x 178.5 x 5.9 mm<br>466g<br>Nhôm unibody</td></tr><tr><th><strong>Màn hình</strong></th><td>Liquid Retina, 2388 x 1668p, 264 ppi, dải màu P3,<br>Quay video chống rung ProMotion<br>Độ sáng 600 nits<br>Hỗ trợ Apple Pencil 2</td></tr><tr><th><strong>Chip</strong></th><td>M2<br>8 nhân CPU, 10 nhân GPU, 16 nhân Neural Engine<br>Tốc độ bộ nhớ lên đến 100GB/s<br>8GB RAM (LPDDR5-6400) trên phiên bản 128GB, 256GB, 512GB<br>16GB RAM trên phiên bản 1TB, 2TB</td></tr><tr><th><strong>Media Engine</strong></th><td>Hỗ trợ giải mã video chuẩn H.264, HEVC, ProRes, và ProRes RAW</td></tr><tr><th><strong>Camera sau</strong></th><td>Camera chính 12MP, f/1.8<br>Camera ultrawide 10MP, f/2.4<br>Smart HDR 4<br>Quay video ProRes 4K 30fps (1080p 30fps cho bản 128GB)<br>Quay Cinematic Mode 4K</td></tr><tr><th><strong>Camera trước</strong></th><td>12MP f/2.4 ultrawide<br>Center Stage<br>Smart HDR 4<br>FaceID</td></tr><tr><th><strong>Loa</strong></th><td>4 loa</td></tr><tr><th><strong>Microphone</strong></th><td>5 mic chuẩn phòng thu</td></tr><tr><th><strong>Kết nối</strong></th><td>Wi-Fi 6E<br>Bluetooth 5.3<br>Hỗ trợ Nano-SIM và eSIM cho bản Cellular<br>5G (Sub-6GHz và mmWave)</td></tr><tr><th><strong>Cổng và vị trí kết nối</strong></th><td>USB-C Thunderbolt 3 / USB 4<br>Smart Connector ở mặt sau<br>Vị trí hít kết nối &amp; sạc Apple Pencil 2</td></tr><tr><th><strong>Pin</strong></th><td>28.65 Wh<br>10 tiếng sử dụng lướt web hoặc xem video qua Wi-Fi<br>9 tiếng sử dụng lướt web hoặc xem video qua mạng di động</td></tr><tr><th><strong>iPadOS</strong></th><td>iPadOS 16</td></tr></tbody></table></figure>', '\"\"', 'Bảo hành chính hãng 1 năm', '2022-12-06 12:26:51', '2022-12-06 12:26:52', 1),
(3, 'Mac Studio', '<p><strong>Mac Studio</strong>. Một cỗ máy siêu gọn nhẹ, phù hợp hoàn hảo với bàn làm việc với khả năng kết nối được cải tiến cho studio của bạn. Bạn có thể chọn giữa M1 Max siêu nhanh hoặc M1 Ultra hoàn toàn mới — chip mạnh nhất từ trước đến nay được thiết kế cho máy tính cá nhân.</p><ul><li>Chip Apple M1 Max hoặc M1 Ultra tạo ra một cú nhảy vọt về hiệu năng máy học, CPU và GPU</li><li>CPU lên đến 20 lõi sở hữu hiệu năng nhanh hơn đến 3.8x để giúp bạn vượt qua mọi giới hạn</li><li>GPU lên đến 64 lõi cho hiệu năng nhanh hơn đến 4.5x để xử lý các luồng công việc có đồ họa khủng như kết xuất mô hình 3D</li><li>Neural Engine lên đến 32 lõi cho công nghệ máy học hiện đại</li><li>Bộ nhớ thống nhất lên đến 128GB giúp bạn làm việc gì cũng nhanh chóng và trôi chảy</li><li>Ổ lưu trữ SSD siêu nhanh lên đến 8TB giúp mở các ứng dụng và tập tin chỉ trong tích tắc</li><li>Kết nối không dây nhanh với Wi-Fi 6</li><li>Lên đến sáu cổng Thunderbolt 4, hai cổng USB-A, cổng HDMI, cổng Ethernet 10Gb, khe thẻ nhớ SDXC và jack cắm âm thanh 3.5 mm</li><li>macOS Monterey cho phép bạn kết nối, chia sẻ và sáng tạo hơn bao giờ hết, với các bản cập nhật FaceTime đầy thú vị và Safari đã được thiết kế lại</li><li>Thiết kế cực kỳ nhỏ gọn với kích thước 7.7 inch vuông, cao 3.7 inch, màu bạc</li></ul><p><i>Các thông tin Apple đảm bảo ( Pháp lý)</i>&nbsp;</p><p><i>Hiện có sẵn các lựa chọn để nâng cấp.</i></p><p><i>Thử nghiệm do Apple thực hiện vào tháng 2 năm 2022 trên mô hình hệ thống Mac Studio tiền sản xuất với cấu hình Apple M1 Ultra, CPU 20 lõi và RAM 128GB cũng như mô hình hệ thống Mac Studio tiền sản xuất với cấu hình Apple M1 Max, CPU 10 lõi và RAM 64GB, tất cả các mô hình hệ thống đều được cấu hình với SSD 8TB, cũng như mô hình hệ thống Mac Pro phiên bản sản xuất với cấu hình Intel Xeon W 16 lõi 3.2GHz với RAM 192GB và SSD 4TB, và mô hình hệ thống iMac 27 inch phiên bản sản xuất với cấu hình Intel Core i9 10 lõi 3.6GHz cùng với RAM 128GB và SSD 8TB. Thử nghiệm với Houdini FX 19.0.524 tiền phát hành bằng cách sử dụng cảnh mô phỏng FLIP băng tần hẹp. Các thử nghiệm về hiệu năng được thực hiện trên các hệ thống máy tính cụ thể và phản ánh hiệu năng tương đối của Mac Studio, Mac Pro và iMac.&nbsp;Thử nghiệm do Apple thực hiện vào tháng 2 năm 2022 trên mô hình hệ thống Mac Studio tiền sản xuất với cấu hình Apple M1 Ultra, CPU 20 lõi, GPU 64 lõi và RAM 128GB, cũng như mô hình hệ thống Mac Studio tiền sản xuất với cấu hình Apple M1 Max, CPU 10 lõi, GPU 32 lõi và RAM 64GB, tất cả các mô hình hệ thống đều được cấu hình với SSD 8TB, cũng như mô hình hệ thống Mac Pro phiên bản sản xuất với cấu hình Intel Xeon W 16 lõi 3.2GHz với RAM 192GB, đồ họa AMD Radeon Pro W5700X với GDDR6 16GB, được cấu hình với Afterburner và SSD 4TB, và mô hình hệ thống iMac 27 inch phiên bản sản xuất với cấu hình Intel Core i9 10 lõi 3.6GHz với đồ họa Radeon Pro 5700 XT, GDDR6 16GB, RAM 128GB và SSD 8TB. Thử nghiệm với Affinity Photo 1.10.4 bằng cách sử dụng tiêu chuẩn tích hợp sẵn phiên bản 11021. Các thử nghiệm về hiệu năng được thực hiện trên các hệ thống máy tính cụ thể và phản ánh hiệu năng tương đối của Mac Studio, Mac Pro và iMac.</i></p>', '\"\"', 'Bảo hành chính hãng 1 năm', '2022-12-06 12:48:44', '2022-12-06 12:48:46', 3),
(4, 'Mac mini M1', '<p><strong>Mac mini M1 </strong>nay có chip Apple M1 mới. Với CPU nhanh hơn đến 3x, GPU nhanh hơn đến 6x và Neural Engine mạnh mẽ cho hiệu năng máy học nhanh hơn đến 15x. Cho hiệu năng khủng mà kích cỡ không đổi.</p><p>• Chip M1 do Apple thiết kế tạo ra một cú nhảy vọt về hiệu năng máy học, CPU và GPU<br>• CPU 8 lõi cho hiệu năng nhanh hơn đến 3x, xử lý các luồng công việc nhanh hơn bao giờ hết<br>• GPU 8 lõi với tốc độ xử lý đồ họa nhanh gấp 6x cho các ứng dụng và game có đồ họa khủng<br>• Neural Engine 16 lõi cho công nghệ máy học hiện đại<br>• Bộ nhớ thống nhất 8GB giúp bạn làm việc gì cũng nhanh chóng và trôi chảy<br>• Ổ lưu trữ SSD siêu nhanh giúp mở các ứng dụng và tập tin chỉ trong tích tắc<br>• Hệ thống tản nhiệt tiên tiến mang lại hiệu năng đột phá<br>• Wi-Fi 6 thế hệ mới giúp kết nối nhanh hơn<br>• Hai cổng Thunderbolt / USB 4, một cổng HDMI 2.0, hai cổng USB-A và Gigabit Ethernet<br>• macOS Big Sur với thiết kế mới đầy táo bạo cùng nhiều cập nhật quan trọng cho các ứng dụng Safari, Messages và Maps<br>• Thiết kế vuông 19.7 cm màu bạc cực kỳ nhỏ gọn</p><p><strong>Bộ sản phẩm bao gồm</strong></p><p>&nbsp;Mac mini. Cáp nguồn. HDSD bảo hành điện tử 12 tháng</p><p><i>&nbsp;<strong>Các thông tin Apple đảm bảo ( Pháp lý )</strong></i></p><p><i>&nbsp;Hiện có sẵn các lựa chọn để nâng cấp. So với thế hệ máy trước.</i></p>', '\"\"', 'Bảo hành chính hãng 1 năm', '2022-12-06 12:50:08', '2022-12-06 12:50:10', 3),
(5, 'MacBook Pro 14 M1 Pro', '<p><strong>MacBook Pro (14 inch) </strong>mới mang đến hiệu năng cao ấn tượng cho người dùng pro. Lựa chọn M1 Pro mạnh mẽ hay M1 Max còn mạnh hơn thế để tăng tốc xử lý các luồng công việc đẳng cấp pro cùng thời lượng pin đáng kinh ngạc. Với màn hình Liquid Retina XDR 14 inch sống động và nhiều cổng kết nối chuyên nghiệp, bạn có thể làm được<br>nhiều việc hơn bao giờ hết với MacBook Pro.</p><p>• Chip M1 Max hoặc M1 Pro do Apple thiết kế tạo ra một cú nhảy vọt về hiệu năng máy học, CPU và GPU<br>&nbsp;• CPU lên đến 10 lõi cho hiệu năng nhanh hơn đến 3.7x, xử lý các luồng công việc chuyên nghiệp nhanh hơn bao giờ hết<br>&nbsp;• GPU lên đến 32 lõi với tốc độ xử lý đồ họa nhanh hơn đến 13x cho các ứng dụng và game có đồ họa khủng<br>• Neural Engine 16 lõi cho hiệu năng máy học nhanh hơn đến 11x<br>• Thời lượng pin lâu hơn, lên đến 17 giờ<br>• Bộ nhớ thống nhất lên đến 64GB giúp bạn làm việc gì cũng nhanh chóng và trôi chảy<br>• Ổ lưu trữ SSD siêu nhanh lên đến 8TB giúp mở các ứng dụng và tập tin chỉ trong tích tắc<br>• Màn hình Liquid Retina XDR 14 inch sắc nét với Extreme Dynamic Range và tỷ lệ tương phản cực cao<br>• Camera FaceTime HD 1080p với bộ xử lý tín hiệu hình ảnh tiên tiến cho các cuộc gọi video sắc nét hơn<br>• Hệ thống âm thanh 6 loa với loa trầm khử lực<br>• Ba micro phối hợp chuẩn studio thu giọng nói của bạn rõ hơn<br>• Ba cổng Thunderbolt 4, cổng HDMI, khe thẻ nhớ SDXC, jack cắm tai nghe, cổng MagSafe 3<br>• Wi-Fi 6 thế hệ mới giúp kết nối nhanh hơn<br>• Bàn phím Magic Keyboard có đèn nền và Touch ID giúp mở khóa và thanh toán an toàn hơn<br>• macOS Monterey cho phép bạn kết nối, chia sẻ và sáng tạo hơn bao giờ hết, với các bản cập nhật FaceTime mới đầy thú vị và Safari đã được thiết kế lại<br>• Hiện có màu xám bạc và bạc</p><p><i><strong>Các thông tin Apple đảm bảo ( Pháp lý)</strong></i>&nbsp;</p><p><i>Hiện có sẵn các lựa chọn để nâng cấp.</i><br><i>Thời lượng pin khác nhau tùy theo cách sử dụng và cấu hình. Truy cập apple.com/batteries để biết thêm thông tin. Màn hình của MacBook Pro 14 inch có các góc trên được bo tròn. Khi tính theo hình chữ nhật chuẩn, kích thước màn hình theo đường chéo là 14.2 inch (diện tích hiển thị thực tế nhỏ hơn).So với thế hệ trước.</i></p>', '\"\"', 'Bảo hành chính hãng 1 năm', '2022-12-06 12:54:47', '2022-12-06 12:54:48', 3),
(6, 'MacBook Pro 14 M1 Pro', '<p><strong>MacBook Pro (14 inch) </strong>mới mang đến hiệu năng cao ấn tượng cho người dùng pro. Lựa chọn M1 Pro mạnh mẽ hay M1 Max còn mạnh hơn thế để tăng tốc xử lý các luồng công việc đẳng cấp pro cùng thời lượng pin đáng kinh ngạc. Với màn hình Liquid Retina XDR 14 inch sống động và nhiều cổng kết nối chuyên nghiệp, bạn có thể làm được<br>nhiều việc hơn bao giờ hết với MacBook Pro.</p><p>• Chip M1 Max hoặc M1 Pro do Apple thiết kế tạo ra một cú nhảy vọt về hiệu năng máy học, CPU và GPU<br>&nbsp;• CPU lên đến 10 lõi cho hiệu năng nhanh hơn đến 3.7x, xử lý các luồng công việc chuyên nghiệp nhanh hơn bao giờ hết<br>&nbsp;• GPU lên đến 32 lõi với tốc độ xử lý đồ họa nhanh hơn đến 13x cho các ứng dụng và game có đồ họa khủng<br>• Neural Engine 16 lõi cho hiệu năng máy học nhanh hơn đến 11x<br>• Thời lượng pin lâu hơn, lên đến 17 giờ<br>• Bộ nhớ thống nhất lên đến 64GB giúp bạn làm việc gì cũng nhanh chóng và trôi chảy<br>• Ổ lưu trữ SSD siêu nhanh lên đến 8TB giúp mở các ứng dụng và tập tin chỉ trong tích tắc<br>• Màn hình Liquid Retina XDR 14 inch sắc nét với Extreme Dynamic Range và tỷ lệ tương phản cực cao<br>• Camera FaceTime HD 1080p với bộ xử lý tín hiệu hình ảnh tiên tiến cho các cuộc gọi video sắc nét hơn<br>• Hệ thống âm thanh 6 loa với loa trầm khử lực<br>• Ba micro phối hợp chuẩn studio thu giọng nói của bạn rõ hơn<br>• Ba cổng Thunderbolt 4, cổng HDMI, khe thẻ nhớ SDXC, jack cắm tai nghe, cổng MagSafe 3<br>• Wi-Fi 6 thế hệ mới giúp kết nối nhanh hơn<br>• Bàn phím Magic Keyboard có đèn nền và Touch ID giúp mở khóa và thanh toán an toàn hơn<br>• macOS Monterey cho phép bạn kết nối, chia sẻ và sáng tạo hơn bao giờ hết, với các bản cập nhật FaceTime mới đầy thú vị và Safari đã được thiết kế lại<br>• Hiện có màu xám bạc và bạc</p><p><i><strong>Các thông tin Apple đảm bảo ( Pháp lý)</strong></i>&nbsp;</p><p><i>Hiện có sẵn các lựa chọn để nâng cấp.</i><br><i>Thời lượng pin khác nhau tùy theo cách sử dụng và cấu hình. Truy cập apple.com/batteries để biết thêm thông tin. Màn hình của MacBook Pro 14 inch có các góc trên được bo tròn. Khi tính theo hình chữ nhật chuẩn, kích thước màn hình theo đường chéo là 14.2 inch (diện tích hiển thị thực tế nhỏ hơn).So với thế hệ trước.</i></p>', '\"\"', 'Bảo hành chính hãng 1 năm', '2022-12-06 12:56:51', '2022-12-06 12:56:53', 3),
(7, 'MacBook Pro 13 M2 2022', '<h2>MacBook Pro M2 8GB 512GB – Khẳng định đẳng cấp với hiệu năng khủng</h2><p><i>MacBook Pro M2 8GB 512GB là bản nâng cấp mới nhất của Apple năm 2022. Mặc dù có thiết kế không đổi so với phiên bản tiền nhiệm nhưng siêu phẩm công nghệ này sẽ không khiến bạn thất vọng với hiệu năng cực khủng nhờ chip Apple M2.</i></p><h3>1. Chip Apple M2 – Dẫn đầu phân khúc về hiệu năng</h3><p>Chip Apple M2 chính là điểm nhấn sáng giá nhất trên MacBook Pro M2 8GB 512GB.</p><ul><li>Giúp máy có <strong>hiệu suất hoạt động cao hơn 18%</strong> và băng thông nhiều hơn gấp đôi dòng chip M1, giúp người xử lý nhanh chóng mọi tác vụ.</li><li>Tiến trình <strong>5nm với 20 nghìn tỷ bóng bán dẫn</strong> trên chip M2 cũng còn tiết kiệm<strong> được tối đa nguồn điện năng</strong>.</li></ul><p>MacBook Pro 13 M2 chính là một chiếc laptop đồ họa – kỹ thuật chuyên nghiệp với card tích hợp <strong>10 nhân GPU</strong>. Thiết kế này giúp nâng cao <strong>hiệu suất hoạt động</strong> của máy <strong>cao hơn 25% so với chip M1</strong> trong khi cả hai đều sử dụng mức điện năng tương đương.</p><p>Nhờ đó, các công việc liên quan đến thiết kế hình ảnh, đồ họa, render,… trên các phần mềm nặng trở nên nhẹ nhàng hơn bao giờ hết. Theo công bố từ Apple, MacBook Pro M2 2022 có khả năng xử lý lên đến <strong>15.8 nghìn tỷ tác vụ chỉ trong 1 giây</strong>.</p><h3>2. SSD 512GB kết hợp RAM 8GB – Tác vụ nhanh, lưu trữ khủng</h3><p>RAM 8GB cho phép MacBook Pro M2 vận hành mượt mà, trơn tru và đáp ứng mọi tác vụ cơ bản. Đặc biệt, người dùng có thể <strong>thiết kế trên nhiều layer đồ họa cùng lúc</strong> mà không xảy ra tình trạng đơ, lag.</p><p>MacBook Pro M2 8GB/512GB được trang bị ổ <strong>SSD</strong> có dung lượng “khủng” lên đến <strong>512GB</strong> giúp người dùng “lưu cả thế giới”. Bên cạnh đó, thiết kế này còn còn giúp máy khởi động nhanh và tăng tốc độ đọc, ghi dữ liệu.</p><p>Theo công bố từ nhà Táo Khuyết, bộ nhớ trên MacBook Pro M2 2022 được nâng cấp <strong>băng thông</strong> đạt tốc độ <strong>100GB/giây</strong>. Hiện con số này đang cao hơn tới 50% với với phiên bản M1.</p><h3>3. Thời lượng pin ấn tượng lên tới 20 tiếng</h3><p>Dung lượng pin chính là một trong những ưu điểm nổi trội trên dòng MacBook Pro M2 8GB/512GB.</p><ul><li>Siêu phẩm công nghệ này sở hữu thời lượng pin cực khủng, lên tới <strong>20 giờ liên tục</strong>. Nhờ đó, người dùng thể sử dụng máy ở bất cứ địa điểm nào trong suốt ngày dài mà không cần phải lo nghĩ đến việc sạc pin.</li><li>Cổng sạc nhanh với <strong>công suất sạc tới 67 W</strong>, giúp tiết kiệm thời gian sạc cho người dùng.</li></ul><h3>4. Màn hình Retina sắc nét, chân thực</h3><p>MacBook Pro M2 8GB 512GB sở hữu màn hình Retina rực rỡ với <strong>kích thước 13.3 inch</strong> cùng <strong>độ phân giải 2560 x 1600 pixel</strong>. Thiết kế này cho phép máy tạo nên những <strong>khuôn hình rộng, sắc nét, chân thực</strong> đến từng chi tiết.</p><ul><li>Màn hình máy có độ tương phản cao với <strong>độ sáng 500 nits</strong> cùng <strong>công nghệ IPS</strong> giúp mọi <strong>hình ảnh đều hiển thị rõ nét</strong> khi nhìn ở bất kì thời gian hay địa điểm nào.</li><li><strong>Đèn nền LED được tối ưu hơn</strong> trên MacBook Pro M2 8GB 512GB để tái hiện trọn vẹn màu đen sâu huyền bí cùng các gam màu rực rỡ khác.</li><li><strong>Công nghệ True Tone</strong> với khả năng tối ưu độ cân bằng trắng sẽ tự điều chỉnh nhiệt độ màu màn sao cho <strong>phù hợp ánh sáng từ môi trường xung quanh</strong>.</li></ul><p>Với thiết kế màn hình như trên, MacBook Pro M2 rất phù hợp với những người làm đồ hoạ, thiết kế hình ảnh, video chuyên sâu, cần độ chính xác cao về chất lượng và màu sắc hình ảnh.</p><h3>5. Âm thanh sống động, đa chiều</h3><p>MacBook Pro M2 8GB 512GB giống như một studio thu nhỏ nhờ sở hữu <strong>hệ thống loa kép công suất lớn</strong> cùng công nghệ <strong>Wide Stereo</strong> và <strong>Dolby Atmos</strong>. Thiết kế này giúp máy tạo ra những <strong>chất âm sống động</strong>, thỏa mãn nhu cầu giải trí của người dùng sau những giờ làm việc căng thẳng.</p><h3>6. Cổng kết nối linh hoạt</h3><p>Dù chỉ có <strong>trọng lượng 1.4 kg</strong> cùng với <strong>độ dày 1.62cm</strong> nhưng các cạnh của MacBook Pro M2 2022 lại sở hữu vô số cổng kết nối linh hoạt, bao gồm:</p><ul><li><strong>Cổng sạc MagSafe và USB Type-C: </strong>Cho hiệu suất <strong>sạc cực nhanh</strong> và <strong>tốc độ truyền dữ liệu</strong> ấn tượng.</li><li><strong>2 cổng Thunderbolt 3:</strong> Cho phép máy <strong>kết nối 2 chiều nhanh chóng</strong>, tiện lợi hơn bao giờ hết. Tính năng này cũng <strong>hỗ trợ xuất ảnh ra màn rời</strong>, rất tiện lợi cho người dùng.</li><li><strong>Cổng kết nối Wi-Fi 6 802.11ax, Bluetooth 5.0:</strong> Là các cổng kết nối không dây đảm bảo đường truyền tín hiệu luôn ổn định trong quá trình làm việc hay giải trí.</li><li><strong>Jack cắm tai nghe 3.5mm:</strong> Thích hợp với hầu hết các loại tai nghe có mặt trên thị trường hiện nay.</li></ul><h3>7. Magic Keyboard tiện lợi cho mọi thao tác</h3><p>Magic Keyboard được mệnh danh là bàn phím ma thuật trên dòng MacBook Pro M2 mới ra mắt năm nay với các ưu điểm:</p><ul><li>Thiết kế to <strong>thuận tiện trong quá trình gõ văn bản</strong>.</li><li>Có độ nhạy và độ nảy, tạo <strong>cảm giác êm ái và thoải mái</strong> cho người dùng mỗi <strong>khi soạn thảo văn bản</strong>.</li><li>Đèn nền cũng được tích hợp trên bàn phím Magic Keyboard giúp bạn <strong>thao tác dễ dàng</strong> ngay cả khi dùng máy <strong>trong điều kiện thiếu sáng</strong>.</li><li>Thanh cảm ứng Touch Bar cùng cảm biến Touch ID cũng là ưu điểm nổi bật xuất hiện trên MacBook Pro M2 2022. Đây là hai công cụ cho phép người dùng <strong>xác nhận danh tính nhanh chóng</strong> khi đăng nhập vào các ứng dụng và tiến hành mua sắm, thanh toán trực tuyến.</li></ul><h3>8. Khả năng bảo mật tuyệt vời</h3><p>MacBook Pro M2 8GB 512GB sở hữu khả năng <strong>bảo mật dữ liệu hàng đầu với Apple silicon</strong>. Bên cạnh đó, với hệ điều hành MacOS độc quyền, thiết bị công nghệ này cũng có thể <strong>ngăn chặn được vô số phần mềm độc hại và sự tấn công của virus</strong>, từ đó giúp bảo vệ an toàn cho các thông tin và tài liệu cá nhân của người dùng.</p><h3>9. Hỗ trợ làm việc trực tuyến, Video Call tối đa</h3><p>MacBook Pro M2 được trang bị <strong>Camera FaceTime 720p</strong> giúp hình ảnh người dùng được hiển thị sắc nét, tươi tắn hơn khi học tập, làm việc trực tuyến hay Video Call. Bên cạnh đó, máy còn sở hữu tới <strong>3 microphones</strong> cho khả năng thu tiếng rõ ràng, trong trẻo và không lẫn tạp âm, giúp nâng cao chất lượng cuộc gọi.</p><h2>MacBook Pro M2 bao giờ ra mắt, khi nào về Việt Nam?</h2><p>Các phiên bản MacBook Pro M2 đã ra mắt chính thức từ tháng 7 năm nay. Hiện tại những siêu phẩm công nghệ mới này đã được bày bán trên các kệ hàng của các đại lý ủy quyền chính thức của&nbsp; Apple, trong đó có ShopDunk.</p><h2>MacBook Pro M2 8GB 512GB 2022 giá bao nhiêu?</h2><p>MacBook Pro M2 được Apple niêm yết với mức giá từ <strong>1.299 USD tại thị trường Mỹ</strong>. Tuy nhiên, khi về tới Việt Nam, con số này sẽ cao hơn một chút do các khoản thuế, phí phát sinh. Có thể thấy, giá bán MacBook Pro M2 đang cao hơn so với bản M1 khoảng 5 – 6 triệu đồng.</p><p>Hiện tại, ShopDunk đang cung cấp MacBook Pro M2 8GB 512GB 2022 ra thị trường với mức giá bán cực ưu đãi, chỉ từ <strong>36.490.000 VNĐ</strong>. Ngoài ra, khách hàng còn được chiết khấu 5% (tối đa 500.000 đồng) với các ưu đãi thanh toán (cụ thể từng thời điểm khuyến mại) và hỗ trợ trả góp với lãi suất 0%.</p>', '\"\"', 'Bảo hành chính hãng 1 năm', '2022-12-06 13:07:52', '2022-12-06 13:07:54', 3),
(8, 'MacBook Pro 16 M1 Pro', '<p><strong>MacBook Pro (16 inch) </strong>mới mang đến hiệu năng cao ấn tượng cho người dùng pro. Lựa chọn M1 Pro mạnh mẽ hay M1 Max còn mạnh hơn thế để tăng tốc xử lý các luồng công việc đẳng cấp pro cùng thời lượng pin đáng kinh ngạc. Với màn hình Liquid Retina XDR 16 inch sống động và nhiều cổng kết nối chuyên nghiệp, bạn có thể làm<br>được nhiều việc hơn bao giờ hết với MacBook Pro.</p><p>• Chip M1 Max hoặc M1 Pro do Apple thiết kế tạo ra một cú nhảy vọt về hiệu năng máy học, CPU và GPU&nbsp;<br>• CPU lên đến 10 lõi cho hiệu năng nhanh hơn đến 2x, xử lý các luồng công việc chuyên nghiệp nhanh hơn bao giờ hết<br>• GPU lên đến 32 lõi với tốc độ xử lý đồ họa nhanh hơn đến 4x cho các ứng dụng và game có đồ họa khủng<br>• Neural Engine 16 lõi cho hiệu năng máy học nhanh hơn đến 5x<br>• Thời lượng pin lâu hơn, lên đến 21 giờ<br>• Bộ nhớ thống nhất lên đến 64GB giúp bạn làm việc gì cũng nhanh chóng và trôi chảy<br>• Ổ lưu trữ SSD siêu nhanh lên đến 8TB giúp mở các ứng dụng và tập tin chỉ trong tích tắc<br>• Màn hình Liquid Retina XDR 16 inch sắc nét với Extreme Dynamic Range và tỷ lệ tương phản cực cao<br>• Camera FaceTime HD 1080p với bộ xử lý tín hiệu hình ảnh tiên tiến cho các cuộc gọi video sắc nét hơn<br>• Hệ thống âm thanh 6 loa với loa trầm khử lực<br>• Ba micro phối hợp chuẩn studio thu giọng nói của bạn rõ hơn<br>• Ba cổng Thunderbolt 4, cổng HDMI, khe thẻ nhớ SDXC, jack cắm tai nghe, cổng MagSafe 3<br>• Wi-Fi 6 thế hệ mới giúp kết nối nhanh hơn<br>• Bàn phím Magic Keyboard có đèn nền và Touch ID giúp mở khóa và thanh toán an toàn hơn<br>• macOS Monterey cho phép bạn kết nối, chia sẻ và sáng tạo hơn bao giờ hết, với các bản cập nhật FaceTime<br>mới đầy thú vị và Safari đã được thiết kế lại<br>• Hiện có màu xám bạc và bạc</p><p><i><strong>Các thông tin Apple đảm bảo ( Pháp lý)</strong></i>&nbsp;</p><p><i>Hiện có sẵn các lựa chọn để nâng cấp.&nbsp;</i><br><i>Thời lượng pin khác nhau tùy theo cách sử dụng và cấu hình. Truy cập apple.com/batteries để biết thêm thông tin. Màn hình của MacBook Pro 16 inch có các góc trên được bo tròn. Khi tính theo hình chữ nhật chuẩn, kích thước màn hình theo đường chéo là 16.2 inch (diện tích hiển thị thực tế nhỏ hơn). So với thế hệ trước.</i></p>', '\"\"', 'Bảo hành chính hãng 1 năm', '2022-12-06 13:13:12', '2022-12-06 13:13:13', 3),
(9, ' MacBook Air M1 2020', '<p><strong>MacBook Air M1&nbsp;</strong>Là máy tính xách tay mỏng và nhẹ nhất của Apple – nay thay đổi ngoạn mục với chip Apple M1 mạnh mẽ. Tạo ra một cú nhảy vọt về hiệu năng CPU và đồ họa, cùng thời lượng pin lên đến 18 giờ.</p><p>• Chip M1 do Apple thiết kế tạo ra một cú nhảy vọt về hiệu năng máy học, CPU&nbsp;và GPU<br>• Tăng thời gian sử dụng với thời lượng pin lên đến 18 giờ<br>• CPU 8 lõi cho tốc độ nhanh hơn đến 3.5x, xử lý công việc nhanh chóng hơn bao giờ hết<br>• GPU lên đến 8 lõi với tốc độ xử lý đồ họa nhanh hơn đến 5x cho các ứng dụng và game đồ họa khủng<br>• Neural Engine 16 lõi cho công nghệ máy học hiện đại<br>• Bộ nhớ thống nhất 8GB giúp bạn làm việc gì cũng nhanh chóng và trôi chảy<br>• Ổ lưu trữ SSD siêu nhanh giúp mở các ứng dụng và tập tin chỉ trong tích tắc<br>• Thiết kế không quạt giảm tối đa tiếng ồn khi sử dụng<br>• Màn hình Retina 13.3 inch với dải màu rộng P3 cho hình ảnh sống động và chi tiết ấn tượng<br>• Camera FaceTime HD với bộ xử lý tín hiệu hình ảnh tiên tiến cho các cuộc gọi video đẹp hình, rõ tiếng hơn<br>• Bộ ba micro phối hợp tập trung thu giọng nói của bạn, không thu tạp âm môi trường<br>• Wi-Fi 6 thế hệ mới giúp kết nối nhanh hơn<br>• Hai cổng Thunderbolt / USB 4 để sạc và kết nối phụ kiện<br>• Bàn phím Magic Keyboard có đèn nền và Touch ID giúp mở khóa và thanh toán an toàn hơn<br>• macOS Big Sur với thiết kế mới đầy táo bạo cùng nhiều cập nhật quan trọng cho các ứng dụng Safari, Messages&nbsp;và Maps<br>• Hiện có màu vàng kim, xám bạc và bạc</p><p><strong>Bộ sản phẩm bao gồm &nbsp;</strong></p><p><strong>&nbsp;</strong> MacBook. Dây sạc. HDSD bảo hành điện tử 12 tháng</p><p><i><strong>Các thông tin Apple đảm bảo ( Pháp lý )</strong></i></p><p><i>Hiện có sẵn các lựa chọn để nâng cấp.</i></p><p><i>Thời lượng pin khác nhau tùy theo cách sử dụng và cấu hình. Truy cập apple.com/batteries để biết thêm thông tin. So với thế hệ máy trước. Kích thước màn hình tính theo đường chéo.</i></p>', '\"\"', 'Bảo hành chính hãng 1 năm', '2022-12-06 13:20:50', '2022-12-06 13:20:52', 3),
(10, 'MacBook Air M2 2022', '<h2>Đánh giá chi tiết MacBook Air 2022 M2 8GB 256GB</h2><p><i>Nếu là người thường xuyên phải di chuyển, làm việc văn phòng và mong muốn sở hữu một chiếc MacBook có thiết kế ấn tượng thì chắc chắn dòng Air M2 sẽ là gợi ý hoàn hảo cho bạn. Để tối ưu hiệu suất hơn, bạn có thể tìm đến MacBook Air M2 8GB 256GB. Đây là một phiên bản nâng cấp hơn nhưng chi phí lại không quá cao như các phiên bản còn lại hay dòng Pro.</i></p><h3>Thiết kế thời thượng, tổng thể mỏng nhẹ</h3><p>Điều đầu tiên gây ấn tượng với giới công nghệ ngay từ khi ra mắt của MacBook Air M2 chính là ngoại hình của máy, thậm chí nhiều ý kiến cho rằng phần thiết kế này còn đẹp hơn cả dòng Pro. Nếu <a href=\"https://shopdunk.com/macbook-air-m1-2020\">MacBook Air M1</a> đã từng tạo nên cơn sốt trên thế giới về độ mỏng thì sang tới dòng M2, độ dày của máy còn được tối giản hơn. MacBook Air M2 chỉ <strong>mỏng 11.3mm</strong>, nặng chỉ khoảng <strong>1.3kg</strong>, trong khi Surface Laptop 4 “Ultra-Thin” dày 14.5mm, Dell XPS 13 2022 dày 14.8mm.</p><p>Bên cạnh đó, phần vỏ ngoài vuông vức thay vì kiểu vát mỏng ở phần thân máy như các dòng <a href=\"https://shopdunk.com/mac/macbook-air\">MacBook Air</a> trước, làm từ vỏ nhôm tái chế không chỉ tạo nên độ chắc chắn mà còn tăng thêm tính thời thượng cho sản phẩm. Nhiều người dùng cho rằng các phiên bản của MacBook Air M2 tương tự như một chiếc iPad có gắn bàn phím.</p><p>MacBook Air M2 có tất cả <strong>4 màu</strong>: Midnight, Starlight, Space Gray, Silver. Trong số đó, màu Midnight được kỳ vọng tạo nên cơn sốt trong cộng đồng Apple-fan. Xét về tính thời trang thì đây sẽ là lựa chọn đáng để cân nhắc.</p><h3>Tận hưởng hình ảnh tuyệt mỹ cùng màn hình Liquid Retina</h3><p>Màn hình của phiên bản nâng cấp MacBook Air M2 8GB/256GB không có gì thay đổi so với bản còn lại, kích thước là khoảng <strong>13.6 inch</strong>, độ phân giải <strong>2560 x 1664</strong> cho trải nghiệm hình ảnh trong, sắc nét từng chi tiết.</p><p>Dải màu rộng P3 cùng 1 tỷ màu, và hơn 500 nits giúp <strong>màn hình sáng hơn 25%</strong>, mang đến những thước phim, hình ảnh vô cùng sinh động, chân thực.</p><p>Công nghệ True Tone giúp cân bằng độ sáng của máy với môi trường xung quanh, tạo nên độ hài hòa cho phần hình ảnh, đảm bảo độ sắc nét dù bạn ngồi làm việc ở bất cứ đâu.</p><h3>Chip Apple M2 phá vỡ mọi rào cản</h3><ul><li>MacBook Air M2 8GB 256GB được trang bị <strong>chip Apple M2</strong> cho hiệu suất làm việc tương đối mượt, bạn có thể <strong>làm việc liên tục trên khoảng 15 – 20 tab Chrome</strong> mà không lo giật lag. Tốc độ đọc, ghi có phần nổi trội hơn so với dòng Air M1 và Pro M1 nhưng không quá đáng kể.</li><li>Sự nâng cấp con chip ở dòng <a href=\"https://shopdunk.com/mac/macbook-m2\">MacBook M2</a> thể hiện rõ ở việc gia tăng số nhân GPU. Mặc dù không có quạt tản nhiệt nhưng nhiệt độ máy sẽ chủ yếu ở mức <strong>40 – 50 độ</strong>, không ảnh hưởng quá nhiều nếu bạn chỉ làm những tác vụ chỉnh sửa đồ họa đơn giản.</li><li>MacBook Air M2 8GB 256GB sẽ phù hợp với những công việc thiết kế, chỉnh sửa và cắt ghép đơn giản, xử lý tài liệu Microsoft Office hoặc công việc văn phòng. Vì vậy, nếu không yêu cầu thao tác quá chuyên sâu, người dùng không nhất thiết phải bỏ tiền để có được SSD tốc độ cao hơn.</li><li>Dung lượng pin lớn, có thể <strong>duy trì</strong> bền bỉ trong khoảng <strong>15 – 18 tiếng</strong>.</li><li>Hệ thống tản nhiệt thông minh giúp ổn định nhiệt độ máy, phù hợp với những anh em không thích tiếng ồn của quạt tản nhiệt.</li></ul><h3>RAM 8GB, SSD 256GB đáp ứng tốt nhu cầu</h3><p>MacBook Air M2 8GB 256GB là một phiên bản nâng cấp hơn so với bản Base, cho hiệu suất làm việc nhanh, mượt mà với nhiều tab nhiệm vụ khác nhau như Google, Photoshop, Evernote…</p><p><strong>SSD 256GB ở phiên bản này chỉ có 1 chip NAND</strong> nên máy sẽ vô cùng phù hợp với những người cần dùng thiết kế và chỉnh sửa ở mức cơ bản, dựng video đơn giản và tổ chức công việc trên các ứng dụng phổ biến mà không đòi hỏi quá đa nhiệm…</p><h3>Nâng cấp cuộc gọi bằng độ phân giải 1080p và hệ thống âm thanh 4 loa</h3><ul><li>Âm thanh cùng với 4 loa được tích hợp ở gần bản lề của máy giúp thu phát âm thanh rõ hơn</li><li><strong>Camera</strong> ở phần Notch có độ phân giải lên tới <strong>1080p</strong> kết hợp cùng bộ xử lý tín hiệu hình ảnh mới nhất của Apple giúp bạn có những cuộc hội video, họp mặt với chất lượng tốt nhất.</li></ul><h3>Cảm biến vân tay Touch ID một chạm siêu tốc</h3><ul><li>Cảm biến vân tay siêu tốc và cực nhạy, giúp bạn khóa hay mở máy một cách nhanh chóng.</li><li>Bàn phím chìm sâu, gõ nhanh và siêu nhạy. Những nút chức năng hay dùng sẽ được đặt ở vị trí dễ thấy nhất. Người dùng có thể thoải mái làm việc ở những nơi đông người mà không lo gây ồn ào.</li></ul><h3>Hỗ trợ đa dạng kết nối và sạc pin nhanh chóng</h3><p>Tương tự như các phiên bản khác, MacBook Air M2 8GB 256GB được ứng dụng cổng sạc MagSafe, bọc dù bên ngoài siêu chắc chắn. MacBook Air M2 có thời lượng pin tốt hơn M1, mặc dù không thể vượt trội hơn MacBook Pro M2 nhưng đã đủ để đáp ứng nhu cầu làm việc từ 9 – 10 tiếng trong ngày và sạc lên 50% chỉ trong 30 phút.</p><p>Cổng MagSafe sẽ giúp việc sạc trở nên đơn giản và an toàn hơn khi cổng kết nối sẽ tự động cắm vào máy khi để chúng gần nhau. Nhờ vậy người dùng sẽ không cần loay hoay tìm kiếm đúng chiều cắm, ngoài ra việc tận dụng cơ chế hút còn giúp giảm hao mòn so với kiểu sạc cắm truyền thống.</p><h3>Nâng cấp khả năng bảo mật</h3><p>MacBook Air M2 đã được chuyển từ chip Intel sang Apple Silicon cho phép bảo mật và lưu trữ tốt hơn. Thiết bị sẽ được hỗ trợ khởi động an toàn và tự động mã hóa nên người dùng có thể hoàn toàn yên tâm về tính bảo mật.</p><h2>MacBook Air M2 2022 giá bao nhiêu?</h2><p>Sản phẩm MacBook Air M2 8GB 256GB hiện có <strong>giá niêm yết trên website của Apple là 1.199 USD</strong> (tương đương <strong>28.131.538 vnđ</strong>). Giá của sản phẩm đã cao hơn một chút so với dòng M1 là 999 USD.</p><p>Hiện tại, sản phẩm đang được phân phối chính hãng tại ShopDunk với giá về tay là <strong>29.490.000</strong>. Có thể nói đây là mức giá vô cùng lý tưởng khi chênh lệch với giá niêm yết không quá cao. Đặc biệt hơn khi mua MacBook Air M2 tại ShopDunk, khách hàng sẽ nhận được nhiều ưu đãi như trả góp 0%, đổi trả miễn phí trong 12 tháng, tặng voucher trị giá 200.000…</p><h2>MacBook Air M2 khi nào có hàng ở Việt Nam?</h2><p>Sau khi được ra mắt tại sự kiện WWDC 2022 vào tháng 6, các phiên bản của dòng MacBook Air M2, trong đó có MacBook Air M2 8GB 256GB sẽ chính thức có mặt tại các hệ thống bán lẻ Việt Nam từ tháng 7 – 2022.<br>&nbsp;</p>', '\"\"', 'Bảo hành chính hãng 1 năm', '2022-12-06 13:28:13', '2022-12-06 13:28:14', 3),
(11, 'iPad Pro M2 12.9 inch Wi-Fi', '<figure class=\"table\"><table><tbody><tr><th><strong>Chọn màu:</strong></th><td><a href=\"https://shopdunk.com/color/space-gray\">Space Gray</a>, <a href=\"https://shopdunk.com/color/silver\">Silver</a></td></tr><tr><th><strong>Thiết kế bên ngoài</strong></th><td>12.9\": 280.6 x 214.9 x 6.4 mm<br>682g<br>Nhôm unibody</td></tr><tr><th><strong>Màn hình</strong></th><td>Liquid Retina XDR, Mini-LED,, 2732 x 2048p, 264 ppi, dải màu P3<br>Quay video chống rung ProMotion<br>độ sáng 1000 nits, peak 1600 nits khi xem nội dung HDR<br>hỗ trợ Apple Pencil 2</td></tr><tr><th><strong>Chip</strong></th><td>M2<br>8 nhân CPU, 10 nhân GPU, 16 nhân Neural Engine<br>Tốc độ bộ nhớ lên đến 100GB/s<br>8GB RAM (LPDDR5-6400) trên phiên bản 128GB, 256GB, 512GB<br>16GB RAM trên phiên bản 1TB, 2TB</td></tr><tr><th><strong>Media Engine</strong></th><td>Hỗ trợ giải mã video chuẩn H.264, HEVC, ProRes, và ProRes RAW</td></tr><tr><th><strong>Camera sau</strong></th><td>Camera chính 12MP, f/1.8<br>Camera ultrawide 10MP, f/2.4<br>Smart HDR 4<br>Quay video ProRes 4K 30fps (1080p 30fps cho bản 128GB)<br>Quay Cinematic Mode 4K</td></tr><tr><th><strong>Camera trước</strong></th><td>12MP f/2.4 ultrawide<br>Center Stage<br>Smart HDR 4<br>FaceID</td></tr><tr><th><strong>Loa</strong></th><td>4 loa</td></tr><tr><th><strong>Microphone</strong></th><td>5 mic chuẩn phòng thu</td></tr><tr><th><strong>Kết nối</strong></th><td>Wi-Fi 6E<br>Bluetooth 5.3<br>Hỗ trợ Nano-SIM và eSIM cho bản Cellular<br>5G (Sub-6GHz và mmWave)</td></tr><tr><th><strong>Cổng và vị trí kết nối</strong></th><td>USB-C Thunderbolt 3 / USB 4<br>Smart Connector ở mặt sau<br>Vị trí hít kết nối &amp; sạc Apple Pencil 2</td></tr><tr><th><strong>Pin</strong></th><td>40.88 Wh<br>10 tiếng sử dụng lướt web hoặc xem video qua Wi-Fi<br>9 tiếng sử dụng lướt web hoặc xem video qua mạng di động</td></tr><tr><th><strong>iPadOS</strong></th><td>iPadOS 16</td></tr></tbody></table></figure>', '\"\"', 'Bảo hành chính hãng 1 năm', '2022-12-06 13:34:18', '2022-12-06 13:34:20', 1),
(12, ' iMac M1 2021 24 inch', '<p><strong>Máy tính Apple iMac M1 2021 24 inch 8-Core GPU 8GB RAM 512GB SSD chính hãng</strong></p><p><strong>iMac 24 inch (2021) </strong>Thay đổi ngoạn mục với chip Apple M1, iMac nay mỏng ấn tượng và mạnh không thể tưởng. Được tạo tác để nổi bật trong mọi môi trường và phù hợp hoàn toàn với cuộc sống của bạn.</p><p>• Màn hình Retina 4.5K 24 inch với gam màu rộng P3 và độ sáng 500 nit<br>• Chip Apple M1 đem đến hiệu năng mạnh mẽ với CPU 8 lõi và GPU 7 hoặc 8 lõi<br>• Thiết kế mỏng ấn tượng 11.5mm với sắc màu sống động<br>• Camera FaceTime HD 1080p với M1 ISP để quay video chất lượng ấn tượng<br>• Dãy ba micro chuẩn phòng thu để thực hiện cuộc gọi và ghi âm tiếng trong như pha lê<br>• Hệ thống âm thanh sáu loa cho trải nghiệm âm thanh chất lượng cao và mạnh mẽ ấn tượng<br>• Bộ lưu trữ SSD siêu nhanh lên đến 512GB<br>• Hai cổng Thunderbolt / USB và lên đến hai cổng USB<br>• Wi-Fi 6 siêu nhanh và công nghệ không dây Bluetooth 5.0<br>• Phối màu hoàn hảo giữa Magic Mouse và Magic Keyboard hoặc Magic Keyboard và Touch ID<br>• macOS sở hữu thiết kế ấn tượng, dễ sử dụng và phối hợp mượt mà với iPhone<br>• Có các màu xanh dương, xanh lá, hồng, bạc, vàng, cam và tím</p><p><strong>Bộ sản phẩm bao gồm</strong></p><p>&nbsp;&nbsp;iMac. Cáp nguồn. Dây cáp Lightning. Magic Keyboard. Magic Mouse.&nbsp; HDSD bảo hành điện tử 12 tháng<i>&nbsp;</i></p><p><i>&nbsp;<strong>Các thông tin Apple đảm bảo ( Pháp lý )</strong></i></p><p><i>Có sẵn các lựa chọn cấu hình. Các màu iMac có sẵn tại cửa hàng có thể thay đổi.</i></p><p><i>Kích thước thật của màn hình theo đường chéo là 23.5 inch. Magic Keyboard với Touch ID được cung cấp dưới dạng một lựa chọn cho phép tùy chỉnh cấu hình.</i></p>', '\"\"', 'Bảo hành chính hãng 1 năm', '2022-12-06 13:35:39', '2022-12-06 13:35:40', 3),
(13, ' iMac 2020 21.5\" - MHK23', '<h2>Đặc điểm nổi bật</h2><ul><li>iMac 21.5 inch Retina 4K hiển thị hình ảnh sắc nét, màu sắc trung thực</li><li>Bộ xử lý 4 nhân Intel Core i3 thế hệ thứ 8 mạnh mẽ cho khả năng xử lý cực nhanh</li><li>GPU Radeon Pro 555X 2GB GDDR5 giúp xử lý đồ họa, chỉnh sửa video dễ dàng</li><li>Ổ cứng SSD 256GB&nbsp;mang tới tốc độ truyển tải và khởi động nhanh chóng</li><li>RAM 8GB DDR4 sẵn sàng thực hiện tác vụ đa nhiệm một cách mượt mà</li><li>Cổng kết nối: Headphone, SDXC card slot, USB-A, Thunderbolt 3</li></ul>', '\"\"', 'Bảo hành chính hãng 1 năm', '2022-12-06 13:48:47', '2022-12-06 13:48:49', 3),
(14, 'iMac 2020 21.5\" - MHK33', '<h2>Đặc điểm nổi bật</h2><ul><li>iMac 21.5 inch Retina 4K hiển thị hình ảnh sắc nét, màu sắc trung thực</li><li>Bộ xử lý 6 nhân Intel Core i5 mạnh mẽ cho khả năng xử lý cực nhanh</li><li>GPU&nbsp;RP 560X 4GB GDDR5 giúp xử lý đồ họa, chỉnh sửa video dễ dàng</li><li>Ổ cứng SSD 256GB&nbsp;mang tới tốc độ truyển tải và khởi động nhanh chóng</li><li>RAM 8GB DDR4 sẵn sàng thực hiện tác vụ đa nhiệm một cách mượt mà</li><li>Cổng kết nối: Headphone, SDXC card slot, USB-A, Thunderbolt 3</li></ul>', '\"\"', 'Bảo hành chính hãng 1 năm', '2022-12-06 13:50:14', '2022-12-06 13:50:16', 3),
(15, ' iMac 2020 21.5\" - MHK03', '<h2>Đặc điểm nổi bật</h2><ul><li>&nbsp;<ul><li>iMac 21.5 inch 1920 x 1080 sRGB hiển thị hình ảnh sắc nét, màu sắc trung thực</li><li>Bộ xử lý Intel Core i5 thế hệ thứ 7 lõi ​​kép 2,3 GHz mạnh mẽ cho khả năng xử lý cực nhanh, Turbo Boost lên đến 3,6 GHz.</li><li>Bộ xử lý đồ hoạ Intel Iris Plus Graphics 640 giúp xử lý đồ họa, chỉnh sửa video dễ dàng</li><li>Ổ cứng SSD 256GB&nbsp;mang tới tốc độ truyển tải và khởi động nhanh chóng</li><li>RAM 8GB DDR4 sẵn sàng thực hiện tác vụ đa nhiệm một cách mượt mà</li><li>Cổng kết nối: Headphone, SDXC card slot, USB-A, Thunderbolt 3</li></ul></li></ul>', '\"\"', 'Bảo hành chính hãng 1 năm', '2022-12-06 13:51:39', '2022-12-06 13:51:40', 3),
(16, 'iMac 2020 27\" - MXWU2', '<p><strong>iMac 27 inch màn hình Retina 5K </strong>giờ đây tích hợp bộ xử lý tối tân, bộ nhớ nhanh hơn, đồ họa mạnh mẽ và lưu trữ SSD siêu nhanh.&nbsp; Màn hình Retina 5K sống động tốt hơn bao giờ hết với công nghệ True Tone và mặt kính có cấu trúc nano (tùy chọn).&nbsp; Với hệ điều hành macOS và các ứng dụng được tích hợp sẵn, iMac 27 inch là chiếc máy tính đa năng sáng tạo, mạnh mẽ hơn bao giờ hết.</p><p>• Màn hình Retina 5K 27 inch (theo đường chéo) với độ phân giải 5120×2880<br>• Mặt kính có cấu trúc Nano (tùy chọn)<br>• Bộ xử lý Intel Core i5 sáu lõi hoặc Intel Core i7 tám lõi thế hệ thứ 10<br>• Đồ họa AMD Radeon Pro 5300 hoặc 5500 XT<br>• Lưu trữ SSD siêu nhanh<br>• Hai cổng Thunderbolt 3 (USB-C)<br>• Bốn cổng USB-A<br>• Cổng Gigabit Ethernet<br>• Camera FaceTime HD 1080p<br>• Wi-Fi 802.11ac và Bluetooth 5.0<br>• Magic Mouse 2<br>• Magic Keyboard<br>• macOS Big Sur với thiết kế mới đầy táo bạo cùng nhiều cập nhật quan trọng cho các ứng dụng Safari, Messages và Maps</p><p>&nbsp;</p><p><strong>Bộ sản phẩm bao gồm:</strong></p><p>&nbsp;iMac. Cáp nguồn. Dây cáp Lightning. Magic Keyboard. Magic Mouse 2.&nbsp; HDSD bảo hành điện tử 12 tháng</p><p><i>&nbsp;<strong>Các thông tin Apple đảm bảo ( Pháp lý )</strong></i></p><p><i>Hiện có sẵn các lựa chọn để nâng cấp.</i></p>', '\"\"', 'Bảo hành chính hãng 1 năm', '2022-12-06 13:53:22', '2022-12-06 13:53:24', 3),
(17, ' iMac 2020 27\" - MXWT2', '<p><strong>iMac 27 inch màn hình Retina 5K </strong>giờ đây tích hợp bộ xử lý tối tân, bộ nhớ nhanh hơn, đồ họa mạnh mẽ và lưu trữ SSD siêu nhanh.&nbsp; Màn hình Retina 5K sống động tốt hơn bao giờ hết với công nghệ True Tone và mặt kính có cấu trúc nano (tùy chọn).&nbsp; Với hệ điều hành macOS và các ứng dụng được tích hợp sẵn, iMac 27 inch là chiếc máy tính đa năng sáng tạo, mạnh mẽ hơn bao giờ hết.</p><p>• Màn hình Retina 5K 27 inch (theo đường chéo) với độ phân giải 5120×2880<br>• Mặt kính có cấu trúc Nano (tùy chọn)<br>• Bộ xử lý Intel Core i5 sáu lõi hoặc Intel Core i7 tám lõi thế hệ thứ 10<br>• Đồ họa AMD Radeon Pro 5300 hoặc 5500 XT<br>• Lưu trữ SSD siêu nhanh<br>• Hai cổng Thunderbolt 3 (USB-C)<br>• Bốn cổng USB-A<br>• Cổng Gigabit Ethernet<br>• Camera FaceTime HD 1080p<br>• Wi-Fi 802.11ac và Bluetooth 5.0<br>• Magic Mouse 2<br>• Magic Keyboard<br>• macOS Big Sur với thiết kế mới đầy táo bạo cùng nhiều cập nhật quan trọng cho các ứng dụng Safari, Messages và Maps</p><p>&nbsp;</p><p><strong>Bộ sản phẩm bao gồm:</strong></p><p>&nbsp;iMac. Cáp nguồn. Dây cáp Lightning. Magic Keyboard. Magic Mouse 2.&nbsp; HDSD bảo hành điện tử 12 tháng</p><p><i>&nbsp;<strong>Các thông tin Apple đảm bảo ( Pháp lý )</strong></i></p><p><i>Hiện có sẵn các lựa chọn để nâng cấp.</i></p>', '\"\"', 'Bảo hành chính hãng 1 năm', '2022-12-06 13:54:46', '2022-12-06 13:54:48', 3),
(18, ' AirPods Pro (2021)', '<p><strong>AirPods Pro (2021)</strong> có tính năng Chủ Động Khử Tiếng Ồn giúp người nghe đắm chìm trong thế giới âm thanh. Chế Độ Xuyên Âm giúp bạn nghe được âm thanh của thế giới xung quanh. AirPods Pro chống mồ hôi và chống nước và kích cỡ tai nghe tùy chỉnh được tạo sự thoải mái cả ngày dài.</p><ul><li>Tính năng Chủ Động Khử Tiếng Ồn giúp ngăn chặn các âm thanh bên ngoài lọt vào tai để bạn có thể đắm chìm vào âm nhạc</li><li>Chế Độ Xuyên Âm giúp bạn nghe và tương tác với thế giới xung quanh</li><li>Chế độ âm thanh không gian với tính năng theo dõi chuyển động của đầu đưa âm thanh đến quanh bạn</li><li>EQ thích ứng sẽ tự động điều chỉnh nhạc hướng vào tai bạn</li><li>Đầu silicon mềm mại với ba kích cỡ khác nhau tạo sự thoải mái và ôm khít</li><li>Cảm biến lực giúp bạn dễ dàng điều khiển chương trình giải trí, trả lời hoặc kết thúc cuộc gọi, và thực hiện nhiều tác vụ khác</li><li>Chống mồ hôi và chống nước</li><li>Tổng thời gian nghe hơn 24 giờ với <strong>Hộp Sạc MagSafe</strong></li><li>Thiết lập dễ dàng, có khả năng nhận biết khi đeo, và tự động chuyển đổi để mang lại trải nghiệm tuyệt vời</li><li>Dễ dàng chia sẻ âm thanh giữa hai bộ AirPods trên iPhone, iPad, iPod touch hoặc Apple TV<br>&nbsp;</li></ul><p><i><strong>Các thông tin Apple đảm bảo ( Pháp lý)</strong></i></p><p><i>AirPods Pro có khả năng chống mồ hôi và chống nước, có thể sử dụng trong các môn thể thao và luyện tập không liên quan đến nước. Tai nghe cũng đạt chuẩn IPX4. Khả năng chống mồ hôi và chống nước không phải là điều kiện vĩnh viễn. Hộp sạc không có khả năng chống mồ hôi hoặc chống nước. Chế độ âm thanh không gian phù hợp để xem phim, TV và video trên các ứng dụng được hỗ trợ. Cần có iPhone hoặc iPad. Thời lượng pin khác nhau tùy theo cách sử dụng và cấu hình. Truy cập apple.com/batteries để biết thêm thông tin. Cần có tài khoản iCloud và macOS 11.1, iOS 14.3, iPadOS 14.3, watchOS 7.2, hoặc tvOS 14.3 trở lên.</i></p>', '\"\"', 'Bảo hành chính hãng 1 năm', '2022-12-06 13:57:15', '2022-12-06 13:57:17', 2),
(19, ' AirPods 3 (2022) Lightning Charging Case', '<h3>Cập nhật thiết kế</h3><p>AirPods có trọng lượng nhẹ và có thiết kế đường nét.&nbsp;Họ ngồi ở góc vừa phải để tạo sự thoải mái và hướng âm thanh đến tai bạn tốt hơn.&nbsp;Phần thân ngắn hơn 33% so với AirPods (thế hệ thứ 2) và bao gồm cảm biến lực để dễ dàng điều khiển nhạc và cuộc gọi.</p><h4>Âm thanh không gian được cá nhân hóa với tính năng theo dõi đầu động</h4><p>Âm thanh được đặt xung quanh bạn để tạo ra trải nghiệm nghe ba chiều, sống động cho âm nhạc, chương trình truyền hình và phim.&nbsp;Con quay hồi chuyển và gia tốc kế trong AirPods hoạt động cùng nhau để theo dõi chuyển động của đầu bạn – vì vậy, bạn có vẻ như đang ở trung tâm của các bài hát và khung cảnh.¹</p><h4>EQ thích ứng</h4><p>Âm nhạc được tự động điều chỉnh để phù hợp với hình dạng của tai bạn.&nbsp;Micrô hướng vào trong sẽ phát hiện những gì bạn đang nghe, sau đó điều chỉnh tần số dải thấp và trung để mang đến những chi tiết phong phú trong mỗi bài hát.</p><h4>Thời lượng pin lâu hơn</h4><p>AirPods có thời lượng pin thêm một giờ so với AirPods (thế hệ thứ 2) cho thời gian nghe lên đến 6 giờ² và thời gian thoại lên đến 4 giờ.⁵ Chỉ với 5 phút sạc, bạn sẽ nghe được khoảng một giờ⁶ hoặc thời gian đàm thoại. Và với Hộp sạc MagSafe, bạn có thể tận hưởng tổng thời gian nghe nhạc lên đến 30 giờ và sạc bằng bộ sạc không dây và MagSafe tương thích.⁸</p><h4>Chống mồ hôi và nước</h4><p>Cả AirPods và Vỏ sạc MagSafe đều được xếp hạng khả năng chống nước IPX4 – vì vậy chúng có thể chịu được mọi thứ từ mưa đến khi tập luyện nặng nhọc.³</p><h4>Kỳ diệu theo mọi cách</h4><p>Thiết lập dễ dàng – kéo chúng ra khỏi hộp và chúng đã sẵn sàng để sử dụng.&nbsp;Tự động chuyển đổi giữa các thiết bị Apple của bạn.&nbsp;Phát hiện trong tai biết sự khác biệt giữa tai của bạn và các bề mặt khác.&nbsp;Thông báo thông báo với Siri cung cấp cho bạn tùy chọn để Siri đọc thông báo của bạn thông qua AirPods của bạn.&nbsp;Và với Chia sẻ âm thanh, bạn và một người bạn có thể dễ dàng chia sẻ bài hát hoặc chương trình giữa hai bộ AirPods bất kỳ.</p><h3>Điểm nổi bật</h3><p>Được thiết kế bởi Apple</p><p>Âm thanh không gian được cá nhân hóa với tính năng theo dõi đầu động cho trải nghiệm nghe ba chiều sống động¹</p><p>Chất lượng âm thanh tuyệt vời với EQ thích ứng</p><p>Thiết kế đường viền</p><p>Kiểm soát cảm biến lực</p><p>Chống mồ hôi và nước (IPX4)</p><p>Thiết lập dễ dàng cho tất cả các thiết bị Apple của bạn</p><p>Hộp sạc MagSafe có thể được sạc không dây bằng bộ sạc MagSafe hoặc bộ sạc được chứng nhận Qi hoặc bằng đầu nối Lightning</p><h3>Có cái gì trong hộp vậy</h3><p>AirPods</p><p>Hộp sạc MagSafe</p><p>Cáp Lightning sang USB-C</p><p>Tài liệu</p>', '\"\"', 'Bảo hành chính hãng 1 năm', '2022-12-06 13:58:33', '2022-12-06 13:58:34', 2),
(20, 'AirPods 3 MagSafe Charging case', '<p><strong>AirPosds (gen 3) </strong>Giới thiệu AirPods hoàn toàn mới. Sở hữu tính năng âm thanh không gian đưa âm nhạc đến quanh bạn,&nbsp;EQ thích ứng điều chỉnh nhạc hướng vào tai bạn và thời lượng pin lâu hơn.&nbsp;Tai nghe có khả năng chống mồ hôi và chống nước, mang đến cho bạn trải nghiệm tuyệt vời.</p><ul><li>Chế độ âm thanh không gian với tính năng theo dõi chuyển động của đầu đưa âm thanh đến quanh bạn</li><li>EQ thích ứng sẽ tự động điều chỉnh nhạc hướng vào tai bạn</li><li>Thiết kế có đường viền hoàn toàn mới</li><li>Cảm biến lực giúp bạn dễ dàng điều khiển chương trình giải trí, trả lời hoặc kết thúc cuộc gọi, và thực hiện nhiều tác vụ khác</li><li>Chống mồ hôi và chống nước</li><li>Thời gian nghe lên đến 6 giờ với một lần sạc</li><li>Tổng thời gian nghe lên đến 30 giờ với Hộp Sạc MagSafe</li><li>Thiết lập dễ dàng, có khả năng nhận biết khi đeo, và tự động chuyển đổi để mang lại trải nghiệm tuyệt vời</li><li>Dễ dàng chia sẻ âm thanh giữa hai bộ AirPods trên iPhone, iPad, iPod touch hoặc Apple TV</li></ul><p><i><strong>Các thông tin Apple đảm bảo ( Pháp lý)</strong></i><strong>&nbsp;</strong></p><p><i>Chế độ âm thanh không gian phù hợp để xem phim, TV và video trên các ứng dụng được hỗ trợ. Cần có iPhone hoặc iPad.&nbsp;Thời lượng pin khác nhau tùy theo cách sử dụng và cấu hình. Truy cập </i><a href=\"https://www.apple.com/batteries/\"><i>apple.com/batteries</i></a><i> để biết thêm thông tin.&nbsp;AirPods (thế hệ thứ 3) có khả năng chống mồ hôi và chống nước, có thể sử dụng trong các môn thể thao và luyện tập không liên quan đến nước. AirPods (thế hệ thứ 3) đã qua kiểm nghiệm trong điều kiện phòng thí nghiệm có kiểm soát và đạt mức IPX4 theo tiêu chuẩn IEC 60529. Khả năng chống mồ hôi và chống nước không phải là các điều kiện vĩnh viễn, và khả năng này có thể giảm do hao mòn thông thường. Không sạc pin khi AirPods (thế hệ thứ 3) đang bị ướt. Vui lòng tham khảo </i><a href=\"https://support.apple.com/kb/HT210711\"><i>https://support.apple.com/kb/HT210711</i></a><i> để biết cách lau sạch và làm khô sản phẩm.&nbsp;Cần có tài khoản iCloud và macOS 15.1, iOS 15.1, iPadOS, watchOS 8.1, hoặc tvOS 15.1 trở lên.</i></p>', '\"\"', 'Bảo hành chính hãng 1 năm', '2022-12-06 13:59:27', '2022-12-06 13:59:29', 2),
(21, 'AirPods 2', '<p><strong>AirPods gen 2</strong>&nbsp;with Charging Case (hộp sạc thường).&nbsp;<strong>AirPods 2&nbsp;</strong>là kết hợp của thiết kế mang tính biểu tượng và âm thanh chất lượng cao. Đem đến trải nghiệm tai nghe không dây độc đáo và cảm giác vừa vặn, thoải mái cả ngày dài cho mọi người. Kết nối tức thì khi đeo vào tai. Đều tuyệt vời.</p><p><strong>&nbsp;</strong>• Vừa vặn với mọi kích cỡ, thoải mái cả ngày dài<br>• Tự động bật, tự động kết nối<br>• Dễ dàng kết nối với tất cả thiết bị Apple của bạn<br>• Điều khiển nhạc và cuộc gọi của bạn từ AirPods<br>• Dễ dàng chia sẻ âm thanh giữa hai bộ AirPods trên iPhone, iPad, iPod touch hoặc Apple TV<br>• Chuyển đổi mượt mà giữa các thiết bị Apple<br>• Hộp Sạc đem đến thời lượng pin hơn 24 giờ<i>&nbsp;</i></p><p><i>&nbsp;<strong>Các thông tin Apple đảm bảo ( Pháp lý )</strong></i></p><p><i>Cần có tài khoản iCloud và macOS 11.1, iOS 14.3, iPadOS 14.3, watchOS 7.2 hoặc tvOS 14.3 trở lên. Thời lượng pin khác nhau tùy theo cách sử dụng và cấu hình. Truy cập </i><a href=\"https://www.apple.com/batteries/\"><i><strong>apple.com/batteries</strong></i></a><i><strong> </strong>để biết thêm thông tin.</i><br><i>* Chỉ dành cho người đăng ký mới. 59,000đ / tháng sau khi thời gian dùng thử. Ưu đãi áp dụng trong thời gian giới hạn cho những người dùng đăng ký mới khi kết nối thiết bị hợp lệ với thiết bị Apple chạy iOS 15 hoặc iPadOS 15 trở lên. Ưu đãi có giá trị trong ba tháng sau khi ghép nối thiết bị hợp lệ. Người dùng đang sở hữu thiết bị hợp lệ không cần mua thêm sản phẩm âm thanh. Gói được tự động gia hạn cho đến khi bị hủy. Các hạn chế và các điều khoản khác được áp dụng. Xem&nbsp;</i><a href=\"http://apple.com/vn/promo\"><i>apple.com/vn/promo</i></a><i>&nbsp;để biết thêm thông tin. “</i></p>', '\"\"', 'Bảo hành chính hãng 1 năm', '2022-12-06 14:00:22', '2022-12-06 14:00:24', 2);
INSERT INTO `group_products` (`id`, `name`, `description`, `specific`, `services`, `createdAt`, `updatedAt`, `categoryId`) VALUES
(22, 'AirPods Pro 2', '<p>AirPods Pro 2&nbsp;sở hữu công nghệ Chủ Động Khử Tiếng Ồn cao hơn đến 2 lần,1&nbsp;cùng với chế độ Xuyên Âm Thích Ứng và Âm Thanh Không Gian Cá Nhân Hóa và tính năng theo dõi đầu chủ động để tạo ra âm thanh chân thực.2&nbsp;AirPods Pro hiện có nhiều kích cỡ đầu tai nghe (XS, S, M, L) để lựa chọn và thời gian nghe lên đến 6 giờ.3</p><h3><strong>Tính năng nổi bật</strong></h3><p>•&nbsp;Tính năng Chủ Động Khử Tiếng Ồn làm giảm tiếng ồn không mong muốn xung quanh.</p><p>•&nbsp;Xuyên Âm Thích Ứng cho phép âm thanh bên ngoài đi vào trong khi làm giảm đi những tiếng ồn lớn từ môi trường.</p><p>•&nbsp;Chế độ Âm Thanh Không Gian Cá Nhân Hóa với tính năng theo dõi đầu chủ động đưa âm thanh đến quanh bạn2.</p><p>•&nbsp;Nhiều kích cỡ đầu tai nghe (XS, S, M, L).</p><p>•&nbsp;Với khả năng điều khiển bằng thao tác chạm, bạn có thể vuốt để điều chỉnh âm lượng, nhấn để ra lệnh phát nhạc, trả lời hoặc kết thúc cuộc gọi, cũng như ấn giữ để chuyển đổi giữa các chế độ nghe.</p><p>•&nbsp;AirPods Pro&nbsp;và hộp sạc có khả năng chống mồ hôi và chống nước4.</p><p>•&nbsp;Hộp Sạc MagSafe có loa và dây đeo.</p><p>•&nbsp;Thời gian nghe lên đến 6 giờ với công nghệ Chủ Động Khử Tiếng Ồn3.</p><p>•&nbsp;Tổng thời gian nghe lên đến 30 giờ với Hộp Sạc MagSafe và khi bật Chủ Động Khử Tiếng Ồn3.</p><p>•&nbsp;Dễ thiết lập, phát hiện trong tai và tự động chuyển đổi giữa các thiết bị5.</p><p>•&nbsp;Dễ dàng chia sẻ âm thanh giữa hai bộ AirPods trên iPhone, iPad, iPod touch hoặc Apple TV6.</p><p>•&nbsp;Ứng dụng Tìm có chế độ xem lân cận cho AirPods Pro và Tìm Chính Xác cho hộp sạc7.</p><h3><strong>Pháp lý</strong></h3><p>1Khi so sánh với AirPods Pro (thế hệ thứ 1).</p><p>2Âm Thanh Không Gian tương thích với phim, TV và video trong các ứng dụng được hỗ trợ. Yêu cầu có&nbsp;iPhone&nbsp;với camera TrueDepth để tạo hồ sơ cá nhân hóa.</p><p>3Thời lượng pin khác nhau tùy theo cách sử dụng và cấu hình. Truy cập apple.com/batteries để biết thêm thông tin.</p><p>4AirPods Pro và hộp sạc có khả năng chống mồ hôi và chống nước, có thể sử dụng trong các môn thể thao và luyện tập không liên quan đến nước.&nbsp;Tai nghe&nbsp;cũng đạt chuẩn IPX4. Khả năng chống mồ hôi và chống nước không phải là điều kiện vĩnh viễn.</p><p>5Cần có tài khoản iCloud và thiết bị Apple tương thích chạy phần mềm hệ điều hành mới nhất.</p><p>6Tương thích với iPhone 8 trở lên và iPod touch (thế hệ thứ 7) sử dụng phiên bản iOS mới nhất và iPad Pro 12.9 inch (thế hệ thứ 2 trở lên), iPad Pro 11 inch, iPad Pro 10.5 inch, iPad (thế hệ thứ 5 trở lên), iPad Air (thế hệ thứ 3 trở lên), và iPad mini (thế hệ thứ 5 trở lên) sử dụng iPadOS phiên bản mới nhất.</p><p>7Cần có iOS 16 trở lên để sử dụng tính năng Tìm. Tính năng này sẽ ra mắt sau trong mùa thu năm nay trên iPadOS và macOS.</p>', '\"\"', 'Bảo hành chính hãng 1 năm', '2022-12-06 14:01:47', '2022-12-06 14:01:48', 2),
(23, ' AirPods Max', '<p><strong>AirPods Max</strong>&nbsp;định nghĩa lại tai nghe chụp tai. Driver loa do Apple thiết kế cho âm thanh có độ trung thực cao. Mọi chi tiết, từ gọng đeo đến đệm tai, đều được thiết kế vừa vặn lạ thường. Tính năng Chủ Động Khử Tiếng Ồn dẫn đầu thị trường giúp ngăn chặn các âm thanh bên ngoài lọt vào tai trong khi Chế Độ Xuyên Âm cho phép bạn nghe âm thanh xung quanh.</p><p>•&nbsp; Driver loa điện động do Apple thiết kế cho âm thanh có độ trung thực cao<br>• Tính năng Chủ Động Khử Tiếng Ồn giúp ngăn chặn các âm thanh bên ngoài lọt vào tai để bạn có thể đắm chìm vào âm nhạc<br>• Chế Độ Xuyên Âm giúp bạn nghe và tương tác với thế giới xung quanh<br>• Chế độ âm thanh không gian với tính năng theo dõi chuyển động của đầu đem đến âm thanh vòm giống như bạn đang ở trong rạp hát<br>• Âm thanh điện toán kết hợp thiết kế âm tùy chỉnh với phần mềm và chip Apple H1 tạo ra trải nghiệm nghe đột phá<br>• Gọng đeo có lưới đan thoáng khí và đệm tai bằng foam hoạt tính vừa vặn lạ thường<br>• Trải nghiệm tuyệt vời, thiết lập dễ dàng, tính năng nhận biết khi đeo và chuyển đổi mượt mà giữa các thiết bị<br>• Dễ dàng chia sẻ âm thanh giữa hai bộ AirPods trên iPhone, iPad, iPod touch hoặc Apple TV<br>• Thời gian nghe nhạc, xem video hoặc đàm thoại 20 giờ khi bật tính năng Chủ Động Khử Tiếng Ồn và âm thanh không gian<br>• Bảo quản thiết bị ở chế độ pin cực thấp với Smart Case mỏng nhẹ<br>• Hiện có màu bạc, xám bạc, xanh da trời, xanh lá và hồng camera hỗ trợ Home Kit và điều khiển các phụ kiện nhà thông minh của bạn<strong>&nbsp;</strong></p><p><i>&nbsp;<strong>Các thông tin Apple đảm bảo ( Pháp lý )</strong></i></p><p><i>Chế độ âm thanh không gian phù hợp để xem phim, TV và video trên các ứng dụng được hỗ trợ. Cần có iPhone hoặc iPad. Cần có tài khoản iCloud và macOS 11.1, iOS 14.3, iPadOS 14.3, watchOS 7.2 hoặc tvOS 14.3 trở lên. Thời lượng pin khác nhau tùy theo cách sử dụng. Truy cập apple.com/batteries để biết thêm thông tin.</i><br><i>* Chỉ dành cho người đăng ký mới. 59,000đ / tháng sau khi thời gian dùng thử. Ưu đãi áp dụng trong thời gian giới hạn cho những người dùng đăng ký mới khi kết nối thiết bị hợp lệ với thiết bị Apple chạy iOS 15 hoặc iPadOS 15 trở lên. Ưu đãi có giá trị trong ba tháng sau khi ghép nối thiết bị hợp lệ. Người dùng đang sở hữu thiết bị hợp lệ không cần mua thêm sản phẩm âm thanh. Gói được tự động gia hạn cho đến khi bị hủy. Các hạn chế và các điều khoản khác được áp dụng. Xem&nbsp;</i><a href=\"http://apple.com/vn/promo\"><i>apple.com/vn/promo</i></a><i>&nbsp;để biết thêm thông tin. “</i></p>', '\"\"', 'Bảo hành chính hãng 1 năm', '2022-12-06 14:03:48', '2022-12-06 14:03:49', 2),
(24, 'iPad Pro M2 12.9 inch Wi-Fi + Cellular', '<figure class=\"table\"><table><tbody><tr><th><strong>Chọn màu:</strong></th><td><a href=\"https://shopdunk.com/color/space-gray\">Space Gray</a>, <a href=\"https://shopdunk.com/color/silver\">Silver</a></td></tr><tr><th><strong>Thiết kế bên ngoài</strong></th><td>280.6 x 214.9 x 6.4 mm<br>685g<br>Nhôm unibody</td></tr><tr><th><strong>Màn hình</strong></th><td>Liquid Retina XDR, Mini-LED,, 2732 x 2048p, 264 ppi, dải màu P3<br>Quay video chống rung ProMotion<br>Độ sáng 1000 nits, peak 1600 nits khi xem nội dung HDR<br>Hỗ trợ Apple Pencil 2</td></tr><tr><th><strong>Chip</strong></th><td>M2<br>8 nhân CPU, 10 nhân GPU, 16 nhân Neural Engine<br>Tốc độ bộ nhớ lên đến 100GB/s<br>8GB RAM (LPDDR5-6400) trên phiên bản 128GB, 256GB, 512GB<br>16GB RAM trên phiên bản 1TB, 2TB</td></tr><tr><th><strong>Media Engine</strong></th><td>Hỗ trợ giải mã video chuẩn H.264, HEVC, ProRes, và ProRes RAW</td></tr><tr><th><strong>Camera sau</strong></th><td>Camera chính 12MP, f/1.8<br>Camera ultrawide 10MP, f/2.4<br>Smart HDR 4<br>Quay video ProRes 4K 30fps (1080p 30fps cho bản 128GB)<br>Quay Cinematic Mode 4K</td></tr><tr><th><strong>Camera trước</strong></th><td>12MP f/2.4 ultrawide<br>Center Stage<br>Smart HDR 4<br>FaceID</td></tr><tr><th><strong>Loa</strong></th><td>4 loa</td></tr><tr><th><strong>Microphone</strong></th><td>5 mic chuẩn phòng thu</td></tr><tr><th><strong>Kết nối</strong></th><td>Wi-Fi 6E<br>Bluetooth 5.3<br>Hỗ trợ Nano-SIM và eSIM cho bản Cellular<br>5G (Sub-6GHz và mmWave)</td></tr><tr><th><strong>Cổng và vị trí kết nối</strong></th><td>USB-C Thunderbolt 3 / USB 4<br>Smart Connector ở mặt sau<br>Vị trí hít kết nối &amp; sạc Apple Pencil 2</td></tr><tr><th><strong>Pin</strong></th><td>40.88 Wh<br>10 tiếng sử dụng lướt web hoặc xem video qua Wi-Fi<br>9 tiếng sử dụng lướt web hoặc xem video qua mạng di động</td></tr><tr><th><strong>iPadOS</strong></th><td>iPadOS 16</td></tr></tbody></table></figure>', '\"\"', 'Bảo hành chính hãng 1 năm', '2022-12-06 14:04:03', '2022-12-06 14:04:05', 1),
(25, ' Apple Watch Ultra LTE 49mm Ocean Band', '<h3><strong>Tính năng nổi bật</strong></h3><ul><li>Các tính năng và cảm biến chuyên dụng, cùng với ba dây đeo mới được thiết kế cho các hoạt động khám phá, phiêu lưu, và rèn luyện sức bền</li><li>Vỏ titan hàng không chuyên dụng 49mm cân bằng hoàn hảo giữa các yêu cầu về trọng lượng, độ bền và khả năng chống ăn mòn</li><li>Màn hình Apple Watch lớn nhất và sáng nhất giúp bạn nhìn thấy rõ ràng hơn trong mọi điều kiện</li><li>Thời lượng pin lên đến 36 giờ ở chế độ sử dụng thông thường, cùng với thiết lập nguồn điện thấp cho thời lượng pin còn lâu hơn nữa</li><li>Hệ thống GPS tần số kép chuẩn xác cung cấp vị trí chính xác để tính toán khoảng cách, tốc độ, và lộ trình.</li><li>Chống nước ở độ sâu 100m2</li><li>Dung sai nhiệt độ hoạt động lớn hơn khi đeo trên cổ tay, thích ứng tuyệt vời với các điều kiện môi trường vô cùng đa dạng</li><li>Nút Tác Vụ tùy chỉnh có thể đánh dấu Tọa Độ Điểm La Bàn, bắt đầu Quay Về, đánh dấu các phần trong bài tập luyện, bật đèn pin, và hơn thế nữa</li><li>Các tính năng an toàn tiên tiến, bao gồm Còi Báo, Quay Về, Phát Hiện Ngã, SOS Khẩn Cấp và Phát Hiện Va Chạm</li><li>Ứng dụng Bài Tập cải tiến với các chỉ số mới, chế độ xem mới, và nhiều hình thức tập luyện nâng cao</li><li>Ứng dụng La Bàn được thiết kế lại hoàn toàn với tọa độ điểm và Quay Về</li><li>Thiết bị đo độ sâu và cảm biến nhiệt độ nước tự động kích hoạt khi bạn lặn.</li><li>Được thiết kế cho hoạt động lặn giải trí với bình dưỡng khí và lặn tự do từ 40 mét trở xuống</li><li>Mạng di động tích hợp giúp bạn luôn kết nối với mọi người và cập nhật thông tin bạn quan tâm nhất</li><li>Các cảm biến sức khỏe tối tân cho phép bạn đo điện tâm đồ (ECG) và đo nhịp tim, theo dõi sự thay đổi nhiệt độ7 để nắm bắt thông tin chuyên sâu về chu kỳ kinh nguyệt, và đo nồng độ oxy trong máu</li><li>Theo dõi hoạt động hàng ngày của bạn trên Apple Watch và xem xu hướng của bạn trong ứng dụng Thể Dục trên iPhone</li><li>Nghe trực tuyến hoặc đồng bộ nhạc và podcast yêu thích</li><li>watchOS 9 sở hữu ứng dụng Bài Tập cải tiến, ứng dụng Thuốc và Các Giai Đoạn Ngủ mới, cùng thông tin chuyên sâu hơn về sức khỏe tim mạch</li></ul>', '\"\"', 'Bảo hành chính hãng 1 năm', '2022-12-06 14:09:57', '2022-12-06 14:09:59', 4),
(26, ' Apple Watch Ultra LTE 49mm Trail Loop size S/M', '<h3><strong>Tính năng nổi bật</strong></h3><ul><li>&nbsp;<ul><li>Các tính năng và cảm biến chuyên dụng, cùng với ba dây đeo mới được thiết kế cho các hoạt động khám phá, phiêu lưu, và rèn luyện sức bền</li><li>Vỏ titan hàng không chuyên dụng 49mm cân bằng hoàn hảo giữa các yêu cầu về trọng lượng, độ bền và khả năng chống ăn mòn</li><li>Màn hình Apple Watch lớn nhất và sáng nhất giúp bạn nhìn thấy rõ ràng hơn trong mọi điều kiện</li><li>Thời lượng pin lên đến 36 giờ ở chế độ sử dụng thông thường, cùng với thiết lập nguồn điện thấp cho thời lượng pin còn lâu hơn nữa</li><li>Hệ thống GPS tần số kép chuẩn xác cung cấp vị trí chính xác để tính toán khoảng cách, tốc độ, và lộ trình.</li><li>Chống nước ở độ sâu 100m2</li><li>Dung sai nhiệt độ hoạt động lớn hơn khi đeo trên cổ tay, thích ứng tuyệt vời với các điều kiện môi trường vô cùng đa dạng</li><li>Nút Tác Vụ tùy chỉnh có thể đánh dấu Tọa Độ Điểm La Bàn, bắt đầu Quay Về, đánh dấu các phần trong bài tập luyện, bật đèn pin, và hơn thế nữa</li><li>Các tính năng an toàn tiên tiến, bao gồm Còi Báo, Quay Về, Phát Hiện Ngã, SOS Khẩn Cấp và Phát Hiện Va Chạm</li><li>Ứng dụng Bài Tập cải tiến với các chỉ số mới, chế độ xem mới, và nhiều hình thức tập luyện nâng cao</li><li>Ứng dụng La Bàn được thiết kế lại hoàn toàn với tọa độ điểm và Quay Về</li><li>Thiết bị đo độ sâu và cảm biến nhiệt độ nước tự động kích hoạt khi bạn lặn.</li><li>Được thiết kế cho hoạt động lặn giải trí với bình dưỡng khí và lặn tự do từ 40 mét trở xuống</li><li>Mạng di động tích hợp giúp bạn luôn kết nối với mọi người và cập nhật thông tin bạn quan tâm nhất</li><li>Các cảm biến sức khỏe tối tân cho phép bạn đo điện tâm đồ (ECG) và đo nhịp tim, theo dõi sự thay đổi nhiệt độ7 để nắm bắt thông tin chuyên sâu về chu kỳ kinh nguyệt, và đo nồng độ oxy trong máu</li><li>Theo dõi hoạt động hàng ngày của bạn trên Apple Watch và xem xu hướng của bạn trong ứng dụng Thể Dục trên iPhone</li><li>Nghe trực tuyến hoặc đồng bộ nhạc và podcast yêu thích</li><li>watchOS 9 sở hữu ứng dụng Bài Tập cải tiến, ứng dụng Thuốc và Các Giai Đoạn Ngủ mới, cùng thông tin chuyên sâu hơn về sức khỏe tim mạch</li></ul></li></ul>', '\"\"', 'Bảo hành chính hãng 1 năm', '2022-12-06 14:13:33', '2022-12-06 14:13:34', 4),
(27, ' Apple Watch Ultra LTE 49mm Trail Loop size M/L', '<h3><strong>Tính năng nổi bật</strong></h3><ul><li>&nbsp;<ul><li>Các tính năng và cảm biến chuyên dụng, cùng với ba dây đeo mới được thiết kế cho các hoạt động khám phá, phiêu lưu, và rèn luyện sức bền</li><li>Vỏ titan hàng không chuyên dụng 49mm cân bằng hoàn hảo giữa các yêu cầu về trọng lượng, độ bền và khả năng chống ăn mòn</li><li>Màn hình Apple Watch lớn nhất và sáng nhất giúp bạn nhìn thấy rõ ràng hơn trong mọi điều kiện</li><li>Thời lượng pin lên đến 36 giờ ở chế độ sử dụng thông thường, cùng với thiết lập nguồn điện thấp cho thời lượng pin còn lâu hơn nữa</li><li>Hệ thống GPS tần số kép chuẩn xác cung cấp vị trí chính xác để tính toán khoảng cách, tốc độ, và lộ trình.</li><li>Chống nước ở độ sâu 100m2</li><li>Dung sai nhiệt độ hoạt động lớn hơn khi đeo trên cổ tay, thích ứng tuyệt vời với các điều kiện môi trường vô cùng đa dạng</li><li>Nút Tác Vụ tùy chỉnh có thể đánh dấu Tọa Độ Điểm La Bàn, bắt đầu Quay Về, đánh dấu các phần trong bài tập luyện, bật đèn pin, và hơn thế nữa</li><li>Các tính năng an toàn tiên tiến, bao gồm Còi Báo, Quay Về, Phát Hiện Ngã, SOS Khẩn Cấp và Phát Hiện Va Chạm</li><li>Ứng dụng Bài Tập cải tiến với các chỉ số mới, chế độ xem mới, và nhiều hình thức tập luyện nâng cao</li><li>Ứng dụng La Bàn được thiết kế lại hoàn toàn với tọa độ điểm và Quay Về</li><li>Thiết bị đo độ sâu và cảm biến nhiệt độ nước tự động kích hoạt khi bạn lặn.</li><li>Được thiết kế cho hoạt động lặn giải trí với bình dưỡng khí và lặn tự do từ 40 mét trở xuống</li><li>Mạng di động tích hợp giúp bạn luôn kết nối với mọi người và cập nhật thông tin bạn quan tâm nhất</li><li>Các cảm biến sức khỏe tối tân cho phép bạn đo điện tâm đồ (ECG) và đo nhịp tim, theo dõi sự thay đổi nhiệt độ7 để nắm bắt thông tin chuyên sâu về chu kỳ kinh nguyệt, và đo nồng độ oxy trong máu</li><li>Theo dõi hoạt động hàng ngày của bạn trên Apple Watch và xem xu hướng của bạn trong ứng dụng Thể Dục trên iPhone</li><li>Nghe trực tuyến hoặc đồng bộ nhạc và podcast yêu thích</li><li>watchOS 9 sở hữu ứng dụng Bài Tập cải tiến, ứng dụng Thuốc và Các Giai Đoạn Ngủ mới, cùng thông tin chuyên sâu hơn về sức khỏe tim mạch</li></ul></li></ul>', '\"\"', 'Bảo hành chính hãng 1 năm', '2022-12-06 14:15:43', '2022-12-06 14:15:44', 4),
(28, ' Apple Watch Ultra LTE 49mm Alpine Loop', '<h3><strong>Tính năng nổi bật</strong></h3><ul><li>Các tính năng và cảm biến chuyên dụng, cùng với ba dây đeo mới được thiết kế cho các hoạt động khám phá, phiêu lưu, và rèn luyện sức bền</li><li>Vỏ titan hàng không chuyên dụng 49mm cân bằng hoàn hảo giữa các yêu cầu về trọng lượng, độ bền và khả năng chống ăn mòn</li><li>Màn hình Apple Watch lớn nhất và sáng nhất giúp bạn nhìn thấy rõ ràng hơn trong mọi điều kiện</li><li>Thời lượng pin lên đến 36 giờ ở chế độ sử dụng thông thường, cùng với thiết lập nguồn điện thấp cho thời lượng pin còn lâu hơn nữa</li><li>Hệ thống GPS tần số kép chuẩn xác cung cấp vị trí chính xác để tính toán khoảng cách, tốc độ, và lộ trình.</li><li>Chống nước ở độ sâu 100m2</li><li>Dung sai nhiệt độ hoạt động lớn hơn khi đeo trên cổ tay, thích ứng tuyệt vời với các điều kiện môi trường vô cùng đa dạng</li><li>Nút Tác Vụ tùy chỉnh có thể đánh dấu Tọa Độ Điểm La Bàn, bắt đầu Quay Về, đánh dấu các phần trong bài tập luyện, bật đèn pin, và hơn thế nữa</li><li>Các tính năng an toàn tiên tiến, bao gồm Còi Báo, Quay Về, Phát Hiện Ngã, SOS Khẩn Cấp và Phát Hiện Va Chạm</li><li>Ứng dụng Bài Tập cải tiến với các chỉ số mới, chế độ xem mới, và nhiều hình thức tập luyện nâng cao</li><li>Ứng dụng La Bàn được thiết kế lại hoàn toàn với tọa độ điểm và Quay Về</li><li>Thiết bị đo độ sâu và cảm biến nhiệt độ nước tự động kích hoạt khi bạn lặn.</li><li>Được thiết kế cho hoạt động lặn giải trí với bình dưỡng khí và lặn tự do từ 40 mét trở xuống</li><li>Mạng di động tích hợp giúp bạn luôn kết nối với mọi người và cập nhật thông tin bạn quan tâm nhất</li><li>Các cảm biến sức khỏe tối tân cho phép bạn đo điện tâm đồ (ECG) và đo nhịp tim, theo dõi sự thay đổi nhiệt độ7 để nắm bắt thông tin chuyên sâu về chu kỳ kinh nguyệt, và đo nồng độ oxy trong máu</li><li>Theo dõi hoạt động hàng ngày của bạn trên Apple Watch và xem xu hướng của bạn trong ứng dụng Thể Dục trên iPhone</li><li>Nghe trực tuyến hoặc đồng bộ nhạc và podcast yêu thích</li><li>watchOS 9 sở hữu ứng dụng Bài Tập cải tiến, ứng dụng Thuốc và Các Giai Đoạn Ngủ mới, cùng thông tin chuyên sâu hơn về sức khỏe tim mạch</li></ul>', '\"\"', 'Bảo hành chính hãng 1 năm', '2022-12-06 14:19:00', '2022-12-06 14:19:02', 4),
(29, ' Apple Watch Series 8 Nhôm GPS', '<figure class=\"table\"><table><tbody><tr><th><strong>Chọn màu:</strong></th><td><a href=\"https://shopdunk.com/color/mid-night\">Midnight</a>, <a href=\"https://shopdunk.com/color/star-light\">Starlight</a>, <a href=\"https://shopdunk.com/color/silver\">Silver</a>, <a href=\"https://shopdunk.com/color/product-red\">(PRODUCT) RED</a></td></tr><tr><th><strong>Thương hiệu</strong></th><td>Apple</td></tr><tr><th><strong>Màn hình</strong></th><td>Công nghệ màn hình:<br>OLED<br>Độ phân giải:<br>484 x 396 pixels<br>Kích thước mặt:<br>45 mm</td></tr><tr><th><strong>Thiết kế</strong></th><td>Chất liệu mặt:<br>Ion-X strengthened glass<br>Chất liệu khung viền:<br>Hợp kim nhôm<br>Chất liệu dây:<br>Silicone<br>Khả năng thay dây:<br>Có<br>Kích thước, khối lượng: Dài 41 mm – Ngang 35 mm – Dày 10.7 mm – Nặng 32g</td></tr><tr><th><strong>tiện ích</strong></th><td>Sim &amp; nghe gọi:<br>Qua bluetooth (Phải mang điện thoại)<br>Tiện ích đặc biệt:<br>– Màn hình luôn hiển thị<br>– Phát hiện té ngã<br>– Kết nối bluetooth với tai nghe<br>Chống nước / Kháng nước:<br>Chống nước 5 ATM – ISO 22810:2010 (Tắm, bơi vùng nước nông)<br>Theo dõi sức khoẻ:<br>– Chấm điểm giấc ngủ<br>– Nhắc nhở nhịp tim cao, thấp<br>– Theo dõi giấc ngủ<br>– Theo dõi mức độ stress<br>– Tính quãng đường chạy<br>– Điện tâm đồ<br>– Đo lượng tiêu thụ oxy tối đa (VO2 max)<br>– Đo nhịp tim<br>– Đo nồng độ oxy trong máu (SpO2)<br>– Đếm số bước chân<br>– Cảm biến nhiệt độ<br>– Theo dõi chu kì kinh nguyệt<br>Tiện ích khác:<br>– Màn hình cảm ứng<br>– Nghe gọi trên đồng hồ<br>– Nâng cổ tay sáng màn hình<br>– Trợ lý giọng nói<br>– Tính năng Family Setup<br>– Báo thức<br>– Cuộc gọi khẩn cấp SOS<br>– Dự báo thời tiết<br>– Phát hiện té ngã<br>– Rung thông báo<br>– Thay mặt đồng hồ<br>– Từ chối cuộc gọi<br>– Điều khiển chơi nhạc<br>– Điều khiển chụp ảnh<br>– Đồng hồ bấm giờ<br>– Màn hình luôn hiển thị<br>– Chuyển vùng quốc tế<br>Hiển thị thông báo:<br>– Cuộc gọi<br>– Line<br>– Messenger (Facebook)<br>– Tin nhắn<br>– Viber<br>– Zalo</td></tr><tr><th><strong>Pin</strong></th><td>Thời gian sử dụng pin:<br>Khoảng 18 giờ<br>Cổng sạc:<br>Đế sạc nam châm</td></tr><tr><th><strong>Cấu hình &amp; Kết nối</strong></th><td>CPU:<br>Apple S8<br>Bộ nhớ trong:<br>32 GB<br>Hệ điều hành:<br>WatchOS phiên bản mới nhất<br>Kết nối được với hệ điều hành:<br>iPhone 8 trở lên với iOS phiên bản mới nhất<br>Ứng dụng quản lý:<br>Watch<br>Kết nối:<br>– Bluetooth v5.0<br>– GPS<br>– NFC<br>– Wifi<br>Cảm biến:<br>– Cảm biến ánh sáng môi trường<br>– Cảm biến điện học (ECG)<br>– Cảm biến nhịp tim quang học thế hệ 3<br>– Cao áp kế<br>– Con quay hồi chuyển<br>– Gia tốc kế<br>– Galileo<br>– BDS<br>– Beidou<br>– GLONASS<br>– GPS<br>– QZSS<br>– La bàn</td></tr><tr><th><strong>Thông tin khác</strong></th><td>Thời gian ra mắt:<br>09/2022</td></tr><tr><th><strong>Kích thước màn hình</strong></th><td><a href=\"https://shopdunk.com/kich-thuoc-man-hinh/45-mm\">45mm</a>, 41mm</td></tr></tbody></table></figure><p><br>&nbsp;</p>', '\"\"', 'Bảo hành chính hãng 1 năm', '2022-12-06 14:26:02', '2022-12-06 14:26:03', 4),
(30, ' Apple Watch Series 8 Thép GPS + Cellular Dây Thép', '<figure class=\"table\"><table><tbody><tr><th><strong>Chọn màu:</strong></th><td><a href=\"https://shopdunk.com/color/sliver\">Sliver</a>, <a href=\"https://shopdunk.com/color/graphite\">Graphite</a>, <a href=\"https://shopdunk.com/color/gold\">Gold</a></td></tr><tr><th><strong>Chọn dây</strong></th><td>Dây thép, Dây thể thao</td></tr><tr><th><strong>Thương hiệu</strong></th><td>Apple</td></tr><tr><th><strong>Màn hình</strong></th><td>Công nghệ màn hình:<br>OLED<br>Kích thước màn hình:<br>Đang cập nhật<br>Độ phân giải:<br>430 x 352 pixels<br>Kích thước mặt:<br>41 mm</td></tr><tr><th><strong>Thiết kế</strong></th><td>Chất liệu mặt:<br>Ion-X strengthened glass<br>Chất liệu khung viền:<br>Thép không gỉ<br>Chất liệu dây:<br>Silicone<br>Khả năng thay dây:<br>Có<br>Kích thước, khối lượng:<br>Dài 41 mm</td></tr><tr><th><strong>Tiện ích</strong></th><td>Sim &amp; nghe gọi:<br>Qua eSIM (nghe gọi độc lập không cần điện thoại)<br>Tiện ích đặc biệt:<br>– 4G/LTE<br>– Màn hình luôn hiển thị<br>– Phát hiện té ngã<br>– Kết nối bluetooth với tai nghe<br>Chống nước / Kháng nước:<br>Chống nước 5 ATM – ISO 22810:2010 (Tắm, bơi vùng nước nông)<br>Theo dõi sức khoẻ:<br>– Chấm điểm giấc ngủ<br>– Nhắc nhở nhịp tim cao, thấp<br>– Theo dõi giấc ngủ<br>– Theo dõi mức độ stress<br>– Tính quãng đường chạy<br>– Điện tâm đồ<br>– Đo lượng tiêu thụ oxy tối đa (VO2 max)<br>– Đo nhịp tim<br>– Đo nồng độ oxy trong máu (SpO2)<br>– Đếm số bước chân<br>– Cảm biến nhiệt độ<br>– Theo dõi chu kì kinh nguyệt<br>Tiện ích khác:<br>– Màn hình cảm ứng<br>– Nâng cổ tay sáng màn hình<br>– Trợ lý giọng nói<br>– Tính năng – Family Setup<br>Báo thức<br>– Cuộc gọi khẩn cấp SOS<br>– Dự báo thời tiết<br>– Phát hiện té ngã<br>– Rung thông báo<br>– Thay mặt đồng hồ<br>– Từ chối cuộc gọi<br>– Điều khiển chơi nhạc<br>– Điều khiển chụp ảnh<br>– Đồng hồ bấm giờ<br>– Màn hình luôn hiển thị<br>– Chuyển vùng quốc tế<br>Hiển thị thông báo:<br>– Cuộc gọi<br>– Line<br>– Messenger (Facebook)<br>– Tin nhắn<br>– Viber<br>– Zalo</td></tr><tr><th><strong>Pin</strong></th><td>Thời gian sử dụng pin:<br>Khoảng 18 giờ<br>Cổng sạc:<br>Đế sạc nam châm</td></tr><tr><th><strong>Cấu hình &amp; Kết nối</strong></th><td>CPU:<br>Apple S8<br>Bộ nhớ trong:<br>32 GB<br>Hệ điều hành:<br>WatchOS phiên bản mới nhất<br>Kết nối được với hệ điều hành:<br>iPhone 8 trở lên với iOS phiên bản mới nhất<br>Ứng dụng quản lý:<br>Watch<br>Kết nối:<br>– Bluetooth v5.0<br>– GPS<br>– NFC<br>– Wifi<br>Cảm biến:<br>– Cảm biến ánh sáng môi trường<br>– Cảm biến điện học (ECG)<br>– Cảm biến nhịp tim quang học thế hệ 3<br>– Cao áp kế<br>– Con quay hồi chuyển<br>– Gia tốc kế<br>– Galileo<br>– BDS<br>– Beidou<br>– GLONASS<br>– GPS<br>– QZSS<br>– La bàn</td></tr><tr><th><strong>Kích thước màn hình</strong></th><td><a href=\"https://shopdunk.com/kich-thuoc-man-hinh/45-mm\">45mm</a>, 41mm</td></tr></tbody></table></figure><p><br>&nbsp;</p>', '\"\"', 'Bảo hành chính hãng 1 năm', '2022-12-06 14:32:23', '2022-12-06 14:32:25', 4),
(31, 'Apple Watch Series 8 Thép GPS + Cellular Dây Thể Thao', '<figure class=\"table\"><table><tbody><tr><th><strong>Chọn màu:</strong></th><td><a href=\"https://shopdunk.com/color/sliver\">Sliver</a>, <a href=\"https://shopdunk.com/color/graphite\">Graphite</a>, <a href=\"https://shopdunk.com/color/gold\">Gold</a></td></tr><tr><th><strong>Chọn dây</strong></th><td>Dây thép, Dây thể thao</td></tr><tr><th><strong>Thương hiệu</strong></th><td>Apple</td></tr><tr><th><strong>Màn hình</strong></th><td>Công nghệ màn hình:<br>OLED<br>Độ phân giải:<br>430 x 352 pixels<br>Kích thước mặt:<br>41 mm</td></tr><tr><th><strong>Thiết kế</strong></th><td>Chất liệu mặt:<br>Ion-X strengthened glass<br>Chất liệu khung viền:<br>Thép<br>Chất liệu dây:<br>Silicone<br>Khả năng thay dây:<br>Có<br>Kích thước, khối lượng:<br>Dài 41 mm – Ngang 35 mm – Dày 10.7 mm – Nặng 32g</td></tr><tr><th><strong>Tiện ích</strong></th><td>Sim &amp; nghe gọi:<br>Qua eSIM (nghe gọi độc lập không cần điện thoại)<br>Tiện ích đặc biệt:<br>– 4G/LTE<br>– Màn hình luôn hiển thị<br>– Phát hiện té ngã<br>– Kết nối bluetooth với tai nghe<br>Chống nước / Kháng nước:<br>Chống nước 5 ATM – ISO 22810:2010 (Tắm, bơi vùng nước nông)<br>Theo dõi sức khoẻ:<br>– Chấm điểm giấc ngủ<br>– Nhắc nhở nhịp tim cao, thấp<br>– Theo dõi giấc ngủ<br>– Theo dõi mức độ stress<br>– Tính quãng đường chạy<br>– Điện tâm đồ<br>– Đo lượng tiêu thụ oxy tối đa (VO2 max)<br>– Đo nhịp tim<br>– Đo nồng độ oxy trong máu (SpO2)<br>– Đếm số bước chân<br>– Cảm biến nhiệt độ<br>– Theo dõi chu kì kinh nguyệt<br>Tiện ích khác:<br>– Màn hình cảm ứng<br>– Nâng cổ tay sáng màn hình<br>– Trợ lý giọng nói<br>– Tính năng Family Setup<br>– Báo thức<br>– Cuộc gọi khẩn cấp SOS<br>– Dự báo thời tiết<br>– Phát hiện té ngã<br>– Rung thông báo<br>– Thay mặt đồng hồ<br>– Từ chối cuộc gọi<br>– Điều khiển chơi nhạc<br>– Điều khiển chụp ảnh<br>– Đồng hồ bấm giờ<br>– Màn hình luôn hiển thị<br>– Chuyển vùng quốc tế<br>– Hiển thị thông báo:<br>– Cuộc gọi<br>– Line<br>– Messenger (Facebook)<br>– Tin nhắn<br>– Viber<br>– Zalo</td></tr><tr><th><strong>Pin</strong></th><td>Thời gian sử dụng pin:<br>Khoảng 18 giờ<br>Cổng sạc:<br>Đế sạc nam châm</td></tr><tr><th><strong>Cấu hình &amp; Kết nối</strong></th><td>CPU:<br>Apple S8<br>Bộ nhớ trong:<br>32 GB<br>Hệ điều hành:<br>WatchOS phiên bản mới nhất<br>Kết nối được với hệ điều hành:<br>iPhone 8 trở lên với iOS phiên bản mới nhất<br>Ứng dụng quản lý:<br>Watch<br>Kết nối:<br>Bluetooth v5.0<br>GPS<br>NFC<br>Wifi<br>Cảm biến:<br>– Cảm biến ánh sáng môi trường<br>– Cảm biến điện học (ECG)<br>– Cảm biến nhịp tim quang học thế hệ 3<br>– Cao áp kế<br>– Con quay hồi chuyển<br>– Gia tốc kế<br>– Galileo<br>– BDS<br>– Beidou<br>– GLONASS<br>– GPS<br>– QZSS<br>– La bàn</td></tr><tr><th><strong>Thông tin khác</strong></th><td>Thời gian ra mắt:<br>09/2022</td></tr><tr><th><strong>Kích thước màn hình</strong></th><td><a href=\"https://shopdunk.com/kich-thuoc-man-hinh/41-mm\">41mm</a>, 45mm</td></tr></tbody></table></figure><p><br>&nbsp;</p>', '\"\"', 'Bảo hành chính hãng 1 năm', '2022-12-06 14:36:45', '2022-12-06 14:36:46', 4),
(32, 'Apple Watch Series 8 Nhôm GPS', '<figure class=\"table\"><table><tbody><tr><th><strong>Chọn màu:</strong></th><td><a href=\"https://shopdunk.com/color/mid-night\">Midnight</a>, <a href=\"https://shopdunk.com/color/star-light\">Starlight</a>, <a href=\"https://shopdunk.com/color/silver\">Silver</a>, <a href=\"https://shopdunk.com/color/product-red\">(PRODUCT) RED</a></td></tr><tr><th><strong>Thương hiệu</strong></th><td>Apple</td></tr><tr><th><strong>Màn hình</strong></th><td>Công nghệ màn hình:<br>OLED<br>Độ phân giải:<br>484 x 396 pixels<br>Kích thước mặt:<br>45 mm</td></tr><tr><th><strong>Thiết kế</strong></th><td>Chất liệu mặt:<br>Ion-X strengthened glass<br>Chất liệu khung viền:<br>Hợp kim nhôm<br>Chất liệu dây:<br>Silicone<br>Khả năng thay dây:<br>Có<br>Kích thước, khối lượng: Dài 41 mm – Ngang 35 mm – Dày 10.7 mm – Nặng 32g</td></tr><tr><th><strong>tiện ích</strong></th><td>Sim &amp; nghe gọi:<br>Qua bluetooth (Phải mang điện thoại)<br>Tiện ích đặc biệt:<br>– Màn hình luôn hiển thị<br>– Phát hiện té ngã<br>– Kết nối bluetooth với tai nghe<br>Chống nước / Kháng nước:<br>Chống nước 5 ATM – ISO 22810:2010 (Tắm, bơi vùng nước nông)<br>Theo dõi sức khoẻ:<br>– Chấm điểm giấc ngủ<br>– Nhắc nhở nhịp tim cao, thấp<br>– Theo dõi giấc ngủ<br>– Theo dõi mức độ stress<br>– Tính quãng đường chạy<br>– Điện tâm đồ<br>– Đo lượng tiêu thụ oxy tối đa (VO2 max)<br>– Đo nhịp tim<br>– Đo nồng độ oxy trong máu (SpO2)<br>– Đếm số bước chân<br>– Cảm biến nhiệt độ<br>– Theo dõi chu kì kinh nguyệt<br>Tiện ích khác:<br>– Màn hình cảm ứng<br>– Nghe gọi trên đồng hồ<br>– Nâng cổ tay sáng màn hình<br>– Trợ lý giọng nói<br>– Tính năng Family Setup<br>– Báo thức<br>– Cuộc gọi khẩn cấp SOS<br>– Dự báo thời tiết<br>– Phát hiện té ngã<br>– Rung thông báo<br>– Thay mặt đồng hồ<br>– Từ chối cuộc gọi<br>– Điều khiển chơi nhạc<br>– Điều khiển chụp ảnh<br>– Đồng hồ bấm giờ<br>– Màn hình luôn hiển thị<br>– Chuyển vùng quốc tế<br>Hiển thị thông báo:<br>– Cuộc gọi<br>– Line<br>– Messenger (Facebook)<br>– Tin nhắn<br>– Viber<br>– Zalo</td></tr><tr><th><strong>Pin</strong></th><td>Thời gian sử dụng pin:<br>Khoảng 18 giờ<br>Cổng sạc:<br>Đế sạc nam châm</td></tr><tr><th><strong>Cấu hình &amp; Kết nối</strong></th><td>CPU:<br>Apple S8<br>Bộ nhớ trong:<br>32 GB<br>Hệ điều hành:<br>WatchOS phiên bản mới nhất<br>Kết nối được với hệ điều hành:<br>iPhone 8 trở lên với iOS phiên bản mới nhất<br>Ứng dụng quản lý:<br>Watch<br>Kết nối:<br>– Bluetooth v5.0<br>– GPS<br>– NFC<br>– Wifi<br>Cảm biến:<br>– Cảm biến ánh sáng môi trường<br>– Cảm biến điện học (ECG)<br>– Cảm biến nhịp tim quang học thế hệ 3<br>– Cao áp kế<br>– Con quay hồi chuyển<br>– Gia tốc kế<br>– Galileo<br>– BDS<br>– Beidou<br>– GLONASS<br>– GPS<br>– QZSS<br>– La bàn</td></tr><tr><th><strong>Thông tin khác</strong></th><td>Thời gian ra mắt:<br>09/2022</td></tr><tr><th><strong>Kích thước màn hình</strong></th><td><a href=\"https://shopdunk.com/kich-thuoc-man-hinh/45-mm\">45mm</a>, 41mm</td></tr></tbody></table></figure><p><br>&nbsp;</p>', '\"\"', 'Bảo hành chính hãng 1 năm', '2022-12-06 14:40:32', '2022-12-06 14:40:33', 4),
(33, ' iPad Pro M2 11 inch Wi-Fi + Cellular 128GB', '<figure class=\"table\"><table><tbody><tr><th><strong>Chọn màu:</strong></th><td><a href=\"https://shopdunk.com/color/space-gray\">Space Gray</a>, <a href=\"https://shopdunk.com/color/silver\">Silver</a></td></tr><tr><th><strong>Thiết kế bên ngoài</strong></th><td>247.6 x 178.5 x 5.9 mm<br>470g<br>Nhôm unibody</td></tr><tr><th><strong>Màn hình</strong></th><td>Liquid Retina, 2388 x 1668p, 264 ppi, dải màu P3,<br>Quay video chống rung ProMotion<br>độ sáng 600 nits<br>hỗ trợ Apple Pencil 2</td></tr><tr><th><strong>Chip</strong></th><td>M2<br>8 nhân CPU, 10 nhân GPU, 16 nhân Neural Engine<br>Tốc độ bộ nhớ lên đến 100GB/s<br>8GB RAM (LPDDR5-6400) trên phiên bản 128GB, 256GB, 512GB<br>16GB RAM trên phiên bản 1TB, 2TB</td></tr><tr><th><strong>Media Engine</strong></th><td>Hỗ trợ giải mã video chuẩn H.264, HEVC, ProRes, và ProRes RAW</td></tr><tr><th><strong>Camera sau</strong></th><td>Camera chính 12MP, f/1.8<br>Camera ultrawide 10MP, f/2.4<br>Smart HDR 4<br>Quay video ProRes 4K 30fps (1080p 30fps cho bản 128GB)<br>Quay Cinematic Mode 4K</td></tr><tr><th><strong>Camera trước</strong></th><td>12MP f/2.4 ultrawide<br>Center Stage<br>Smart HDR 4<br>FaceID</td></tr><tr><th><strong>Loa</strong></th><td>4 loa</td></tr><tr><th><strong>Microphone</strong></th><td>5 mic chuẩn phòng thu</td></tr><tr><th><strong>Kết nối</strong></th><td>Wi-Fi 6E<br>Bluetooth 5.3<br>Hỗ trợ Nano-SIM và eSIM cho bản Cellular<br>5G (Sub-6GHz và mmWave)</td></tr><tr><th><strong>Cổng và vị trí kết nối</strong></th><td>USB-C Thunderbolt 3 / USB 4<br>Smart Connector ở mặt sau<br>Vị trí hít kết nối &amp; sạc Apple Pencil 2</td></tr><tr><th><strong>Pin</strong></th><td>28.65 Wh<br>10 tiếng sử dụng lướt web hoặc xem video qua Wi-Fi<br>9 tiếng sử dụng lướt web hoặc xem video qua mạng di động</td></tr><tr><th><strong>iPadOS</strong></th><td>iPadOS 16</td></tr></tbody></table></figure>', '\"\"', 'Bảo hành chính hãng 1 năm', '2022-12-06 14:42:28', '2022-12-06 14:42:29', 1),
(34, ' iPad Pro M2 12.9 inch Wi-Fi + Cellular 2TB', '<figure class=\"table\"><table><tbody><tr><th><strong>Chọn màu:</strong></th><td><a href=\"https://shopdunk.com/color/space-gray\">Space Gray</a>, <a href=\"https://shopdunk.com/color/silver\">Silver</a></td></tr><tr><th><strong>Thiết kế bên ngoài</strong></th><td>280.6 x 214.9 x 6.4 mm<br>685g<br>Nhôm unibody</td></tr><tr><th><strong>Màn hình</strong></th><td>Liquid Retina XDR, Mini-LED,, 2732 x 2048p, 264 ppi, dải màu P3<br>Quay video chống rung ProMotion<br>Độ sáng 1000 nits, peak 1600 nits khi xem nội dung HDR<br>Hỗ trợ Apple Pencil 2</td></tr><tr><th><strong>Chip</strong></th><td>M2<br>8 nhân CPU, 10 nhân GPU, 16 nhân Neural Engine<br>Tốc độ bộ nhớ lên đến 100GB/s<br>8GB RAM (LPDDR5-6400) trên phiên bản 128GB, 256GB, 512GB<br>16GB RAM trên phiên bản 1TB, 2TB</td></tr><tr><th><strong>Media Engine</strong></th><td>Hỗ trợ giải mã video chuẩn H.264, HEVC, ProRes, và ProRes RAW</td></tr><tr><th><strong>Camera sau</strong></th><td>Camera chính 12MP, f/1.8<br>Camera ultrawide 10MP, f/2.4<br>Smart HDR 4<br>Quay video ProRes 4K 30fps (1080p 30fps cho bản 128GB)<br>Quay Cinematic Mode 4K</td></tr><tr><th><strong>Camera trước</strong></th><td>12MP f/2.4 ultrawide<br>Center Stage<br>Smart HDR 4<br>FaceID</td></tr><tr><th><strong>Loa</strong></th><td>4 Loa</td></tr><tr><th><strong>Microphone</strong></th><td>5 mic chuẩn phòng thu</td></tr><tr><th><strong>Kết nối</strong></th><td>Wi-Fi 6E<br>Bluetooth 5.3<br>Hỗ trợ Nano-SIM và eSIM cho bản Cellular<br>5G (Sub-6GHz và mmWave)</td></tr><tr><th><strong>Cổng và vị trí kết nối</strong></th><td>USB-C Thunderbolt 3 / USB 4<br>Smart Connector ở mặt sau<br>Vị trí hít kết nối &amp; sạc Apple Pencil 2</td></tr><tr><th><strong>Pin</strong></th><td>40.88 Wh<br>10 tiếng sử dụng lướt web hoặc xem video qua Wi-Fi<br>9 tiếng sử dụng lướt web hoặc xem video qua mạng di động</td></tr><tr><th><strong>iPadOS</strong></th><td>iPadOS 16</td></tr></tbody></table></figure>', '\"\"', 'Bảo hành chính hãng 1 năm', '2022-12-06 14:57:25', '2022-12-06 14:57:26', 1),
(35, ' Apple Watch Series 7 nhôm GPS + Cellular 41mm', '<p><strong>Apple Watch Series 7 (GPS)&nbsp;</strong>Màn hình Retina Luôn Bật lớn nhất, tiên tiến nhất giúp mọi tác vụ bạn thực hiện với Apple Watch Series 7 trông lớn hơn và đẹp hơn. Series 7 là Apple Watch bền bỉ nhất từng được chế tạo, với mặt trước bằng thủy tinh chống nứt tốt hơn. Các tính năng tiên tiến giúp bạn đo mức ôxi trong máu,&nbsp;đo điện tâm đồ (ECG) bất kỳ lúc nào,&nbsp;truy cập ứng dụng theo dõi giấc ngủ và ứng dụng chú tâm. Bạn cũng có thể theo dõi hàng chục bài tập thể chất, bao gồm Thái Cực Quyền và pilates mới.</p><ul><li>Màn hình Retina Luôn Bật với diện tích lớn hơn Series 6 gần 20%, giúp bạn xem và sử dụng mọi thứ dễ dàng hơn</li><li>Mặt trước bằng thủy tinh chống nứt tốt nhất trên Apple Watch, đạt chuẩn chống bụi IP6X và thiết kế chống thấm nước khi bơi lội</li><li>Đo mức ôxi trong máu bằng cảm biến và ứng dụng mạnh mẽ</li><li>Đo điện tâm đồ (ECG) mọi lúc, mọi nơi</li><li>Nhận thông báo nhịp tim nhanh hay chậm và thông báo nhịp tim không đều</li><li>Tập trung tâm trí vào hiện tại với ứng dụng Chú Tâm mới và đạt mục tiêu ngủ đủ giấc với ứng dụng Giấc Ngủ</li><li>Theo dõi các bài tập Thái Cực Quyền và pilates mới, cùng các bài tập yêu thích như chạy bộ, yoga, bơi lội và khiêu vũ</li><li>Theo dõi hoạt động hàng ngày trên Apple Watch và xem xu hướng của bạn trong ứng dụng Thể Dục trên iPhone</li><li>Đồng bộ nhạc và podcast yêu thích của bạn</li><li>Pin dùng cả ngày và sạc nhanh hơn</li><li>watchOS 8 ra mắt các kiểu tập luyện mới, ứng dụng Chú Tâm, mặt đồng hồ Chân Dung mới và các cải tiến đối với ứng dụng Tin Nhắn</li></ul><p><i><strong>Các thông tin Apple đảm bảo ( Pháp lý)</strong></i></p><p><i>Apple Watch Series 7 tương thích với iPhone 6s hoặc các phiên bản cao hơn sử dụng iOS 15 hoặc các bản cập nhật cao hơn.&nbsp;Số đo từ ứng dụng Ôxi Trong Máu không được dùng cho mục đích y tế, kể cả tự chẩn đoán hoặc xin ý kiến bác sĩ và chỉ được thiết kế cho hoạt động luyện tập thông thường và mục đích chăm sóc sức khỏe.&nbsp;Ứng dụng ECG chỉ khả dụng trên Apple Watch Series 4 và các phiên bản cao hơn (không bao gồm Apple Watch SE) sử dụng iOS và watchOS phiên bản mới nhất. Truy cập </i><a href=\"http://www.apple.com/watch\"><i>apple.com/watch</i></a><i> để biết thông tin về khả năng tương thích. Không được sử dụng ECG cho người dưới 22 tuổi. Với ứng dụng ECG, Apple Watch có khả năng tạo ra kết quả ECG tương tự như điện tâm đồ một đạo trình.&nbsp;Tính năng thông báo nhịp tim không đều chỉ khả dụng trên watchOS cũng như iOS phiên bản mới nhất. Tính năng này không dành cho người dưới 22 tuổi và không được thiết kế dành cho người từng có kết quả chẩn đoán bị rung nhĩ (Afib).</i></p><p><strong>Apple Watch Series 7&nbsp;</strong>(GPS + Cellular)&nbsp;<strong>&nbsp;</strong>Với dữ liệu di động, Apple Watch Series 7 giúp bạn luôn kết nối với những người và những điều bạn quan tâm, ngay cả khi bạn không có điện thoại bên mình.&nbsp;Nhận cuộc gọi và trả lời tin nhắn. Nghe nhạc và podcast yêu thích trực tuyến. Nhận được sự trợ giúp nhanh chóng từ SOS Khẩn Cấp&nbsp;và gọi khẩn cấp quốc tế.</p><ul><li>Màn hình Retina Luôn Bật với diện tích lớn hơn Series 6 gần 20%, giúp bạn xem và sử dụng mọi thứ dễ dàng hơn</li><li>Mặt trước bằng thủy tinh chống nứt tốt nhất trên Apple Watch, đạt chuẩn chống bụi IP6X và thiết kế chống thấm nước khi bơi lội</li><li>Đo mức ôxi trong máu bằng cảm biến và ứng dụng mạnh mẽ</li><li>Đo điện tâm đồ (ECG) mọi lúc, mọi nơi</li><li>Nhận thông báo nhịp tim nhanh hay chậm và thông báo nhịp tim không đều</li><li>Tập trung tâm trí vào hiện tại với ứng dụng Chú Tâm mới và đạt mục tiêu ngủ đủ giấc với ứng dụng Giấc Ngủ</li><li>Theo dõi các bài tập Thái Cực Quyền và pilates mới, cùng các bài tập yêu thích như chạy bộ, yoga, bơi lội và khiêu vũ</li><li>Theo dõi hoạt động hàng ngày trên Apple Watch và xem xu hướng của bạn trong ứng dụng Thể Dục trên iPhone</li><li>Đồng bộ nhạc và podcast yêu thích của bạn</li><li>Pin dùng cả ngày và sạc nhanh hơn</li><li>watchOS 8 ra mắt các kiểu tập luyện mới, ứng dụng Chú Tâm, mặt đồng hồ Chân Dung mới và các cải tiến đối với ứng dụng Tin Nhắn</li><li>Luôn kết nối với gia đình và bạn bè bằng cuộc gọi, tin nhắn và email, ngay cả khi bạn không có điện thoại bên mình</li><li>Nghe nhạc và podcast trực tuyến khi đang di chuyển, và cứ để điện thoại ở nhà</li></ul><p><i><strong>Các thông tin Apple đảm bảo ( Pháp lý)</strong></i></p><p><i>Apple Watch Series 7 tương thích với iPhone 6s hoặc các phiên bản cao hơn sử dụng iOS 15 hoặc các bản cập nhật cao hơn.&nbsp;Cần có gói cước không dây cho dịch vụ dữ liệu di động. Vui lòng liên hệ với nhà cung cấp dịch vụ của bạn để biết thêm chi tiết. Khả năng kết nối có thể thay đổi tùy thuộc vào tình trạng sẵn có của mạng. Không hỗ trợ tính năng chuyển vùng quốc tế. Truy cập </i><a href=\"https://www.apple.com/watch/cellular\"><i>apple.com/watch/cellular</i></a><i> để biết danh sách các nhà cung cấp dịch vụ mạng không dây hợp tác và tính phù hợp. Truy cập </i><a href=\"http://support.apple.com/en-us/HT207578/\"><i>support.apple.com/en-us/HT207578</i></a><i> để xem thêm hướng dẫn về cách thiết lập.&nbsp;Apple Watch Series 7 (GPS + Cellular) và Apple Watch SE (GPS + Cellular) có thể sử dụng kết nối mạng di động cho SOS Khẩn Cấp. Để sử dụng SOS khẩn cấp trên Apple Watch mà không cần kết nối mạng di động, iPhone phải ở gần bạn. Nếu iPhone không ở gần bạn, Apple Watch cần được kết nối với mạng Wi-Fi đã xác định và bạn phải thiết lập Cuộc Gọi Wi-Fi.&nbsp;Tính năng gọi khẩn cấp quốc tế yêu cầu phiên bản Apple Watch Series 7 (GPS + Cellular) hoặc Apple Watch SE (GPS + Cellular). Để biết danh sách các quốc gia hoặc khu vực được hỗ trợ, vui lòng truy cập </i><a href=\"http://apple.com/watchos/feature-availability\"><i>apple.com/watchos/feature-availability</i></a><i>.</i></p><p><br>&nbsp;</p>', '\"\"', 'Bảo hành chính hãng 1 năm', '2022-12-06 15:23:25', '2022-12-06 15:23:27', 4),
(36, ' Apple Watch Series 7 Nhôm GPS', '<p><strong>Apple Watch Series 7 (GPS)&nbsp;</strong>Màn hình Retina Luôn Bật lớn nhất, tiên tiến nhất giúp mọi tác vụ bạn thực hiện với Apple Watch Series 7 trông lớn hơn và đẹp hơn. Series 7 là Apple Watch bền bỉ nhất từng được chế tạo, với mặt trước bằng thủy tinh chống nứt tốt hơn. Các tính năng tiên tiến giúp bạn đo mức ôxi trong máu,&nbsp;đo điện tâm đồ (ECG) bất kỳ lúc nào,&nbsp;truy cập ứng dụng theo dõi giấc ngủ và ứng dụng chú tâm. Bạn cũng có thể theo dõi hàng chục bài tập thể chất, bao gồm Thái Cực Quyền và pilates mới.</p><ul><li>Màn hình Retina Luôn Bật với diện tích lớn hơn Series 6 gần 20%, giúp bạn xem và sử dụng mọi thứ dễ dàng hơn</li><li>Mặt trước bằng thủy tinh chống nứt tốt nhất trên Apple Watch, đạt chuẩn chống bụi IP6X và thiết kế chống thấm nước khi bơi lội</li><li>Đo mức ôxi trong máu bằng cảm biến và ứng dụng mạnh mẽ</li><li>Đo điện tâm đồ (ECG) mọi lúc, mọi nơi</li><li>Nhận thông báo nhịp tim nhanh hay chậm và thông báo nhịp tim không đều</li><li>Tập trung tâm trí vào hiện tại với ứng dụng Chú Tâm mới và đạt mục tiêu ngủ đủ giấc với ứng dụng Giấc Ngủ</li><li>Theo dõi các bài tập Thái Cực Quyền và pilates mới, cùng các bài tập yêu thích như chạy bộ, yoga, bơi lội và khiêu vũ</li><li>Theo dõi hoạt động hàng ngày trên Apple Watch và xem xu hướng của bạn trong ứng dụng Thể Dục trên iPhone</li><li>Đồng bộ nhạc và podcast yêu thích của bạn</li><li>Pin dùng cả ngày và sạc nhanh hơn</li><li>watchOS 8 ra mắt các kiểu tập luyện mới, ứng dụng Chú Tâm, mặt đồng hồ Chân Dung mới và các cải tiến đối với ứng dụng Tin Nhắn</li></ul><p><i><strong>Các thông tin Apple đảm bảo ( Pháp lý)</strong></i></p><p><i>Apple Watch Series 7 tương thích với iPhone 6s hoặc các phiên bản cao hơn sử dụng iOS 15 hoặc các bản cập nhật cao hơn.&nbsp;Số đo từ ứng dụng Ôxi Trong Máu không được dùng cho mục đích y tế, kể cả tự chẩn đoán hoặc xin ý kiến bác sĩ và chỉ được thiết kế cho hoạt động luyện tập thông thường và mục đích chăm sóc sức khỏe.&nbsp;Ứng dụng ECG chỉ khả dụng trên Apple Watch Series 4 và các phiên bản cao hơn (không bao gồm Apple Watch SE) sử dụng iOS và watchOS phiên bản mới nhất. Truy cập </i><a href=\"http://www.apple.com/watch\"><i>apple.com/watch</i></a><i> để biết thông tin về khả năng tương thích. Không được sử dụng ECG cho người dưới 22 tuổi. Với ứng dụng ECG, Apple Watch có khả năng tạo ra kết quả ECG tương tự như điện tâm đồ một đạo trình.&nbsp;Tính năng thông báo nhịp tim không đều chỉ khả dụng trên watchOS cũng như iOS phiên bản mới nhất. Tính năng này không dành cho người dưới 22 tuổi và không được thiết kế dành cho người từng có kết quả chẩn đoán bị rung nhĩ (Afib).</i></p><p><strong>Apple Watch Series 7&nbsp;</strong>(GPS + Cellular)&nbsp;<strong>&nbsp;</strong>Với dữ liệu di động, Apple Watch Series 7 giúp bạn luôn kết nối với những người và những điều bạn quan tâm, ngay cả khi bạn không có điện thoại bên mình.&nbsp;Nhận cuộc gọi và trả lời tin nhắn. Nghe nhạc và podcast yêu thích trực tuyến. Nhận được sự trợ giúp nhanh chóng từ SOS Khẩn Cấp&nbsp;và gọi khẩn cấp quốc tế.</p><ul><li>Màn hình Retina Luôn Bật với diện tích lớn hơn Series 6 gần 20%, giúp bạn xem và sử dụng mọi thứ dễ dàng hơn</li><li>Mặt trước bằng thủy tinh chống nứt tốt nhất trên Apple Watch, đạt chuẩn chống bụi IP6X và thiết kế chống thấm nước khi bơi lội</li><li>Đo mức ôxi trong máu bằng cảm biến và ứng dụng mạnh mẽ</li><li>Đo điện tâm đồ (ECG) mọi lúc, mọi nơi</li><li>Nhận thông báo nhịp tim nhanh hay chậm và thông báo nhịp tim không đều</li><li>Tập trung tâm trí vào hiện tại với ứng dụng Chú Tâm mới và đạt mục tiêu ngủ đủ giấc với ứng dụng Giấc Ngủ</li><li>Theo dõi các bài tập Thái Cực Quyền và pilates mới, cùng các bài tập yêu thích như chạy bộ, yoga, bơi lội và khiêu vũ</li><li>Theo dõi hoạt động hàng ngày trên Apple Watch và xem xu hướng của bạn trong ứng dụng Thể Dục trên iPhone</li><li>Đồng bộ nhạc và podcast yêu thích của bạn</li><li>Pin dùng cả ngày và sạc nhanh hơn</li><li>watchOS 8 ra mắt các kiểu tập luyện mới, ứng dụng Chú Tâm, mặt đồng hồ Chân Dung mới và các cải tiến đối với ứng dụng Tin Nhắn</li><li>Luôn kết nối với gia đình và bạn bè bằng cuộc gọi, tin nhắn và email, ngay cả khi bạn không có điện thoại bên mình</li><li>Nghe nhạc và podcast trực tuyến khi đang di chuyển, và cứ để điện thoại ở nhà</li></ul><p><i><strong>Các thông tin Apple đảm bảo ( Pháp lý)</strong></i></p><p><i>Apple Watch Series 7 tương thích với iPhone 6s hoặc các phiên bản cao hơn sử dụng iOS 15 hoặc các bản cập nhật cao hơn.&nbsp;Cần có gói cước không dây cho dịch vụ dữ liệu di động. Vui lòng liên hệ với nhà cung cấp dịch vụ của bạn để biết thêm chi tiết. Khả năng kết nối có thể thay đổi tùy thuộc vào tình trạng sẵn có của mạng. Không hỗ trợ tính năng chuyển vùng quốc tế. Truy cập </i><a href=\"https://www.apple.com/watch/cellular\"><i>apple.com/watch/cellular</i></a><i> để biết danh sách các nhà cung cấp dịch vụ mạng không dây hợp tác và tính phù hợp. Truy cập </i><a href=\"http://support.apple.com/en-us/HT207578/\"><i>support.apple.com/en-us/HT207578</i></a><i> để xem thêm hướng dẫn về cách thiết lập.&nbsp;Apple Watch Series 7 (GPS + Cellular) và Apple Watch SE (GPS + Cellular) có thể sử dụng kết nối mạng di động cho SOS Khẩn Cấp. Để sử dụng SOS khẩn cấp trên Apple Watch mà không cần kết nối mạng di động, iPhone phải ở gần bạn. Nếu iPhone không ở gần bạn, Apple Watch cần được kết nối với mạng Wi-Fi đã xác định và bạn phải thiết lập Cuộc Gọi Wi-Fi.&nbsp;Tính năng gọi khẩn cấp quốc tế yêu cầu phiên bản Apple Watch Series 7 (GPS + Cellular) hoặc Apple Watch SE (GPS + Cellular). Để biết danh sách các quốc gia hoặc khu vực được hỗ trợ, vui lòng truy cập </i><a href=\"http://apple.com/watchos/feature-availability\"><i>apple.com/watchos/feature-availability</i></a><i>.</i></p><p><br>&nbsp;</p>', '\"\"', 'Bảo hành chính hãng 1 năm', '2022-12-06 15:26:31', '2022-12-06 15:26:32', 4),
(37, 'Apple Watch SE 2022 Nhôm GPS + Cellular', '<figure class=\"table\"><table><tbody><tr><th><strong>Chọn màu:</strong></th><td><a href=\"https://shopdunk.com/color/mid-night\">Midnight</a>, <a href=\"https://shopdunk.com/color/star-light\">Starlight</a>, <a href=\"https://shopdunk.com/color/silver\">Silver</a></td></tr><tr><th><strong>Kích thước màn hình</strong></th><td><a href=\"https://shopdunk.com/kich-thuoc-man-hinh/40mm\">40mm</a></td></tr><tr><th><strong>Màn hình</strong></th><td>Công nghệ màn hình:<br>OLED<br>Kích thước màn hình:<br>1.57 inch<br>Độ phân giải:<br>324 x 394 pixels</td></tr><tr><th><strong>Thiết kế</strong></th><td>Chất liệu mặt:<br>Ion-X strengthened glass<br>Chất liệu khung viền:<br>Nhôm<br>Chất liệu dây:<br>Silicone<br>Độ rộng dây:<br>2.2 cm<br>Độ dài dây:<br>13 – 20 cm<br>Khả năng thay dây:<br>Có<br>Kích thước, khối lượng:<br>Dài 40 mm – Ngang 34 mm – Dày 10.7 mm – Nặng 30.49g</td></tr><tr><th><strong>Tiện ích</strong></th><td>Sim &amp; nghe gọi:<br>Qua eSIM (nghe gọi độc lập không cần điện thoại)<br>Tiện ích đặc biệt:<br>Nghe nhạc<br>Phát hiện té ngã<br>Kết nối bluetooth với tai nghe<br>Chống nước / Kháng nước:<br>Chống nước 5 ATM – ISO 22810:2010 (Tắm, bơi vùng nước nông)<br>Theo dõi sức khoẻ:<br>– Chế độ luyện tập<br>– Theo dõi giấc ngủ<br>– Tính lượng calories tiêu thụ<br>– Tính quãng đường chạy<br>– Đo nhịp tim<br>– Đếm số bước chân<br>Tiện ích khác:<br>– Có chống nước<br>– Nghe gọi trên đồng hồ<br>– Báo thức<br>– Dự báo thời tiết<br>– La bàn<br>– Rung thông báo<br>– Thay mặt đồng hồ<br>– Từ chối cuộc gọi<br>– Điều khiển chơi nhạc<br>– Điều khiển chụp ảnh<br>– Đồng hồ bấm giờ<br>Hiển thị thông báo:<br>– Cuộc gọi<br>– Line<br>– Messenger (Facebook)<br>– Nội dung tin nhắn<br>– Tin nhắn<br>– Viber<br>– Zalo</td></tr><tr><th><strong>Pin</strong></th><td>Thời gian sử dụng pin:<br>Khoảng 1.5 ngày<br>Thời gian sạc:<br>Khoảng 2 giờ<br>Cổng sạc:<br>Đế sạc nam châm</td></tr><tr><th><strong>Cấu hình &amp; Kết nối</strong></th><td>CPU:<br>Apple S5 64 bit<br>Bộ nhớ trong:<br>32 GB<br>Hệ điều hành:<br>WatchOS phiên bản mới nhất<br>Kết nối được với hệ điều hành:<br>iPhone 6s trở lên với iOS phiên bản mới nhất<br>Ứng dụng quản lý:<br>Watch<br>Kết nối:<br>– Bluetooth v5.0<br>– GPS<br>– Wifi<br>Cảm biến:<br>– Cảm biến ánh sáng môi trường<br>– Cảm biến nhịp tim điện tử<br>– Cảm biến nhịp tim quang học thế hệ 2<br>– Cao áp kế<br>– Gia tốc kế<br>– GNSS<br>– GPS<br>– La bàn</td></tr></tbody></table></figure><p><br>&nbsp;</p>', '\"\"', 'Bảo hành chính hãng 1 năm', '2022-12-06 15:44:51', '2022-12-06 15:44:53', 4),
(38, ' iPad Air 4 10.9 inch Wi-Fi + Cellular', '<p><strong>iPad Air 2020&nbsp;</strong>Màn hình Liquid Retina 10.9 inch tuyệt đẹp và công nghệ True Tone cho bạn những trải nghiệm thị giác thật dễ chịu. Chip A14 Bionic mới cùng công nghệ Neural Engine là nền tảng sức mạnh giúp bạn biên tập video 4K, soạn nhạc và giải trí cùng các trò chơi đẳng cấp, mọi tác vụ đều trở nên vô cùng đơn giản. Touch ID nhanh nhạy và dễ sử dụng với tính năng bảo mật cao, hệ thống camera hiện đại, USB-C, hỗ trợ đa dạng phụ kiện kể cả Magic Keyboard và Apple Pencil (thế hệ thứ 2).</p><p>• Màn hình Liquid Retina 10.9 inch sắc nét với True Tone và dải màu rộng P3<br>• Chip A14 Bionic với Neural Engine<br>• Xác thực bảo mật với Touch ID<br>• Camera sau 12MP, camera trước FaceTime HD 7MP<br>• Hiện có các màu Bạc, Xám Bạc, Hồng Kim, Xanh Lá và Xanh Da Trời<br>• Âm thanh stereo rộng<br>• Wi-Fi 6 (802.11ax) và dữ liệu di động LTE Gigabit<br>• Thời lượng pin lên đến 10 giờ<br>• Cổng kết nối USB-C để sạc và kết nối phụ kiện<br>• Hỗ trợ Magic Keyboard, Smart Keyboard Folio và Apple Pencil (thế hệ thứ 2)<br>• iPadOS 14 mang đến cho bạn các chức năng mới được thiết kế dành riêng cho iPad</p><p><strong>Bộ sản phẩm bao gồm&nbsp;</strong></p><p>&nbsp; Máy tính bảng. Dây sạc. Củ sạc 20W. HDSD bảo hành điện tử 12 tháng</p><p><i><strong>Các thông tin Apple đảm bảo ( Pháp lý )</strong></i></p><p><i>Màn hình có các góc bo tròn. Khi tính theo hình chữ nhật, kích thước màn hình iPad Air (thế hệ thứ 4) là 10.86 inch theo đường chéo. Diện tích hiển thị thực tế nhỏ hơn. Không bán kèm phụ kiện. Khả năng tương thích tùy thuộc thế hệ sản phẩm.Thời lượng pin khác nhau tùy theo cách sử dụng và cấu hình. Truy cập&nbsp;apple.com/batteries&nbsp;để biết thêm thông tin. Cần có gói cước dữ liệu. Mạng LTE Gigabit, 4G LTE Advanced, 4G LTE và gọi Wi-Fi chỉ khả dụng ở một số thị trường và được cung cấp qua một số nhà mạng. Tốc độ phụ thuộc vào thông lượng lý thuyết và có thể thay đổi tùy địa điểm và nhà mạng. Để biết thông tin về hỗ trợ mạng LTE, vui lòng liên hệ nhà mạng và truy cập&nbsp;apple.com/ipad/LTE.</i></p>', '\"\"', 'Bảo hành chính hãng 1 năm', '2022-12-06 15:49:10', '2022-12-06 15:49:12', 1);
INSERT INTO `group_products` (`id`, `name`, `description`, `specific`, `services`, `createdAt`, `updatedAt`, `categoryId`) VALUES
(39, ' Apple Watch SE 2022 Nhôm GPS', '<figure class=\"table\"><table><tbody><tr><th><strong>Chọn màu:</strong></th><td><a href=\"https://shopdunk.com/color/mid-night\">Midnight</a>, <a href=\"https://shopdunk.com/color/star-light\">Starlight</a>, <a href=\"https://shopdunk.com/color/silver\">Silver</a></td></tr><tr><th><strong>Màn hình</strong></th><td>Công nghệ màn hình:<br>OLED<br>Độ phân giải:<br>324 x 394 pixels<br>Kích thước mặt:<br>40 mm</td></tr><tr><th><strong>Thiết kế</strong></th><td>Chất liệu mặt:<br>Ion-X strengthened glass<br>Chất liệu khung viền:<br>Hợp kim nhôm<br>Chất liệu dây:<br>Silicone<br>Kích thước, khối lượng:<br>Dài 40 mm – Ngang 34 mm – Dày 10.7 mm – Nặng 27.8 g</td></tr><tr><th><strong>Tiện ích</strong></th><td>Sim &amp; nghe gọi:<br>Qua Bluetooth (phải mang điện thoại)<br>Tiện ích đặc biệt:<br>– GPS<br>– Nghe nhạc<br>– Phát hiện té ngã<br>– Kết nối bluetooth với tai nghe<br>Chống nước / Kháng nước:<br>Chống nước 5 ATM – ISO 22810:2010 (Tắm, bơi vùng nước nông)<br>Theo dõi sức khoẻ:<br>– Nhắc nhở nhịp tim cao, thấp<br>– Chế độ luyện tập<br>– Theo dõi giấc ngủ<br>– Theo dõi mức độ stress<br>– Tính lượng calories tiêu thụ<br>– Tính quãng đường chạy<br>– Đo nhịp tim<br>– Đếm số bước chân<br>– Gửi thông báo khi có tai nạn<br>– Cảm biến nhiệt độ<br>– Theo dõi chu kì kinh nguyệt<br>Tiện ích khác:<br>– Màn hình cảm ứng<br>– Nâng cổ tay sáng màn hình<br>– Báo thức<br>– Cuộc gọi khẩn cấp SOS<br>– Dự báo thời tiết<br>– La bàn<br>– Rung thông báo<br>– Thay mặt đồng hồ<br>– Từ chối cuộc gọi<br>– Điều khiển chơi nhạc<br>– Điều khiển chụp ảnh<br>– Đồng hồ bấm giờ<br>– Màn hình luôn hiển thị<br>– Chuyển vùng quốc tế<br>Hiển thị thông báo:<br>– Cuộc gọi<br>– Line<br>– Messenger (Facebook)<br>– Tin nhắn<br>– Viber<br>– Zalo</td></tr><tr><th><strong>Pin</strong></th><td>Thời gian sử dụng pin:<br>Khoảng 18 giờ<br>Cổng sạc:<br>Đế sạc nam châm</td></tr><tr><th><strong>Cấu hình và Kết nối</strong></th><td>CPU:<br>Apple S8<br>Bộ nhớ trong:<br>32 GB<br>Hệ điều hành:<br>WatchOS phiên bản mới nhất<br>Kết nối được với hệ điều hành:<br>iPhone 8 trở lên với iOS phiên bản mới nhất<br>Ứng dụng quản lý:<br>Watch<br>Kết nối:<br>– Bluetooth v5.0<br>– GPS<br>– Wifi<br>Cảm biến:<br>– Cảm biến ánh sáng môi trường<br>– Cảm biến nhịp tim quang học thế hệ 2<br>– Cao áp kế<br>– Con quay hồi chuyển<br>– Gia tốc kế<br>– Galileo<br>– GLONASS<br>– GPS<br>– La bàn</td></tr><tr><th><strong>Thông tin khác</strong></th><td>Thời gian ra mắt:<br>09/2022</td></tr><tr><th><strong>Kích thước màn hình</strong></th><td><a href=\"https://shopdunk.com/kich-thuoc-man-hinh/40mm\">40mm</a>, 44 mm</td></tr></tbody></table></figure><p><br>&nbsp;</p>', '\"\"', 'Bảo hành chính hãng 1 năm', '2022-12-06 15:49:26', '2022-12-06 15:49:27', 4),
(40, ' Apple Watch SE GPS', '<p><strong>Apple Watch SE (GPS + Cellular)&nbsp;</strong> là sự kết hợp của màn hình Apple Watch lớn nhất và những tính năng thiết yếu nhất trên Apple Watch.</p><p>• Phiên bản GPS + Cellular cho phép bạn gọi điện, gửi tin nhắn và xem chỉ dẫn đường đi ngay cả khi không mang theo điện thoại<br>• Màn hình Retina OLED lớn<br>• Bộ xử lý nhanh hơn tới gấp 2 lần so với Series 3<br>• Theo dõi hoạt động hàng ngày của bạn trên Apple Watch và xem xu hướng của bạn trong ứng dụng Thể Dục trên iPhone<br>• Đo lường các hoạt động thể dục của bạn như chạy, đi bộ, đạp xe, tập yoga, bơi lội và khiêu vũ<br>• Thiết kế chống thấm nước khi bơi lội<br>• Theo dõi nhịp tim bất cứ lúc nào với ứng dụng Nhịp Tim<br>• Nhận thông báo về nhịp tim nhanh và chậm<br>• Đồng bộ và phát trực tiếp nhạc cũng như podcast<br>• La bàn được tích hợp sẵn cùng các số đo độ cao theo thời gian thực<br>• Có thể phát hiện nếu bạn bị té ngã mạnh, rồi tự động gọi dịch vụ cứu hộ khẩn cấp giúp bạn<br>• SOS Khẩn Cấp giúp bạn nhận được sự trợ giúp ngay từ cổ tay<br>• Gọi khẩn cấp quốc tế từ đồng hồ của bạn<br>• watchOS 7 sở hữu tính năng theo dõi giấc ngủ, chỉ đường khi đi xe đạp và mặt đồng hồ có thể tùy chỉnh mới<br>• Vỏ nhôm tái chế 100 phần trăm và hiện có ba màu</p><p><strong>&nbsp;Bộ sản phẩm bao gồm &nbsp;</strong></p><p>&nbsp;Đồng hồ. Dây đeo. Dây sạc. HDSD bảo hành điện tử 12 tháng</p><p><i><strong>Các thông tin Apple đảm bảo ( Pháp lý )</strong></i></p><p>&nbsp;<i>Apple Watch SE tương thích với iPhone 6s hoặc các phiên bản cao hơn sử dụng iOS 14 hoặc các bản cập nhật cao hơn.</i></p><p><i>Cần có gói cước không dây cho dịch vụ dữ liệu di động. Vui lòng liên hệ với nhà cung cấp dịch vụ của bạn để biết thêm chi tiết. Không hỗ trợ tính năng chuyển vùng quốc tế. Truy cập apple.com/watch/cellular để biết danh sách các nhà cung cấp dịch vụ mạng không dây hợp tác và tính phù hợp. Truy cập support.apple.com/en-us/HT207578 để xem thêm hướng dẫn về cách thiết lập. Tiêu chuẩn ISO 22810:2010. Phù hợp cho các hoạt động dưới nước nông như bơi lội. Khuyến nghị không sử dụng sản phẩm dưới độ sâu cho phép và khi tham gia các hoạt động có tốc độ cao dưới nước. 3.Tính năng nghe nhạc trực tuyến yêu cầu sử dụng Apple Watch (GPS + Cellular) Series 3 trở lên. Apple Watch Series 6 (GPS + Cellular) và Apple Watch SE (GPS + Cellular) có thể sử dụng kết nối mạng di động cho SOS Khẩn Cấp. Để sử dụng SOS Khẩn Cấp trên Apple Watch mà không cần kết nối di động, iPhone phải ở gần bạn. Nếu iPhone không ở gần bạn, Apple Watch cần được kết nối với mạng Wi-Fi đã xác định và bạn phải thiết lập Cuộc Gọi Wi-Fi. Tính năng gọi khẩn cấp quốc tế yêu cầu phiên bản Apple Watch Series 6 (GPS + Cellular) hoặc Apple Watch SE (GPS + Cellular). Để biết danh sách các quốc gia hoặc khu vực được hỗ trợ, vui lòng truy cập apple.com/watchos/feature-availability.</i></p><p><br>&nbsp;</p><p>&nbsp;</p><p>&nbsp;</p><p><strong>Apple Watch SE (GPS)</strong>&nbsp;là sự kết hợp của màn hình Apple Watch lớn nhất và những tính năng thiết yếu nhất trên Apple Watch.&nbsp;Apple Watch SE cho phép bạn chạy các vòng tròn mục tiêu thể dục với hàng tá bài tập phổ biến để bạn lựa chọn. Bạn chỉ cần nhìn lướt qua cũng có thể theo dõi được hoạt động và mọi chỉ số.</p><p>• Phiên bản GPS cho phép bạn nhận cuộc gọi và trả lời tin nhắn ngay từ cổ tay<br>• Màn hình Retina OLED lớn<br>• Bộ xử lý nhanh hơn tới gấp 2 lần so với Series 3<br>• Theo dõi hoạt động hàng ngày của bạn trên Apple Watch và xem xu hướng của bạn trong ứng dụng Thể<br>Dục trên iPhone<br>• Đo lường các hoạt động thể dục của bạn như chạy, đi bộ, đạp xe, tập yoga, bơi lội và khiêu vũ<br>• Thiết kế chống thấm nước khi bơi lội<br>• Theo dõi nhịp tim bất cứ lúc nào với ứng dụng Nhịp Tim<br>• Nhận thông báo về nhịp tim nhanh và chậm<br>• Đồng bộ nhạc và podcast yêu thích<br>• La bàn được tích hợp sẵn cùng các số đo độ cao theo thời gian thực<br>• Có thể phát hiện nếu bạn bị té ngã mạnh, rồi tự động gọi dịch vụ cứu hộ khẩn cấp giúp bạn<br>• SOS Khẩn Cấp giúp bạn nhận được sự trợ giúp ngay từ cổ tay<br>• watchOS 7 sở hữu tính năng theo dõi giấc ngủ, chỉ đường khi đi xe đạp và mặt đồng hồ có thể tùy chỉnh mới<br>• Vỏ nhôm tái chế 100 phần trăm và hiện có ba màu</p><p><strong>Bộ sản phẩm bao gồm &nbsp;</strong></p><p><strong>&nbsp;</strong>Đồng hồ. Dây đeo. Dây sạc. HDSD bảo hành điện tử 12 tháng</p>', '\"\"', 'Bảo hành chính hãng 1 năm', '2022-12-06 15:53:50', '2022-12-06 15:53:51', 4),
(41, ' Apple Watch SE GPS + Cellular', '<p><strong>Apple Watch SE (GPS + Cellular)&nbsp;</strong> là sự kết hợp của màn hình Apple Watch lớn nhất và những tính năng thiết yếu nhất trên Apple Watch.</p><p>• Phiên bản GPS + Cellular cho phép bạn gọi điện, gửi tin nhắn và xem chỉ dẫn đường đi ngay cả khi không mang theo điện thoại<br>• Màn hình Retina OLED lớn<br>• Bộ xử lý nhanh hơn tới gấp 2 lần so với Series 3<br>• Theo dõi hoạt động hàng ngày của bạn trên Apple Watch và xem xu hướng của bạn trong ứng dụng Thể Dục trên iPhone<br>• Đo lường các hoạt động thể dục của bạn như chạy, đi bộ, đạp xe, tập yoga, bơi lội và khiêu vũ<br>• Thiết kế chống thấm nước khi bơi lội<br>• Theo dõi nhịp tim bất cứ lúc nào với ứng dụng Nhịp Tim<br>• Nhận thông báo về nhịp tim nhanh và chậm<br>• Đồng bộ và phát trực tiếp nhạc cũng như podcast<br>• La bàn được tích hợp sẵn cùng các số đo độ cao theo thời gian thực<br>• Có thể phát hiện nếu bạn bị té ngã mạnh, rồi tự động gọi dịch vụ cứu hộ khẩn cấp giúp bạn<br>• SOS Khẩn Cấp giúp bạn nhận được sự trợ giúp ngay từ cổ tay<br>• Gọi khẩn cấp quốc tế từ đồng hồ của bạn<br>• watchOS 7 sở hữu tính năng theo dõi giấc ngủ, chỉ đường khi đi xe đạp và mặt đồng hồ có thể tùy chỉnh mới<br>• Vỏ nhôm tái chế 100 phần trăm và hiện có ba màu</p><p><strong>&nbsp;Bộ sản phẩm bao gồm &nbsp;</strong></p><p>&nbsp;Đồng hồ. Dây đeo. Dây sạc. HDSD bảo hành điện tử 12 tháng</p><p><i><strong>Các thông tin Apple đảm bảo ( Pháp lý )</strong></i></p><p>&nbsp;<i>Apple Watch SE tương thích với iPhone 6s hoặc các phiên bản cao hơn sử dụng iOS 14 hoặc các bản cập nhật cao hơn.</i></p><p><i>Cần có gói cước không dây cho dịch vụ dữ liệu di động. Vui lòng liên hệ với nhà cung cấp dịch vụ của bạn để biết thêm chi tiết. Không hỗ trợ tính năng chuyển vùng quốc tế. Truy cập apple.com/watch/cellular để biết danh sách các nhà cung cấp dịch vụ mạng không dây hợp tác và tính phù hợp. Truy cập support.apple.com/en-us/HT207578 để xem thêm hướng dẫn về cách thiết lập. Tiêu chuẩn ISO 22810:2010. Phù hợp cho các hoạt động dưới nước nông như bơi lội. Khuyến nghị không sử dụng sản phẩm dưới độ sâu cho phép và khi tham gia các hoạt động có tốc độ cao dưới nước. 3.Tính năng nghe nhạc trực tuyến yêu cầu sử dụng Apple Watch (GPS + Cellular) Series 3 trở lên. Apple Watch Series 6 (GPS + Cellular) và Apple Watch SE (GPS + Cellular) có thể sử dụng kết nối mạng di động cho SOS Khẩn Cấp. Để sử dụng SOS Khẩn Cấp trên Apple Watch mà không cần kết nối di động, iPhone phải ở gần bạn. Nếu iPhone không ở gần bạn, Apple Watch cần được kết nối với mạng Wi-Fi đã xác định và bạn phải thiết lập Cuộc Gọi Wi-Fi. Tính năng gọi khẩn cấp quốc tế yêu cầu phiên bản Apple Watch Series 6 (GPS + Cellular) hoặc Apple Watch SE (GPS + Cellular). Để biết danh sách các quốc gia hoặc khu vực được hỗ trợ, vui lòng truy cập apple.com/watchos/feature-availability.</i></p><p><br>&nbsp;</p><p>&nbsp;</p><p>&nbsp;</p><p><strong>Apple Watch SE (GPS)</strong>&nbsp;là sự kết hợp của màn hình Apple Watch lớn nhất và những tính năng thiết yếu nhất trên Apple Watch.&nbsp;Apple Watch SE cho phép bạn chạy các vòng tròn mục tiêu thể dục với hàng tá bài tập phổ biến để bạn lựa chọn. Bạn chỉ cần nhìn lướt qua cũng có thể theo dõi được hoạt động và mọi chỉ số.</p><p>• Phiên bản GPS cho phép bạn nhận cuộc gọi và trả lời tin nhắn ngay từ cổ tay<br>• Màn hình Retina OLED lớn<br>• Bộ xử lý nhanh hơn tới gấp 2 lần so với Series 3<br>• Theo dõi hoạt động hàng ngày của bạn trên Apple Watch và xem xu hướng của bạn trong ứng dụng Thể<br>Dục trên iPhone<br>• Đo lường các hoạt động thể dục của bạn như chạy, đi bộ, đạp xe, tập yoga, bơi lội và khiêu vũ<br>• Thiết kế chống thấm nước khi bơi lội<br>• Theo dõi nhịp tim bất cứ lúc nào với ứng dụng Nhịp Tim<br>• Nhận thông báo về nhịp tim nhanh và chậm<br>• Đồng bộ nhạc và podcast yêu thích<br>• La bàn được tích hợp sẵn cùng các số đo độ cao theo thời gian thực<br>• Có thể phát hiện nếu bạn bị té ngã mạnh, rồi tự động gọi dịch vụ cứu hộ khẩn cấp giúp bạn<br>• SOS Khẩn Cấp giúp bạn nhận được sự trợ giúp ngay từ cổ tay<br>• watchOS 7 sở hữu tính năng theo dõi giấc ngủ, chỉ đường khi đi xe đạp và mặt đồng hồ có thể tùy chỉnh mới<br>• Vỏ nhôm tái chế 100 phần trăm và hiện có ba màu</p><p><strong>Bộ sản phẩm bao gồm &nbsp;</strong></p><p><strong>&nbsp;</strong>Đồng hồ. Dây đeo. Dây sạc. HDSD bảo hành điện tử 12 tháng</p>', '\"\"', 'Bảo hành chính hãng 1 năm', '2022-12-06 15:57:23', '2022-12-06 15:57:24', 4),
(42, ' iPad Air 5 Wi-Fi ', '<p><strong>iPad Air 5 (2022) </strong>iPad Air. Với màn hình Liquid Retina 10.9 inch sống động. Chip Apple M1 đột phá cho hiệu năng nhanh hơn, giúp iPad Air trở nên siêu mạnh mẽ để sáng tạo và chơi game di động. Sở hữu Touch ID, camera tiên tiến, 5G và Wi-Fi 6 nhanh như chớp, cổng USB-C, cùng khả năng hỗ trợ Magic Keyboard và Apple Pencil (thế hệ thứ 2).</p><ul><li>Màn hình Liquid Retina 10.9 inch với True Tone, dải màu rộng P3 và lớp phủ chống phản chiếu</li><li>Chip Apple M1 với Neural Engine</li><li>Camera Wide 12MP</li><li>Camera trước Ultra Wide 12MP với tính năng Trung Tâm Màn Hình</li><li>Ổ lưu trữ lên đến 256GB</li><li>Hiện có màu Xanh Dương, Tím, Hồng, Ánh Sao và Xám Bạc</li><li>Loa stereo ở cạnh trên và cạnh dưới</li><li>Xác thực bảo mật với Touch ID</li><li>Pin dùng cả ngày</li><li>Wi-Fi 6 và mạng 5G</li><li>Cổng kết nối USB-C để sạc và kết nối phụ kiện</li><li>Tương thích với Magic Keyboard, Smart Keyboard Folio và Apple Pencil (thế hệ thứ 2)</li><li>iPadOS 15 sở hữu sức mạnh độc đáo, dễ sử dụng và được thiết kế cho tính đa năng của iPad</li></ul><p><i><strong>Các thông tin Apple đảm bảo ( Pháp lý)</strong></i><strong>&nbsp;</strong></p><p><strong>&nbsp;</strong><i>Ứng dụng có sẵn trên App Store. Nội dung được cung cấp có thể thay đổi.</i><br><i>Màn hình có các góc bo tròn. Khi tính theo đường chéo hình chữ nhật, kích thước màn hình iPad Air là 10.86 inch. Diện tích hiển thị thực tế nhỏ hơn.&nbsp;Cần có gói cước dữ liệu. Mạng 5G chỉ khả dụng ở một số thị trường và được cung cấp qua một số nhà mạng. Tốc độ có thể thay đổi tùy địa điểm và nhà mạng. Để biết thông tin về hỗ trợ mạng 5G, vui lòng liên hệ nhà mạng và truy cập </i><a href=\"http://apple.com/ipad/cellular\"><i>apple.com/ipad/cellular.</i></a><i>&nbsp;Phụ kiện được bán riêng. Khả năng tương thích tùy thuộc thế hệ sản phẩm.&nbsp;Thời lượng pin khác nhau tùy theo cách sử dụng và cấu hình. Truy cập </i><a href=\"http://www.apple.com/batteries\"><i>apple.com/batteries</i></a><i> để biết thêm thông tin.</i></p>', '\"\"', 'Bảo hành chính hãng 1 năm', '2022-12-06 15:59:18', '2022-12-06 15:59:20', 1),
(43, ' Apple Watch Series 6 Thép GPS + Cellular', '<p><strong>Apple Watch Series 6 Thép (GPS + Cellular)&nbsp;</strong> luôn sẵn sàng cho các bài tập thể chất yêu thích của bạn với các tính năng tiên tiến để giúp bạn trở nên tốt nhất.&nbsp;Với Apple Watch Series 6, một cảm biến và ứng dụng mới để đo nồng độ ôxi trong máu, thông báo nhịp tim và các tính năng tiên tiến khác về sức khỏe luôn trong tầm tay bạn.</p><ul><li>&nbsp;<ul><li>Phiên bản GPS + Cellular cho phép bạn gọi điện, gửi tin nhắn và xem chỉ dẫn đường đi ngay cả khi không mang theo điện thoại</li><li>&nbsp;Đo nồng độ ôxi trong máu của bạn bằng một cảm biến và ứng dụng hoàn toàn mới</li><li>Theo dõi nhịp tim bất cứ lúc nào với ứng dụng Nhịp Tim</li><li>Nhận thông báo về nhịp tim nhanh và chậm</li><li>Màn hình Retina Luôn Bật sáng hơn 2,5 lần lúc ở ngoài trời khi bạn hạ cổ tay xuống</li><li>S6 SiP nhanh hơn tới 20 phần trăm so với Series 5</li><li>5GHz Wi-Fi và chip U1 Ultra-Wideband</li><li>&nbsp;Theo dõi hoạt động hàng ngày của bạn trên Apple Watch và xem xu hướng của bạn trong ứng dụng Thể Dục trên iPhone</li><li>Đo lường các hoạt động thể dục của bạn như chạy, đi bộ, đạp xe, tập yoga, bơi lội và khiêu vũ</li><li>Thiết kế chống thấm nước khi bơi lội</li><li>Đồng bộ và phát trực tiếp nhạc cũng như podcast</li><li>La bàn được tích hợp sẵn cùng các số đo độ cao theo thời gian thực</li><li>Có thể phát hiện nếu bạn bị té ngã mạnh, rồi tự động gọi dịch vụ cứu hộ khẩn cấp giúp bạn</li><li>SOS Khẩn Cấp giúp bạn nhận được sự trợ giúp ngay từ cổ tay</li><li>Gọi khẩn cấp quốc tế từ đồng hồ của bạn</li><li>watchOS 7 sở hữu tính năng theo dõi giấc ngủ, chỉ đường khi đi xe đạp và mặt đồng hồ có thể tùy chỉnh mới</li><li>Vỏ nhôm hoặc thép không gỉ với nhiều màu mới</li></ul></li></ul><p><strong>Bộ sản phẩm bao gồm&nbsp;</strong></p><p>&nbsp; Đồng hồ.&nbsp;Dây đeo. Dây sạc.&nbsp;HDSD bảo hành điện tử 12 tháng</p>', '\"\"', 'Bảo hành chính hãng 1 năm', '2022-12-06 16:02:34', '2022-12-06 16:02:36', 4),
(44, ' Apple Watch Series 3 Nhôm', '<p><strong>Apple Watch Series 3 (GPS)</strong> Theo dõi tình trạng sức khỏe. Theo dõi các bài tập luyện và mọi hoạt động trong ngày của bạn. Luôn kết nối với mọi người và cập nhật những thông tin bạn quan tâm. Apple Watch Series 3 giúp bạn làm mọi việc ngay từ cổ tay.</p><p>• Xem nhanh thông tin quan trọng trên màn hình Retina<br>• Theo dõi nhịp tim bất cứ lúc nào với ứng dụng Nhịp Tim<br>• Nhận thông báo về nhịp tim nhanh và chậm<br>• Nhận cuộc gọi và trả lời tin nhắn ngay từ cổ tay<br>• Đồng bộ nhạc và podcast yêu thích<br>• Theo dõi hoạt động hàng ngày của bạn trên Apple Watch và xem xu hướng của bạn trong ứng dụng Thể Dục trên iPhone<br>• Đo lường các hoạt động thể dục của bạn như chạy, đi bộ, đạp xe, tập yoga, bơi lội và khiêu vũ<br>• Thiết kế chống thấm nước khi bơi lội<br>• SOS Khẩn Cấp giúp bạn gọi xin trợ giúp ngay từ cổ tay<br>• S3 có bộ xử lý lõi kép<br>• watchOS 7 sở hữu tính năng theo dõi giấc ngủ, chỉ đường khi đi xe đạp và mặt đồng hồ có thể tùy chỉnh mới<br>• Vỏ nhôm hiện có hai màu<strong>&nbsp;</strong></p><p><strong>Bộ sản phẩm bao gồm &nbsp;&nbsp;</strong></p><p>&nbsp;Đồng hồ. Dây đeo. Dây sạc. HDSD bảo hành điện tử 12 tháng</p><p><i><strong>Các thông tin Apple đảm bảo ( Pháp lý )</strong></i></p><p><i>Apple Watch Series 3 tương thích với iPhone 6s hoặc các phiên bản cao hơn sử dụng iOS 14 hoặc các bản cập nhật cao hơn.</i></p><p><i>&nbsp;Tiêu chuẩn ISO 22810:2010. Phù hợp cho các hoạt động dưới nước nông như bơi lội. Khuyến nghị không sử dụng sản phẩm dưới độ sâu cho phép và khi tham gia các hoạt động có tốc độ cao dưới nước.&nbsp;Để sử dụng SOS khẩn cấp, iPhone phải ở gần bạn. Nếu iPhone không ở gần bạn, Apple Watch cần được kết nối với mạng Wi-Fi đã xác định và bạn phải thiết lập Cuộc Gọi Wi-Fi.</i></p>', '\"\"', 'Bảo hành chính hãng 1 năm', '2022-12-06 16:06:27', '2022-12-06 16:06:30', 4),
(45, 'iPhone SE (2022)', '<p><strong>iPhone SE 2022 </strong>Chip A15 Bionic thần tốc và kết nối 5G siêu nhanh. Thời lượng pin khủng và camera hạng siêu sao. Cùng mặt kính bền nhất từng có trên điện thoại thông minh và nút Home với Touch ID bảo mật.</p><ul><li>Mạng di động 5G</li><li>Màn hình Retina HD 4.7 inch</li><li>Hệ thống camera đơn nâng cao với camera Wide 12MP; HDR thông minh thế hệ 4, Phong Cách Nhiếp Ảnh, chế độ Chân Dung và quay video 4K tốc độ tối đa 60 fps</li><li>Camera FaceTime HD 7MP với HDR thông minh thế hệ 4, Phong Cách Nhiếp Ảnh, chế độ Chân Dung và khả năng quay video 1080p</li><li>Chip A15 Bionic cho hiệu năng thần tốc</li><li>Thời gian xem video lên đến 15 giờ</li><li>Thiết kế bền bỉ và khả năng chống nước đạt chuẩn IP67</li><li>Nút Home với Touch ID để xác thực bảo mật</li><li>iOS 15 tích hợp nhiều tính năng mới cho phép bạn làm được nhiều việc hơn bao giờ hết với <a href=\"https://shopdunk.com/iphone\">iPhone</a></li></ul><p><i><strong>Các thông tin Apple đảm bảo ( Pháp lý)</strong></i></p><p><i>Cần có gói cước dữ liệu. Mạng 5G chỉ khả dụng ở một số thị trường và được cung cấp qua một số nhà mạng. Tốc độ có thể thay đổi tùy địa điểm và nhà mạng. </i><a href=\"http://apple.com/iphone/cellular\"><i>Để biết thông tin về hỗ trợ mạng 5G, vui lòng liên hệ nhà mạng và truy cập apple.com/iphone/cellular</i></a><i>.</i></p><p><i>Kích thước màn hình tính theo đường chéo.</i></p><p><i>Thời lượng pin khác nhau tùy theo cách sử dụng và cấu hình. Truy cập </i><a href=\"http://apple.com/batteries\"><i>apple.com/batteries</i></a><i> để biết thêm thông tin.</i></p><p><i>iPhone SE 2022 (thế hệ thứ 3) đạt chuẩn IP67 theo tiêu chuẩn IEC 60529 (chống nước ở độ sâu tối đa 1 mét trong vòng tối đa 30 phút). Khả năng chống tia nước, chống nước và chống bụi không phải là các điều kiện vĩnh viễn, và khả năng này có thể giảm do hao mòn thông thường.</i></p><p><i>Không sạc pin khi iPhone SE 2022 đang bị ướt.</i></p><p><i>Vui lòng tham khảo hướng dẫn sử dụng để biết cách lau sạch và làm khô máy. Không bảo hành sản phẩm bị hỏng do thấm chất lỏng. Một số tính năng không khả dụng tại một số quốc gia hoặc khu vực.</i></p>', '\"\"', 'Bảo hành chính hãng 1 năm', '2022-12-06 16:10:38', '2022-12-06 16:10:40', 5),
(46, 'iPhone 11', '<p><strong>iPhone 11&nbsp;</strong>Hệ thống camera kép với Ultra Wide. Chế độ Ban Đêm và chất lượng video tuyệt vời.&nbsp; Chống nước và chống&nbsp;bụi. Thời lượng pin lâu.&nbsp;Với 6 màu tuyệt đẹp. Trải nghiệm iPhone 11.</p><ul><li>Màn hình Liquid Retina HD LCD 6.1 inch</li><li>Chống nước và chống bụi (chống nước ở độ sâu 2 mét trong vòng tối đa 30 phút, đạt mức IP68)</li><li>&nbsp;Hệ thống camera kép 12MP với camera Ultra Wide và Wide; chế độ Ban Đêm, chế độ Chân Dung, và khả năng quay video 4K tốc độ tối đa 60 fps</li><li>&nbsp;Camera trước TrueDepth 12MP với chế độ Chân Dung, có khả năng quay video 4K, và quay video chậm</li><li>&nbsp;Xác thực bảo mật với Face ID</li><li>&nbsp;Chip A13 Bionic với Neural Engine thế hệ thứ ba</li><li>&nbsp;Khả năng sạc nhanh</li><li>&nbsp;Sạc không dây</li><li>&nbsp;iOS 14 với các tiện ích được thiết kế lại trên Màn Hình Chính, Thư Viện Ứng Dụng hoàn toàn mới, App Clips cùng nhiều tính năng khác</li></ul><p><strong>Bộ sản phẩm bao gồm:</strong></p><p>Điện thoại. Dây sạc. HDSD bảo hành điện tử 12 tháng</p><p><strong>Các thông tin Apple đảm bảo (Pháp lý)</strong></p><p>iPhone 11 có khả năng chống tia nước, chống nước và chống bụi. Sản phẩm đã qua kiểm nghiệm trong điều kiện phòng thí nghiệm có kiểm soát đạt mức IP68 theo tiêu chuẩn IEC 60529 (chống nước ở độ sâu tối đa 2 mét trong vòng tối đa 30 phút). Khả năng chống tia nước, chống nước và chống bụi không phải là các điều kiện vĩnh viễn, và khả năng này có thể giảm do hao mòn thông thường. Không sạc pin khi iPhone đang bị ướt. Vui lòng tham khảo hướng dẫn sử dụng để biết cách lau sạch và làm khô máy. Không bảo hành sản phẩm bị hỏng do thấm chất lỏng. Thời lượng pin khác nhau tùy theo cách sử dụng và cấu hình. Truy cập apple.com/batteries để biết thêm thông tin. Màn hình có các góc bo tròn. Khi tính theo hình chữ nhật, kích thước màn hình iPhone 11 là 6.06 inch theo&nbsp;đường chéo. Diện tích hiển thị thực tế nhỏ hơn. Không bán kèm bộ sạc không dây Qi.</p>', '\"\"', 'Bảo hành chính hãng 1 năm', '2022-12-06 16:16:29', '2022-12-06 16:16:32', 5),
(47, 'iPhone 12', '<p><strong>iPhone 12 </strong>đẩy nhanh mọi tác vụ với A14 Bionic, chip nhanh nhất trên điện thoại thông minh. Hệ thống camera kép mới. Với màn hình Super Retina XDR tuyệt đẹp, nay bạn có thể chiêm ngưỡng từng chi tiết hình ảnh vô cùng sống động.</p><ul><li>&nbsp;<ul><li>Màn hình Super Retina XDR 6.1 inch</li><li>&nbsp;Ceramic Shield, chất liệu kính bền chắc nhất từng có trên điện thoại thông minh</li><li>&nbsp;A14 Bionic, chip nhanh nhất từng có trên điện thoại thông minh</li><li>&nbsp;Hệ thống camera kép tiên tiến 12MP với các camera Ultra Wide và Wide, chế độ Ban Đêm, Deep Fusion, HDR thông minh thế hệ 3, khả năng quay video HDR Dolby Vision 4K</li><li>&nbsp;Camera trước TrueDepth 12MP với chế độ Ban Đêm và khả năng quay video HDR Dolby Vision 4K</li><li>&nbsp;Khả năng chống nước đạt chuẩn IP68 đứng đầu thị trường</li><li>&nbsp;iOS 14 với các tiện ích được thiết kế lại trên Màn Hình Chính, Thư Viện Ứng Dụng hoàn toàn mới, App Clips cùng nhiều tính năng khác</li></ul></li></ul><p><strong>Bộ sản phẩm bao gồm:</strong></p><p>Điện thoại. Dây sạc. HDSD bảo hành điện tử 12 tháng</p><p><i><strong>Các thông tin Apple đảm bảo ( Pháp lý)</strong></i></p><p><i>&nbsp;Màn hình có các góc bo tròn. Khi tính theo hình chữ nhật, kích thước màn hình là 6.06 inch theo đường chéo.&nbsp;Diện tích hiển thị thực tế nhỏ hơn. Xác nhận dựa vào mặt trước có Ceramic Shield của iPhone 12 so với iPhone thế hệ trước. iPhone 12 có khả năng chống tia nước, chống nước và chống bụi. Sản phẩm đã qua kiểm nghiệm trong điều kiện phòng thí nghiệm có kiểm soát đạt mức IP68 theo tiêu chuẩn IEC 60529 (chống nước ở độ sâu tối đa 6 mét trong vòng tối đa 30 phút). Khả năng chống tia nước, chống nước và chống bụi không phải là các điều kiện vĩnh viễn. Khả năng này có thể giảm do hao mòn thông thường. Không sạc pin khi iPhone đang bị ướt. Vui lòng tham khảo hướng dẫn sử dụng để biết cách lau sạch và làm khô máy. Không bảo hành sản phẩm bị hỏng do thấm chất lỏng.</i></p>', '\"\"', 'Bảo hành chính hãng 1 năm', '2022-12-06 16:20:00', '2022-12-06 16:20:01', 5),
(48, 'iPhone 13', '<p><strong>iPhone 13 </strong>Hệ thống camera kép tiên tiến nhất từng có trên iPhone. Chip A15 Bionic thần tốc. Bước nhảy vọt về thời lượng pin. Thiết kế bền bỉ. Mạng 5G siêu nhanh. Cùng với màn hình Super Retina XDR sáng hơn.&nbsp;</p><p>• Màn hình Super Retina XDR 6.1 inch<br>• Chế độ Điện Ảnh làm tăng thêm độ sâu trường ảnh nông và tự động thay đổi tiêu cự trong video<br>• Hệ thống camera kép tiên tiến với camera Wide và Ultra Wide 12MP; Phong Cách Nhiếp Ảnh, HDR thông minh thế hệ 4, chế độ Ban Đêm, khả năng quay video HDR Dolby Vision 4K<br>• Camera trước TrueDepth 12MP với chế độ Ban Đêm và khả năng quay video HDR Dolby Vision 4K<br>• Chip A15 Bionic cho hiệu năng thần tốc<br>• Thời gian xem video lên đến 19 giờ<br>• Thiết kế bền bỉ với Ceramic Shield<br>• Khả năng chống nước đạt chuẩn IP68 đứng đầu thị trường4<br>• Mạng 5G cho tốc độ tải xuống siêu nhanh, xem video và nghe nhạc trực tuyến chất lượng cao<br>• iOS 15 tích hợp nhiều tính năng mới cho phép bạn làm được nhiều việc hơn bao giờ hết với iPhone</p><p><i><strong>Các thông tin Apple đảm bảo ( Pháp lý)</strong></i></p><p>&nbsp;<i>Cần có gói cước dữ liệu. Mạng 5G chỉ khả dụng ở một số thị trường và được cung cấp qua một số nhà mạng. Tốc độ có thể thay đổi tùy địa điểm và nhà mạng. Để biết thông tin về hỗ trợ mạng 5G, vui lòng liên hệ nhà mạng và truy cập apple.com/iphone/cellular. Màn hình có các góc bo tròn theo đường cong tuyệt đẹp và nằm gọn theo một hình chữ nhật chuẩn. Khi tính theo hình chữ nhật chuẩn, kích thước màn hình là 6.06 inch theo đường chéo. Diện tích hiển thị thực tế nhỏ hơn. Thời lượng pin khác nhau tùy theo cách sử dụng và cấu hình. Truy cập apple.com/batteries để biết thêm thông tin. iPhone 13 có khả năng chống nước, chống tia nước và chống bụi. Sản phẩm đã qua kiểm nghiệm trong điều kiện phòng thí nghiệm có kiểm soát đạt mức IP68 theo tiêu chuẩn IEC 60529. Khả năng chống tia nước, chống nước và chống bụi không phải là các điều kiện vĩnh viễn. Khả năng này có thể giảm do hao mòn thông thường. Không sạc pin khi iPhone đang bị ướt. Vui lòng tham khảo hướng dẫn sử dụng để biết cách lau sạch và làm khô máy. Không bảo hành sản phẩm bị hỏng do thấm chất lỏng. Một số tính năng không khả dụng tại một số quốc gia hoặc khu vực.</i></p>', '\"\"', 'Bảo hành chính hãng 1 năm', '2022-12-06 16:29:38', '2022-12-06 16:29:42', 5),
(49, ' iPad Air 5 Wi-Fi + Cellular', '<p><strong>iPad Air 5 (2022) </strong>iPad Air. Với màn hình Liquid Retina 10.9 inch sống động. Chip Apple M1 đột phá cho hiệu năng nhanh hơn, giúp iPad Air trở nên siêu mạnh mẽ để sáng tạo và chơi game di động. Sở hữu Touch ID, camera tiên tiến, 5G và Wi-Fi 6 nhanh như chớp, cổng USB-C, cùng khả năng hỗ trợ Magic Keyboard và Apple Pencil (thế hệ thứ 2).</p><ul><li>Màn hình Liquid Retina 10.9 inch với True Tone, dải màu rộng P3 và lớp phủ chống phản chiếu</li><li>Chip Apple M1 với Neural Engine</li><li>Camera Wide 12MP</li><li>Camera trước Ultra Wide 12MP với tính năng Trung Tâm Màn Hình</li><li>Ổ lưu trữ lên đến 256GB</li><li>Hiện có màu Xanh Dương, Tím, Hồng, Ánh Sao và Xám Bạc</li><li>Loa stereo ở cạnh trên và cạnh dưới</li><li>Xác thực bảo mật với Touch ID</li><li>Pin dùng cả ngày</li><li>Wi-Fi 6 và mạng 5G</li><li>Cổng kết nối USB-C để sạc và kết nối phụ kiện</li><li>Tương thích với Magic Keyboard, Smart Keyboard Folio và Apple Pencil (thế hệ thứ 2)</li><li>iPadOS 15 sở hữu sức mạnh độc đáo, dễ sử dụng và được thiết kế cho tính đa năng của iPad</li></ul><p><i><strong>Các thông tin Apple đảm bảo ( Pháp lý)</strong></i><strong>&nbsp;</strong></p><p><strong>&nbsp;</strong><i>Ứng dụng có sẵn trên App Store. Nội dung được cung cấp có thể thay đổi.</i><br><i>Màn hình có các góc bo tròn. Khi tính theo đường chéo hình chữ nhật, kích thước màn hình iPad Air là 10.86 inch. Diện tích hiển thị thực tế nhỏ hơn.&nbsp;Cần có gói cước dữ liệu. Mạng 5G chỉ khả dụng ở một số thị trường và được cung cấp qua một số nhà mạng. Tốc độ có thể thay đổi tùy địa điểm và nhà mạng. Để biết thông tin về hỗ trợ mạng 5G, vui lòng liên hệ nhà mạng và truy cập </i><a href=\"http://apple.com/ipad/cellular\"><i>apple.com/ipad/cellular.</i></a><i>&nbsp;Phụ kiện được bán riêng. Khả năng tương thích tùy thuộc thế hệ sản phẩm.&nbsp;Thời lượng pin khác nhau tùy theo cách sử dụng và cấu hình. Truy cập </i><a href=\"http://www.apple.com/batteries\"><i>apple.com/batteries</i></a><i> để biết thêm thông tin.</i></p>', '\"\"', 'Bảo hành chính hãng 1 năm', '2022-12-06 16:33:39', '2022-12-06 16:33:41', 1),
(50, 'iPhone 13 mini', '<p><strong>iPhone 13 mini </strong>Hệ thống camera kép tiên tiến nhất từng có trên <a href=\"https://shopdunk.com/iphone\">iPhone</a>. Chip A15 Bionic thần tốc. Thời lượng pin tăng vọt. Thiết kế bền bỉ. Mạng 5G siêu nhanh. Cùng với màn hình Super Retina XDR sáng hơn.</p><p>• Màn hình Super Retina XDR 5.4 inch<br>• Chế độ Điện Ảnh làm tăng thêm độ sâu trường ảnh nông và tự động thay đổi tiêu cự trong video<br>• Hệ thống camera kép tiên tiến với camera Wide và Ultra Wide 12MP; Phong Cách Nhiếp Ảnh, HDR thông minh thế hệ 4, chế độ Ban Đêm, khả năng quay video HDR Dolby Vision 4K<br>• Camera trước TrueDepth 12MP với chế độ Ban Đêm và khả năng quay video HDR Dolby Vision 4K<br>• Chip A15 Bionic cho hiệu năng thần tốc<br>• Thời gian xem video lên đến 17 giờ<br>• Thiết kế bền bỉ với Ceramic Shield<br>• Khả năng chống nước đạt chuẩn IP68 đứng đầu thị trường<br>• Mạng 5G cho tốc độ tải xuống siêu nhanh, xem video và nghe nhạc trực tuyến chất lượng cao<br>• iOS 15 tích hợp nhiều tính năng mới cho phép bạn làm được nhiều việc hơn bao giờ hết với iPhone</p><p><i><strong>Các thông tin Apple đảm bảo ( Pháp lý)</strong></i></p><p><i>Cần có gói cước dữ liệu. Mạng 5G chỉ khả dụng ở một số thị trường và được cung cấp qua một số nhà mạng. Tốc độ có thể thay đổi tùy địa điểm và nhà mạng. Để biết thông tin về hỗ trợ mạng 5G, vui lòng liên hệ nhà mạng và truy cập apple.com/iphone/cellular. Màn hình có các góc bo tròn theo đường cong tuyệt đẹp và nằm gọn theo một hình chữ nhật chuẩn. Khi tính theo hình chữ nhật chuẩn, kích thước màn hình là 5.42 inch theo đường chéo. Diện tích hiển thị thực tế nhỏ hơn. Thời lượng pin khác nhau tùy theo cách sử dụng và cấu hình. Truy cập apple.com/batteries để biết thêm thông tin. iPhone 13 mini có khả năng chống nước, chống tia nước và chống bụi. Sản phẩm đã qua kiểm nghiệm trong điều kiện phòng thí nghiệm có kiểm soát đạt mức IP68 theo tiêu chuẩn IEC 60529. Khả năng chống tia nước, chống nước và chống bụi không phải là các điều kiện vĩnh viễn. Khả năng này có thể giảm do hao mòn thông thường. Không sạc pin khi iPhone đang bị ướt. Vui lòng tham khảo hướng dẫn sử dụng để biết cách lau sạch và làm khô máy. Không bảo hành sản phẩm bị hỏng do thấm chất lỏng. Một số tính năng không khả dụng tại một số quốc gia hoặc khu vực.</i></p>', '\"\"', 'Bảo hành chính hãng 1 năm', '2022-12-06 16:36:45', '2022-12-06 16:36:47', 5),
(51, 'iPhone 14', '<h2><strong>iPhone 14. Một trời tính năng tuyệt vời.</strong></h2><p>iPhone 14. Với hệ thống camera kép tiên tiến nhất từng có trên iPhone. Chụp những bức ảnh tuyệt đẹp trong điều kiện từ thiếu sáng đến dư sáng. Phát hiện Va Chạm,1 một tính năng an toàn mới, thay bạn gọi trợ giúp khi cần kíp.</p><h3><strong>Tính năng nổi bật</strong></h3><ul><li>Màn hình Super Retina XDR 6,1 inch2</li><li>Hệ thống camera tiên tiến cho chất lượng ảnh đẹp hơn trong mọi điều kiện ánh sáng</li><li>Chế độ Điện Ảnh nay đã hỗ trợ 4K Dolby Vision tốc độ lên đến 30 fps</li><li>Chế độ Hành Động để quay video cầm tay mượt mà, ổn định</li><li>Công nghệ an toàn quan trọng – Phát Hiện Va Chạm1 thay bạn gọi trợ giúp khi cần kíp</li><li>Thời lượng pin cả ngày và thời gian xem video lên đến 20 giờ3</li><li>Chip A15 Bionic với GPU 5 lõi để đạt hiệu suất siêu nhanh. Mạng di động 5G siêu nhanh4</li><li>Các tính năng về độ bền dẫn đầu như Ceramic Shield và khả năng chống nước5</li><li>iOS 16 đem đến thêm nhiều cách để cá nhân hóa, giao tiếp và chia sẻ6</li></ul><h3><strong>Pháp lý</strong></h3><ul><li>1SOS Khẩn Cấp sử dụng kết nối mạng di động hoặc Cuộc Gọi Wi-Fi.</li><li>2Màn hình có các góc bo tròn. Khi tính theo hình chữ nhật chuẩn, kích thước màn hình theo đường chéo là 6,06 inch. Diện tích hiển thị thực tế nhỏ hơn.</li><li>3Thời lượng pin khác nhau tùy theo cách sử dụng và cấu hình; truy cập <a href=\"http://apple.com/batteries\">apple.com/batteries</a> để biết thêm thông tin.</li><li>4Cần có gói cước dữ liệu. Mạng 5G chỉ khả dụng ở một số thị trường và được cung cấp qua một số nhà mạng. Tốc độ có thể thay đổi tùy địa điểm và nhà mạng. <a href=\"http://apple.com/iphone/cellular\">Để biết thông tin về hỗ trợ mạng 5G, vui lòng liên hệ nhà mạng và truy cập apple.com/iphone/cellular</a>.</li><li>5iPhone 14 có khả năng chống tia nước, chống nước và chống bụi. Sản phẩm đã qua kiểm nghiệm trong điều kiện phòng thí nghiệm có kiểm soát đạt mức IP68 theo tiêu chuẩn IEC 60529 (chống nước ở độ sâu tối đa 6 mét trong vòng tối đa 30 phút). Khả năng chống tia nước, chống nước và chống bụi không phải là các điều kiện vĩnh viễn. Khả năng này có thể giảm do hao mòn thông thường. Không sạc pin khi iPhone đang bị ướt. Vui lòng tham khảo hướng dẫn sử dụng để biết cách lau sạch và làm khô máy. Không bảo hành sản phẩm bị hỏng do thấm chất lỏng.</li><li>6Một số tính năng không khả dụng tại một số quốc gia hoặc khu vực.</li></ul>', '\"\"', 'Bảo hành chính hãng 1 năm', '2022-12-06 16:43:28', '2022-12-06 16:43:30', 5),
(52, 'iPhone 14 Plus', '<h2>iPhone 14 Plus. Thật lớn.</h2><p>iPhone 14 Plus. Nghĩ lớn cùng màn hình 6,7 inch lớn hơn1 và thời lượng pin bền bỉ cả ngày.2 Chụp những bức ảnh tuyệt đẹp trong điều kiện thiếu sáng và dư sáng cùng hệ thống camera kép mới. Phát Hiện Va Chạm,3 một tính năng an toàn mới, thay bạn gọi trợ giúp khi cần kíp.</p><h3><strong>Tính năng nổi bật</strong></h3><ul><li>Màn hình Super Retina XDR 6,7 inch1</li><li>Hệ thống camera tiên tiến cho chất lượng ảnh đẹp hơn trong mọi điều kiện ánh sáng</li><li>Chế độ Điện Ảnh nay đã hỗ trợ 4K Dolby Vision tốc độ lên đến 30 fps</li><li>Chế độ Hành Động để quay video cầm tay mượt mà, ổn định</li><li>Công nghệ an toàn quan trọng – Phát Hiện Va Chạm3 thay bạn gọi trợ giúp khi cần kíp.</li><li>Thời lượng pin cả ngày và thời gian xem video lên đến 26 giờ2</li><li>Chip A15 Bionic với GPU 5 lõi để đạt hiệu suất siêu nhanh. Mạng di động 5G siêu nhanh4</li><li>Các tính năng về độ bền dẫn đầu như Ceramic Shield và khả năng chống nước5</li><li>iOS 16 đem đến thêm nhiều cách để cá nhân hóa, giao tiếp và chia sẻ<strong>6</strong></li></ul><h3><strong>Pháp lý</strong></h3><ul><li>1Màn hình có các góc bo tròn. Khi tính theo hình chữ nhật chuẩn, kích thước màn hình theo đường chéo là 6,68 inch. Diện tích hiển thị thực tế nhỏ hơn.</li><li>2Thời lượng pin khác nhau tùy theo cách sử dụng và cấu hình; truy cập <a href=\"http://apple.com/batteries\">apple.com/batteries</a> để biết thêm thông tin.</li><li>3SOS Khẩn Cấp sử dụng kết nối mạng di động hoặc Cuộc Gọi Wi-Fi.</li><li>4Cần có gói cước dữ liệu. Mạng 5G chỉ khả dụng ở một số thị trường và được cung cấp qua một số nhà mạng. Tốc độ có thể thay đổi tùy địa điểm và nhà mạng. <a href=\"http://apple.com/iphone/cellular\">Để biết thông tin về hỗ trợ mạng 5G, vui lòng liên hệ nhà mạng và truy cập apple.com/iphone/cellular</a>.</li><li>5iPhone 14 Plus có khả năng chống tia nước, chống nước và chống bụi. Sản phẩm đã qua kiểm nghiệm trong điều kiện phòng thí nghiệm có kiểm soát đạt mức IP68 theo tiêu chuẩn IEC 60529 (chống nước ở độ sâu tối đa 6 mét trong vòng tối đa 30 phút). Khả năng chống tia nước, chống nước và chống bụi không phải là các điều kiện vĩnh viễn. Khả năng này có thể giảm do hao mòn thông thường. Không sạc pin khi iPhone đang bị ướt. Vui lòng tham khảo hướng dẫn sử dụng để biết cách lau sạch và làm khô máy. Không bảo hành sản phẩm bị hỏng do thấm chất lỏng.</li><li>6Một số tính năng không khả dụng tại một số quốc gia hoặc khu vực.</li></ul>', '\"\"', 'Bảo hành chính hãng 1 năm', '2022-12-06 16:50:31', '2022-12-06 16:50:34', 5),
(53, 'iPad gen 9 10.2 inch Wi-Fi', '<p><strong>iPad Gen 9 (2021)&nbsp;</strong>Mạnh mẽ. Dễ sử dụng. Đa năng. Học sinh thích học với iPad mới. Với chip A13 Bionic mạnh mẽ, thời lượng pin bền bỉ cả ngày,&nbsp;màn hình Retina 10.2 inch tuyệt đẹp, Wi-Fi siêu nhanh, camera trước Ultra Wide với tính năng Trung Tâm Màn Hình, và tương thích với Apple Pencil và the Smart Keyboard.&nbsp;iPad giúp học sinh làm việc và học tập nhiều hơn và dễ dàng hơn. Tất cả tính năng với mức giá ấn tượng.</p><ul><li>Chip A13 Bionic với Neural Engine cho sức mạnh để xử lý mọi khối lượng bài tập</li><li>Bộ lưu trữ lên tới 256GB để lưu trữ tài liệu học tập, ảnh, video và game</li><li>iPad luôn sẵn sàng phục vụ mục đích học tập hay giải trí với thời lượng pin bền bỉ cả ngày</li><li>Màn hình Retina 10.2 inch tuyệt đẹp với công nghệ True Tone cho bạn không gian màn hình thoải mái để làm bài tập</li><li>Wi-Fi 6 (802.11ax) và dữ liệu di động LTE chuẩn Gigabit khi không có WI-FI</li><li>Camera trước Ultra Wide 12MP với tính năng Trung Tâm Màn Hình cho các cuộc gọi video lôi cuốn hơn</li><li>Tương thích với Apple Pencil (thế hệ thứ 1) và Smart Keyboard</li><li>iPadOS 15 sở hữu sức mạnh độc đáo, dễ sử dụng và được thiết kế cho tính đa năng của iPad</li><li>Bền bỉ với thời gian để giúp bạn tiết kiệm chi phí và bảo vệ môi trường</li></ul><p><i><strong>Các thông tin Apple đảm bảo ( Pháp lý)</strong></i>&nbsp;</p><p><i>Ứng dụng có sẵn trên App Store. Nội dung được cung cấp có thể thay đổi.&nbsp;Thời lượng pin khác nhau tùy theo cách sử dụng và cấu hình. Truy cập </i><a href=\"http://apple.com/batteries\"><i>apple.com/batteries</i></a><i> để biết thêm thông tin.&nbsp;Phụ kiện được bán riêng. Khả năng tương thích tùy thuộc thế hệ sản phẩm.&nbsp;Cần có gói cước dữ liệu. Mạng LTE chuẩn Gigabit, 4G LTE Advanced, 4G LTE và gọi Wi-Fi chỉ khả dụng ở một số thị trường và được cung cấp qua một số nhà mạng. Tốc độ phụ thuộc vào thông lượng lý thuyết và có thể thay đổi tùy địa điểm và nhà mạng. Để biết thông tin về hỗ trợ mạng LTE, vui lòng liên hệ nhà mạng và truy cập </i><a href=\"http://apple.com/ipad/cellular\"><i>apple.com/ipad/cellular</i></a><i>.</i></p>', '\"\"', 'Bảo hành chính hãng 1 năm', '2022-12-06 16:53:40', '2022-12-06 16:53:43', 1),
(54, 'iPhone 14 Pro', '<h2>iPhone 14 Pro. Pro. Vượt trội.</h2><p>iPhone 14 Pro. Bắt trọn chi tiết ấn tượng với Camera Chính 48MP. Trải nghiệm iPhone theo cách hoàn toàn mới với Dynamic Island và màn hình Luôn Bật. Phát Hiện Va Chạm,1 một tính năng an toàn mới, thay bạn gọi trợ giúp khi cần kíp.</p><h3><strong>Tính năng nổi bật</strong></h3><ul><li>Màn hình Super Retina XDR 6,1 inch2 với tính năng Luôn Bật và ProMotion</li><li>Dynamic Island, một cách mới tuyệt diệu để tương tác với iPhone</li><li>Camera Chính 48MP cho độ phân giải gấp 4 lần</li><li>Chế độ Điện Ảnh nay đã hỗ trợ 4K Dolby Vision tốc độ lên đến 30 fps</li><li>Chế độ Hành Động để quay video cầm tay mượt mà, ổn định</li><li>Công nghệ an toàn quan trọng – Phát Hiện Va Chạm1 thay bạn gọi trợ giúp khi cần kíp</li><li>Thời lượng pin cả ngày và thời gian xem video lên đến 23 giờ3</li><li>A16 Bionic, chip điện thoại thông minh tuyệt đỉnh. Mạng di động 5G siêu nhanh4</li><li>Các tính năng về độ bền dẫn đầu như Ceramic Shield và khả năng chống nước5</li><li>iOS 16 đem đến thêm nhiều cách để cá nhân hóa, giao tiếp và chia sẻ6</li></ul><h3><strong>Pháp lý</strong></h3><ul><li>1SOS Khẩn Cấp sử dụng kết nối mạng di động hoặc Cuộc Gọi Wi-Fi.</li><li>2Màn hình có các góc bo tròn. Khi tính theo hình chữ nhật, kích thước màn hình theo đường chéo là 6,12 inch. Diện tích hiển thị thực tế nhỏ hơn.</li><li>3Thời lượng pin khác nhau tùy theo cách sử dụng và cấu hình; truy cập <a href=\"http://apple.com/batteries\">apple.com/batteries</a> để biết thêm thông tin.</li><li>4Cần có gói cước dữ liệu. Mạng 5G chỉ khả dụng ở một số thị trường và được cung cấp qua một số nhà mạng. Tốc độ có thể thay đổi tùy địa điểm và nhà mạng. <a href=\"http://apple.com/iphone/cellular\">Để biết thông tin về hỗ trợ mạng 5G, vui lòng liên hệ nhà mạng và truy cập apple.com/iphone/cellular</a>.</li><li>5iPhone 14 Pro có khả năng chống tia nước, chống nước và chống bụi. Sản phẩm đã qua kiểm nghiệm trong điều kiện phòng thí nghiệm có kiểm soát đạt mức IP68 theo tiêu chuẩn IEC 60529 (chống nước ở độ sâu tối đa 6 mét trong vòng tối đa 30 phút). Khả năng chống tia nước, chống nước và chống bụi không phải là các điều kiện vĩnh viễn. Khả năng này có thể giảm do hao mòn thông thường. Không sạc pin khi iPhone đang bị ướt.</li><li>Vui lòng tham khảo hướng dẫn sử dụng để biết cách lau sạch và làm khô máy. Không bảo hành sản phẩm bị hỏng do thấm chất lỏng.</li><li>6Một số tính năng không khả dụng tại một số quốc gia hoặc khu vực.</li></ul>', '\"\"', 'Bảo hành chính hãng 1 năm', '2022-12-06 16:57:28', '2022-12-06 16:57:30', 5),
(55, 'iPad gen 9 10.2 inch Wi-Fi + Cellular', '<p><strong>iPad Gen 9 (2021)&nbsp;</strong>Mạnh mẽ. Dễ sử dụng. Đa năng. Học sinh thích học với iPad mới. Với chip A13 Bionic mạnh mẽ, thời lượng pin bền bỉ cả ngày,&nbsp;màn hình Retina 10.2 inch tuyệt đẹp, Wi-Fi siêu nhanh, camera trước Ultra Wide với tính năng Trung Tâm Màn Hình, và tương thích với Apple Pencil và the Smart Keyboard.&nbsp;iPad giúp học sinh làm việc và học tập nhiều hơn và dễ dàng hơn. Tất cả tính năng với mức giá ấn tượng.</p><ul><li>Chip A13 Bionic với Neural Engine cho sức mạnh để xử lý mọi khối lượng bài tập</li><li>Bộ lưu trữ lên tới 256GB để lưu trữ tài liệu học tập, ảnh, video và game</li><li>iPad luôn sẵn sàng phục vụ mục đích học tập hay giải trí với thời lượng pin bền bỉ cả ngày</li><li>Màn hình Retina 10.2 inch tuyệt đẹp với công nghệ True Tone cho bạn không gian màn hình thoải mái để làm bài tập</li><li>Wi-Fi 6 (802.11ax) và dữ liệu di động LTE chuẩn Gigabit khi không có WI-FI</li><li>Camera trước Ultra Wide 12MP với tính năng Trung Tâm Màn Hình cho các cuộc gọi video lôi cuốn hơn</li><li>Tương thích với Apple Pencil (thế hệ thứ 1) và Smart Keyboard</li><li>iPadOS 15 sở hữu sức mạnh độc đáo, dễ sử dụng và được thiết kế cho tính đa năng của iPad</li><li>Bền bỉ với thời gian để giúp bạn tiết kiệm chi phí và bảo vệ môi trường</li></ul><p><i><strong>Các thông tin Apple đảm bảo ( Pháp lý)</strong></i>&nbsp;</p><p><i>Ứng dụng có sẵn trên App Store. Nội dung được cung cấp có thể thay đổi.&nbsp;Thời lượng pin khác nhau tùy theo cách sử dụng và cấu hình. Truy cập </i><a href=\"http://apple.com/batteries\"><i>apple.com/batteries</i></a><i> để biết thêm thông tin.&nbsp;Phụ kiện được bán riêng. Khả năng tương thích tùy thuộc thế hệ sản phẩm.&nbsp;Cần có gói cước dữ liệu. Mạng LTE chuẩn Gigabit, 4G LTE Advanced, 4G LTE và gọi Wi-Fi chỉ khả dụng ở một số thị trường và được cung cấp qua một số nhà mạng. Tốc độ phụ thuộc vào thông lượng lý thuyết và có thể thay đổi tùy địa điểm và nhà mạng. Để biết thông tin về hỗ trợ mạng LTE, vui lòng liên hệ nhà mạng và truy cập </i><a href=\"http://apple.com/ipad/cellular\"><i>apple.com/ipad/cellular</i></a><i>.</i></p>', '\"\"', 'Bảo hành chính hãng 1 năm', '2022-12-06 17:04:04', '2022-12-06 17:04:06', 1),
(56, 'iPhone 14 Pro Max', '<h2><strong>iPhone 14 Pro Max. Pro. Vượt trội.</strong></h2><p>iPhone 14 Pro Max. Bắt trọn chi tiết ấn tượng với Camera Chính 48MP. Trải nghiệm iPhone theo cách hoàn toàn mới với Dynamic Island và màn hình Luôn Bật. Công nghệ an toàn quan trọng – Phát Hiện Va Chạm&nbsp;&nbsp;thay bạn gọi trợ giúp khi cần kíp</p><h3><strong>Tính năng nổi bật</strong></h3><ul><li>Màn hình Super Retina XDR 6,7 inch2 với tính năng Luôn Bật và ProMotion</li><li>Dynamic Island, một cách mới tuyệt diệu để tương tác với iPhone</li><li>Camera Chính 48MP cho độ phân giải gấp 4 lần</li><li>Chế độ Điện Ảnh nay đã hỗ trợ 4K Dolby Vision tốc độ lên đến 30 fps</li><li>Chế độ Hành Động để quay video cầm tay mượt mà, ổn định</li><li>Công nghệ an toàn quan trọng – Phát Hiện Va Chạm1 thay bạn gọi trợ giúp khi cần kíp</li><li>Thời lượng pin cả ngày và thời gian xem video lên đến 29 giờ3</li><li>A16 Bionic, chip điện thoại thông minh tuyệt đỉnh. Mạng di động 5G siêu nhanh4</li><li>Các tính năng về độ bền dẫn đầu như Ceramic Shield và khả năng chống nước5</li><li>iOS 16 đem đến thêm nhiều cách để cá nhân hóa, giao tiếp và chia sẻ6</li></ul><h3><strong>Pháp lý</strong></h3><ul><li>1SOS Khẩn Cấp sử dụng kết nối mạng di động hoặc Cuộc Gọi Wi-Fi.</li><li>2Màn hình có các góc bo tròn. Khi tính theo hình chữ nhật, kích thước màn hình theo đường chéo là 6,69 inch. Diện tích hiển thị thực tế nhỏ hơn.</li><li>3Thời lượng pin khác nhau tùy theo cách sử dụng và cấu hình; truy cập <a href=\"http://apple.com/batteries\">apple.com/batteries</a> để biết thêm thông tin.</li><li>4Cần có gói cước dữ liệu. Mạng 5G chỉ khả dụng ở một số thị trường và được cung cấp qua một số nhà mạng. Tốc độ có thể thay đổi tùy địa điểm và nhà mạng. <a href=\"http://apple.com/iphone/cellular\">Để biết thông tin về hỗ trợ mạng 5G, vui lòng liên hệ nhà mạng và truy cập apple.com/iphone/cellular</a>.</li><li>5iPhone 14 Pro Max có khả năng chống tia nước, chống nước và chống bụi. Sản phẩm đã qua kiểm nghiệm trong điều kiện phòng thí nghiệm có kiểm soát đạt mức IP68 theo tiêu chuẩn IEC 60529 (chống nước ở độ sâu tối đa 6 mét trong vòng tối đa 30 phút). Khả năng chống tia nước, chống nước và chống bụi không phải là các điều kiện vĩnh viễn. Khả năng này có thể giảm do hao mòn thông thường. Không sạc pin khi iPhone đang bị ướt.</li><li>Vui lòng tham khảo hướng dẫn sử dụng để biết cách lau sạch và làm khô máy. Không bảo hành sản phẩm bị hỏng do thấm chất lỏng.</li><li>6Một số tính năng không khả dụng tại một số quốc gia hoặc khu vực.</li></ul>', '\"\"', 'Bảo hành chính hãng 1 năm', '2022-12-06 17:04:56', '2022-12-06 17:04:59', 5),
(57, 'iPad gen 10 10.9 inch Wi-Fi', '<p>Được thiết kế lại đầy sắc màu và đa năng hơn bao giờ hết. Với thiết kế toàn màn hình, màn hình Liquid Retina 10,9 inch và bốn màu lộng lẫy. iPad đem lại một phương thức mạnh mẽ để sáng tạo, duy trì kết nối và hoàn tất mọi việc.</p><h3>Tính năng nổi bật</h3><ul><li>Màn hình Liquid Retina 10,9 inch tuyệt đẹp với True Tone</li><li>Chip A14 Bionic với CPU 6 lõi và GPU 4 lõi</li><li>Camera sau Wide 12MP</li><li>Camera trước Ultra Wide 12MP trên cạnh ngang với tính năng Trung Tâm Màn Hình</li><li>Xác thực bảo mật với Touch ID</li><li>Wi-Fi 6</li><li>Cổng kết nối USB-C để sạc và kết nối phụ kiện</li><li>Làm được nhiều việc hơn với thời lượng pin bền bỉ cả ngày</li><li>Tương thích với Apple Pencil (thế hệ thứ 1) và Magic Keyboard Folio</li><li>iPadOS 16 khiến iPad giàu năng lực hơn hẳn với các tính năng mới mạnh mẽ cho hiệu suất công việc và cộng tác</li></ul>', '\"\"', 'Bảo hành chính hãng 1 năm', '2022-12-06 17:11:24', '2022-12-06 17:11:26', 1),
(58, ' iPad gen 10 10.9 inch Wi-Fi + Cellular', '<p>Được thiết kế lại đầy sắc màu và đa năng hơn bao giờ hết. Với thiết kế toàn màn hình, màn hình Liquid Retina 10,9 inch và bốn màu lộng lẫy. iPad đem lại một phương thức mạnh mẽ để sáng tạo, duy trì kết nối và hoàn tất mọi việc.</p><h3>Tính năng nổi bật</h3><ul><li>Màn hình Liquid Retina 10,9 inch tuyệt đẹp với True Tone</li><li>Chip A14 Bionic với CPU 6 lõi và GPU 4 lõi</li><li>Camera sau Wide 12MP</li><li>Camera trước Ultra Wide 12MP trên cạnh ngang với tính năng Trung Tâm Màn Hình</li><li>Xác thực bảo mật với Touch ID</li><li>Wi-Fi 6 và mạng di động 5G (sub-6 GHz)</li><li>Cổng kết nối USB-C để sạc và kết nối phụ kiện</li><li>Làm được nhiều việc hơn với thời lượng pin bền bỉ cả ngày</li><li>Tương thích với Apple Pencil (thế hệ thứ 1) và Magic Keyboard Folio</li><li>iPadOS 16 khiến iPad giàu năng lực hơn hẳn với các tính năng mới mạnh mẽ cho hiệu suất công việc và cộng tác</li></ul>', '\"\"', 'Bảo hành chính hãng 1 năm', '2022-12-06 17:26:02', '2022-12-06 17:26:06', 1);
INSERT INTO `group_products` (`id`, `name`, `description`, `specific`, `services`, `createdAt`, `updatedAt`, `categoryId`) VALUES
(59, 'iPad mini 6 Wi-Fi', '<p><strong>iPad mini 6 (2021)&nbsp;</strong>iPad mini mới. Thiết kế màn hình toàn phần với màn hình Liquid Retina 8.3 inch.&nbsp;Chip A15 Bionic mạnh mẽ với Neural Engine. Camera trước Ultra Wide 12MP với tính năng Trung Tâm Màn Hình. Cổng kết nối USB-C. Mạng 5G siêu nhanh.&nbsp;Ghi chú, đánh dấu tài liệu hoặc phác thảo ngay khi những ý tưởng lớn xuất hiện trong đầu với Apple Pencil (thế hệ thứ 2) có khả năng gắn kết bằng nam châm và sạc không dây.</p><ul><li>Màn hình Liquid Retina 8.3 inch tuyệt đẹp với True Tone và dải màu rộng</li><li>Chip A15 Bionic với Neural Engine</li><li>Xác thực bảo mật với Touch ID</li><li>Camera sau Wide 12MP, camera trước Ultra Wide 12MP với tính năng Trung Tâm Màn Hình</li><li>Hiện có các màu tím, ánh sao, hồng và xám bạc</li><li>Loa stereo ở cạnh trên và cạnh dưới&nbsp;</li><li>Mạng 5G cho tốc độ tải xuống, xem video và nghe nhạc trực tuyến nhanh như chớp</li><li>Luôn kết nối với Wi-Fi 6 siêu nhanh</li><li>Thời lượng pin lên tới 10 giờ</li><li>Cổng kết nối USB-C để sạc và kết nối phụ kiện</li><li>Tương thích với Apple Pencil (thế hệ thứ 2)</li><li>iPadOS 15 sở hữu sức mạnh độc đáo, dễ sử dụng và được thiết kế cho tính đa năng của iPad</li></ul><p><i><strong>Các thông tin Apple đảm bảo ( Pháp lý)</strong></i><strong>&nbsp;</strong></p><p><i>Màn hình có các góc bo tròn. Khi tính theo đường chéo hình chữ nhật, màn hình iPad mini 8.3 inch có kích thước là 8.3 inch. Diện tích hiển thị thực tế nhỏ hơn.&nbsp;Cần có gói cước dữ liệu. Mạng 5G, LTE Gigabit, LTE và gọi Wi-Fi chỉ khả dụng ở một số thị trường và được cung cấp qua một số nhà mạng. Tốc độ phụ thuộc vào thông lượng lý thuyết và có thể thay đổi tùy địa điểm và nhà mạng. Để biết thông tin về hỗ trợ mạng 5G và LTE, vui lòng liên hệ nhà mạng và truy cập </i><a href=\"http://apple.com/ipad/cellular\"><i>apple.com/ipad/cellular</i></a><i>.&nbsp;Phụ kiện được bán riêng. Khả năng tương thích tùy thuộc thế hệ sản phẩm.&nbsp;Thời lượng pin khác nhau tùy theo cách sử dụng và cấu hình. Truy cập </i><a href=\"http://www.apple.com/batteries\"><i>apple.com/batteries</i></a><i> để biết thêm thông tin.</i></p>', '\"\"', 'Bảo hành chính hãng 1 năm', '2022-12-06 17:37:08', '2022-12-06 17:37:10', 1),
(60, 'iPad mini 6 Wi-Fi + Cellular', '<p><strong>iPad mini 6 (2021)&nbsp;</strong>iPad mini mới. Thiết kế màn hình toàn phần với màn hình Liquid Retina 8.3 inch.&nbsp;Chip A15 Bionic mạnh mẽ với Neural Engine. Camera trước Ultra Wide 12MP với tính năng Trung Tâm Màn Hình. Cổng kết nối USB-C. Mạng 5G siêu nhanh.&nbsp;Ghi chú, đánh dấu tài liệu hoặc phác thảo ngay khi những ý tưởng lớn xuất hiện trong đầu với Apple Pencil (thế hệ thứ 2) có khả năng gắn kết bằng nam châm và sạc không dây.</p><ul><li>Màn hình Liquid Retina 8.3 inch tuyệt đẹp với True Tone và dải màu rộng</li><li>Chip A15 Bionic với Neural Engine</li><li>Xác thực bảo mật với Touch ID</li><li>Camera sau Wide 12MP, camera trước Ultra Wide 12MP với tính năng Trung Tâm Màn Hình</li><li>Hiện có các màu tím, ánh sao, hồng và xám bạc</li><li>Loa stereo ở cạnh trên và cạnh dưới&nbsp;</li><li>Mạng 5G cho tốc độ tải xuống, xem video và nghe nhạc trực tuyến nhanh như chớp</li><li>Luôn kết nối với Wi-Fi 6 siêu nhanh</li><li>Thời lượng pin lên tới 10 giờ</li><li>Cổng kết nối USB-C để sạc và kết nối phụ kiện</li><li>Tương thích với Apple Pencil (thế hệ thứ 2)</li><li>iPadOS 15 sở hữu sức mạnh độc đáo, dễ sử dụng và được thiết kế cho tính đa năng của iPad</li></ul><p><i><strong>Các thông tin Apple đảm bảo ( Pháp lý)</strong></i><strong>&nbsp;</strong></p><p><i>Màn hình có các góc bo tròn. Khi tính theo đường chéo hình chữ nhật, màn hình iPad mini 8.3 inch có kích thước là 8.3 inch. Diện tích hiển thị thực tế nhỏ hơn.&nbsp;Cần có gói cước dữ liệu. Mạng 5G, LTE Gigabit, LTE và gọi Wi-Fi chỉ khả dụng ở một số thị trường và được cung cấp qua một số nhà mạng. Tốc độ phụ thuộc vào thông lượng lý thuyết và có thể thay đổi tùy địa điểm và nhà mạng. Để biết thông tin về hỗ trợ mạng 5G và LTE, vui lòng liên hệ nhà mạng và truy cập </i><a href=\"http://apple.com/ipad/cellular\"><i>apple.com/ipad/cellular</i></a><i>.&nbsp;Phụ kiện được bán riêng. Khả năng tương thích tùy thuộc thế hệ sản phẩm.&nbsp;Thời lượng pin khác nhau tùy theo cách sử dụng và cấu hình. Truy cập </i><a href=\"http://www.apple.com/batteries\"><i>apple.com/batteries</i></a><i> để biết thêm thông tin.</i></p>', '\"\"', 'Bảo hành chính hãng 1 năm', '2022-12-06 17:50:06', '2022-12-06 17:50:07', 1),
(61, 'iPad Pro M2 11 inch Wi-Fi + Cellular', '<figure class=\"table\"><table><tbody><tr><th><strong>Chọn màu:</strong></th><td><a href=\"https://shopdunk.com/color/space-gray\">Space Gray</a>, <a href=\"https://shopdunk.com/color/silver\">Silver</a></td></tr><tr><th><strong>Thiết kế bên ngoài</strong></th><td>247.6 x 178.5 x 5.9 mm<br>470g<br>Nhôm unibody</td></tr><tr><th><strong>Màn hình</strong></th><td>Liquid Retina, 2388 x 1668p, 264 ppi, dải màu P3,<br>Quay video chống rung ProMotion<br>độ sáng 600 nits<br>hỗ trợ Apple Pencil 2</td></tr><tr><th><strong>Chip</strong></th><td>M2<br>8 nhân CPU, 10 nhân GPU, 16 nhân Neural Engine<br>Tốc độ bộ nhớ lên đến 100GB/s<br>8GB RAM (LPDDR5-6400) trên phiên bản 128GB, 256GB, 512GB<br>16GB RAM trên phiên bản 1TB, 2TB</td></tr><tr><th><strong>Media Engine</strong></th><td>Hỗ trợ giải mã video chuẩn H.264, HEVC, ProRes, và ProRes RAW</td></tr><tr><th><strong>Camera sau</strong></th><td>Camera chính 12MP, f/1.8<br>Camera ultrawide 10MP, f/2.4<br>Smart HDR 4<br>Quay video ProRes 4K 30fps (1080p 30fps cho bản 128GB)<br>Quay Cinematic Mode 4K</td></tr><tr><th><strong>Camera trước</strong></th><td>12MP f/2.4 ultrawide<br>Center Stage<br>Smart HDR 4<br>FaceID</td></tr><tr><th><strong>Loa</strong></th><td>4 loa</td></tr><tr><th><strong>Microphone</strong></th><td>5 mic chuẩn phòng thu</td></tr><tr><th><strong>Kết nối</strong></th><td>Wi-Fi 6E<br>Bluetooth 5.3<br>Hỗ trợ Nano-SIM và eSIM cho bản Cellular<br>5G (Sub-6GHz và mmWave)</td></tr><tr><th><strong>Cổng và vị trí kết nối</strong></th><td>USB-C Thunderbolt 3 / USB 4<br>Smart Connector ở mặt sau<br>Vị trí hít kết nối &amp; sạc Apple Pencil 2</td></tr><tr><th><strong>Pin</strong></th><td>28.65 Wh<br>10 tiếng sử dụng lướt web hoặc xem video qua Wi-Fi<br>9 tiếng sử dụng lướt web hoặc xem video qua mạng di động</td></tr><tr><th><strong>iPadOS</strong></th><td>iPadOS 16</td></tr></tbody></table></figure>', '\"\"', 'Bảo hành chính hãng 1 năm', '2022-12-06 18:10:47', '2022-12-06 18:10:49', 1);

-- --------------------------------------------------------

--
-- Table structure for table `options`
--

CREATE TABLE `options` (
  `id` int(11) NOT NULL,
  `name` varchar(64) COLLATE utf8_unicode_ci NOT NULL,
  `unit` varchar(256) COLLATE utf8_unicode_ci NOT NULL,
  `createdAt` datetime NOT NULL,
  `updatedAt` datetime NOT NULL,
  `groupProductId` int(11) DEFAULT NULL
) ENGINE=InnoDB DEFAULT CHARSET=utf8 COLLATE=utf8_unicode_ci;

--
-- Dumping data for table `options`
--

INSERT INTO `options` (`id`, `name`, `unit`, `createdAt`, `updatedAt`, `groupProductId`) VALUES
(1, 'storage', 'GB', '2022-12-06 12:17:44', '2022-12-06 12:17:45', 1),
(2, 'model', '', '2022-12-06 12:17:44', '2022-12-06 12:17:45', 1),
(3, 'color', '', '2022-12-06 12:17:44', '2022-12-06 12:17:45', 1),
(4, 'ram', 'GB', '2022-12-06 12:26:52', '2022-12-06 12:26:54', 2),
(5, 'color', '', '2022-12-06 12:26:52', '2022-12-06 12:26:54', 2),
(6, 'ram', 'GB', '2022-12-06 12:48:46', '2022-12-06 12:48:47', 3),
(7, 'storage', 'GB', '2022-12-06 12:48:46', '2022-12-06 12:48:47', 3),
(8, 'gpu', 'Core', '2022-12-06 12:48:46', '2022-12-06 12:48:47', 3),
(9, 'ram', 'GB', '2022-12-06 12:50:10', '2022-12-06 12:50:11', 4),
(10, 'storage', 'GB', '2022-12-06 12:50:10', '2022-12-06 12:50:11', 4),
(11, 'gpu', 'Core', '2022-12-06 12:54:48', '2022-12-06 12:54:50', 5),
(12, 'ram', 'GB', '2022-12-06 12:54:48', '2022-12-06 12:54:50', 5),
(13, 'storage', 'GB', '2022-12-06 12:54:48', '2022-12-06 12:54:50', 5),
(14, 'color', '', '2022-12-06 12:56:53', '2022-12-06 12:56:54', 6),
(15, 'gpu', 'Core', '2022-12-06 12:56:53', '2022-12-06 12:56:55', 6),
(16, 'ram', 'GB', '2022-12-06 12:56:53', '2022-12-06 12:56:55', 6),
(17, 'storage', 'GB', '2022-12-06 12:56:53', '2022-12-06 12:56:55', 6),
(18, 'ram', 'GB', '2022-12-06 13:07:54', '2022-12-06 13:07:55', 7),
(19, 'storage', 'GB', '2022-12-06 13:07:54', '2022-12-06 13:07:55', 7),
(20, 'color', '', '2022-12-06 13:13:13', '2022-12-06 13:13:15', 8),
(21, 'gpu', 'Core', '2022-12-06 13:13:13', '2022-12-06 13:13:15', 8),
(22, 'ram', 'GB', '2022-12-06 13:13:13', '2022-12-06 13:13:15', 8),
(23, 'storage', 'GB', '2022-12-06 13:13:13', '2022-12-06 13:13:15', 8),
(24, 'color', '', '2022-12-06 13:20:52', '2022-12-06 13:20:53', 9),
(25, 'ram', 'GB', '2022-12-06 13:20:52', '2022-12-06 13:20:54', 9),
(26, 'storage', 'GB', '2022-12-06 13:20:52', '2022-12-06 13:20:54', 9),
(27, 'color', '', '2022-12-06 13:28:14', '2022-12-06 13:28:16', 10),
(28, 'ram', 'GB', '2022-12-06 13:28:14', '2022-12-06 13:28:16', 10),
(29, 'storage', 'GB', '2022-12-06 13:28:14', '2022-12-06 13:28:16', 10),
(30, 'storage', 'GB', '2022-12-06 13:34:20', '2022-12-06 13:34:21', 11),
(31, 'model', '', '2022-12-06 13:34:20', '2022-12-06 13:34:21', 11),
(32, 'color', '', '2022-12-06 13:34:20', '2022-12-06 13:34:21', 11),
(33, 'color', '', '2022-12-06 13:35:40', '2022-12-06 13:35:41', 12),
(34, 'gpu', 'Core', '2022-12-06 13:35:40', '2022-12-06 13:35:42', 12),
(35, 'ram', 'GB', '2022-12-06 13:35:40', '2022-12-06 13:35:42', 12),
(36, 'storage', 'GB', '2022-12-06 13:35:40', '2022-12-06 13:35:42', 12),
(37, 'ram', 'GB', '2022-12-06 13:48:49', '2022-12-06 13:48:50', 13),
(38, 'storage', 'GB', '2022-12-06 13:48:49', '2022-12-06 13:48:50', 13),
(39, 'ram', 'GB', '2022-12-06 13:50:16', '2022-12-06 13:50:17', 14),
(40, 'storage', 'GB', '2022-12-06 13:50:16', '2022-12-06 13:50:17', 14),
(41, 'ram', 'GB', '2022-12-06 13:51:40', '2022-12-06 13:51:41', 15),
(42, 'storage', 'GB', '2022-12-06 13:51:40', '2022-12-06 13:51:42', 15),
(43, 'ram', 'GB', '2022-12-06 13:53:24', '2022-12-06 13:53:24', 16),
(44, 'storage', 'GB', '2022-12-06 13:53:24', '2022-12-06 13:53:24', 16),
(45, 'ram', 'GB', '2022-12-06 13:54:48', '2022-12-06 13:54:49', 17),
(46, 'storage', 'GB', '2022-12-06 13:54:48', '2022-12-06 13:54:50', 17),
(47, 'color', '', '2022-12-06 13:57:17', '2022-12-06 13:57:18', 18),
(48, 'color', '', '2022-12-06 13:58:34', '2022-12-06 13:58:36', 19),
(49, 'color', '', '2022-12-06 13:59:29', '2022-12-06 13:59:30', 20),
(50, 'color', '', '2022-12-06 14:00:24', '2022-12-06 14:00:25', 21),
(51, 'color', '', '2022-12-06 14:01:48', '2022-12-06 14:01:50', 22),
(52, 'color', '', '2022-12-06 14:03:49', '2022-12-06 14:03:51', 23),
(53, 'color', '', '2022-12-06 14:04:05', '2022-12-06 14:04:06', 24),
(54, 'storage', 'GB', '2022-12-06 14:04:05', '2022-12-06 14:04:06', 24),
(55, 'model', '', '2022-12-06 14:04:05', '2022-12-06 14:04:06', 24),
(56, 'color', '', '2022-12-06 14:09:59', '2022-12-06 14:10:00', 25),
(57, 'color', '', '2022-12-06 14:13:34', '2022-12-06 14:13:36', 26),
(58, 'color', '', '2022-12-06 14:15:44', '2022-12-06 14:15:45', 27),
(59, 'color', '', '2022-12-06 14:19:02', '2022-12-06 14:19:02', 28),
(60, 'size', '', '2022-12-06 14:19:02', '2022-12-06 14:19:02', 28),
(61, 'color', '', '2022-12-06 14:26:03', '2022-12-06 14:26:04', 29),
(62, 'screen-size', 'mm', '2022-12-06 14:26:03', '2022-12-06 14:26:05', 29),
(63, 'color', '', '2022-12-06 14:32:25', '2022-12-06 14:32:26', 30),
(64, 'screen-size', 'mm', '2022-12-06 14:32:25', '2022-12-06 14:32:26', 30),
(65, 'color', '', '2022-12-06 14:36:46', '2022-12-06 14:36:48', 31),
(66, 'screen-size', 'mm', '2022-12-06 14:36:46', '2022-12-06 14:36:48', 31),
(67, 'color', '', '2022-12-06 14:40:33', '2022-12-06 14:40:34', 32),
(68, 'screen-size', 'mm', '2022-12-06 14:40:33', '2022-12-06 14:40:35', 32),
(69, 'color', '', '2022-12-06 14:42:29', '2022-12-06 14:42:30', 33),
(70, 'storage', 'GB', '2022-12-06 14:42:29', '2022-12-06 14:42:30', 33),
(71, 'model', '', '2022-12-06 14:42:29', '2022-12-06 14:42:30', 33),
(72, 'storage', 'GB', '2022-12-06 14:57:26', '2022-12-06 14:57:28', 34),
(73, 'color', '', '2022-12-06 14:57:26', '2022-12-06 14:57:28', 34),
(74, 'model', '', '2022-12-06 14:57:26', '2022-12-06 14:57:28', 34),
(75, 'color', '', '2022-12-06 15:23:27', '2022-12-06 15:23:28', 35),
(76, 'color', '', '2022-12-06 15:26:32', '2022-12-06 15:26:34', 36),
(77, 'screen-size', 'mm', '2022-12-06 15:26:32', '2022-12-06 15:26:34', 36),
(78, 'color', '', '2022-12-06 15:44:53', '2022-12-06 15:44:54', 37),
(79, 'screen-size', 'mm', '2022-12-06 15:44:53', '2022-12-06 15:44:54', 37),
(80, 'storage', 'GB', '2022-12-06 15:49:12', '2022-12-06 15:49:13', 38),
(81, 'color', '', '2022-12-06 15:49:12', '2022-12-06 15:49:13', 38),
(82, 'model', '', '2022-12-06 15:49:12', '2022-12-06 15:49:13', 38),
(83, '', '', '2022-12-06 15:49:12', '2022-12-06 15:49:13', 38),
(84, 'screen-size', 'mm', '2022-12-06 15:49:27', '2022-12-06 15:49:29', 39),
(85, 'color', '', '2022-12-06 15:49:27', '2022-12-06 15:49:29', 39),
(86, 'screen-size', 'mm', '2022-12-06 15:53:51', '2022-12-06 15:53:52', 40),
(87, 'color', '', '2022-12-06 15:53:51', '2022-12-06 15:53:53', 40),
(88, 'color', '', '2022-12-06 15:57:24', '2022-12-06 15:57:25', 41),
(89, 'screen-size', 'mm', '2022-12-06 15:57:24', '2022-12-06 15:57:26', 41),
(90, 'color', '', '2022-12-06 15:59:20', '2022-12-06 15:59:21', 42),
(91, 'storage', 'GB', '2022-12-06 15:59:20', '2022-12-06 15:59:21', 42),
(92, 'model', '', '2022-12-06 15:59:20', '2022-12-06 15:59:21', 42),
(93, 'color', '', '2022-12-06 16:02:36', '2022-12-06 16:02:38', 43),
(94, 'screen-size', 'mm', '2022-12-06 16:02:36', '2022-12-06 16:02:37', 43),
(95, 'color', '', '2022-12-06 16:06:30', '2022-12-06 16:06:32', 44),
(96, 'screen-size', 'mm', '2022-12-06 16:06:30', '2022-12-06 16:06:32', 44),
(97, 'color', '', '2022-12-06 16:10:40', '2022-12-06 16:10:42', 45),
(98, 'storage', 'GB', '2022-12-06 16:10:40', '2022-12-06 16:10:42', 45),
(99, 'color', '', '2022-12-06 16:16:32', '2022-12-06 16:16:33', 46),
(100, 'storage', 'GB', '2022-12-06 16:16:32', '2022-12-06 16:16:33', 46),
(101, 'color', '', '2022-12-06 16:20:01', '2022-12-06 16:20:03', 47),
(102, 'storage', 'GB', '2022-12-06 16:20:01', '2022-12-06 16:20:03', 47),
(103, 'color', '', '2022-12-06 16:29:42', '2022-12-06 16:29:45', 48),
(104, 'storage', 'GB', '2022-12-06 16:29:42', '2022-12-06 16:29:45', 48),
(105, 'color', '', '2022-12-06 16:33:41', '2022-12-06 16:33:42', 49),
(106, 'model', '', '2022-12-06 16:33:41', '2022-12-06 16:33:42', 49),
(107, 'storage', 'GB', '2022-12-06 16:33:41', '2022-12-06 16:33:42', 49),
(108, 'storage', 'GB', '2022-12-06 16:36:47', '2022-12-06 16:36:48', 50),
(109, 'color', '', '2022-12-06 16:36:47', '2022-12-06 16:36:48', 50),
(110, 'color', '', '2022-12-06 16:43:30', '2022-12-06 16:43:31', 51),
(111, 'storage', 'GB', '2022-12-06 16:43:30', '2022-12-06 16:43:32', 51),
(112, 'storage', 'GB', '2022-12-06 16:50:34', '2022-12-06 16:50:35', 52),
(113, 'color', '', '2022-12-06 16:50:34', '2022-12-06 16:50:35', 52),
(114, 'color', '', '2022-12-06 16:53:43', '2022-12-06 16:53:44', 53),
(115, 'model', '', '2022-12-06 16:53:43', '2022-12-06 16:53:44', 53),
(116, 'storage', 'GB', '2022-12-06 16:53:43', '2022-12-06 16:53:44', 53),
(117, 'color', '', '2022-12-06 16:57:30', '2022-12-06 16:57:32', 54),
(118, 'storage', 'GB', '2022-12-06 16:57:30', '2022-12-06 16:57:32', 54),
(119, 'storage', 'GB', '2022-12-06 17:04:06', '2022-12-06 17:04:08', 55),
(120, 'color', '', '2022-12-06 17:04:06', '2022-12-06 17:04:08', 55),
(121, 'model', '', '2022-12-06 17:04:06', '2022-12-06 17:04:08', 55),
(122, 'color', '', '2022-12-06 17:04:59', '2022-12-06 17:05:00', 56),
(123, 'storage', 'GB', '2022-12-06 17:04:59', '2022-12-06 17:05:00', 56),
(124, 'storage', 'GB', '2022-12-06 17:11:26', '2022-12-06 17:11:27', 57),
(125, 'color', '', '2022-12-06 17:11:26', '2022-12-06 17:11:27', 57),
(126, 'model', '', '2022-12-06 17:11:26', '2022-12-06 17:11:27', 57),
(127, 'storage', 'GB', '2022-12-06 17:26:06', '2022-12-06 17:26:08', 58),
(128, 'color', '', '2022-12-06 17:26:06', '2022-12-06 17:26:08', 58),
(129, 'model', '', '2022-12-06 17:26:06', '2022-12-06 17:26:08', 58),
(130, 'storage', 'GB', '2022-12-06 17:37:10', '2022-12-06 17:37:11', 59),
(131, 'color', '', '2022-12-06 17:37:10', '2022-12-06 17:37:11', 59),
(132, 'model', '', '2022-12-06 17:37:10', '2022-12-06 17:37:11', 59),
(133, 'storage', 'GB', '2022-12-06 17:50:07', '2022-12-06 17:50:09', 60),
(134, 'color', '', '2022-12-06 17:50:07', '2022-12-06 17:50:09', 60),
(135, 'model', '', '2022-12-06 17:50:07', '2022-12-06 17:50:09', 60),
(136, 'storage', 'GB', '2022-12-06 18:10:49', '2022-12-06 18:10:50', 61),
(137, 'color', '', '2022-12-06 18:10:49', '2022-12-06 18:10:50', 61),
(138, 'model', '', '2022-12-06 18:10:49', '2022-12-06 18:10:50', 61);

-- --------------------------------------------------------

--
-- Table structure for table `Orders`
--

CREATE TABLE `Orders` (
  `id` int(11) NOT NULL,
  `total` bigint(64) NOT NULL DEFAULT '0',
  `StatusCurrent` varchar(64) COLLATE utf8_unicode_ci NOT NULL DEFAULT '0',
  `note` varchar(255) COLLATE utf8_unicode_ci NOT NULL DEFAULT '0',
  `createdAt` datetime NOT NULL,
  `updatedAt` datetime NOT NULL,
  `customerId` bigint(20) DEFAULT NULL
) ENGINE=InnoDB DEFAULT CHARSET=utf8 COLLATE=utf8_unicode_ci;

-- --------------------------------------------------------

--
-- Table structure for table `order_detail`
--

CREATE TABLE `order_detail` (
  `nameProduct` varchar(255) COLLATE utf8_unicode_ci NOT NULL,
  `price` bigint(255) NOT NULL,
  `qty` bigint(255) NOT NULL,
  `options` json DEFAULT NULL,
  `subtotal` bigint(255) NOT NULL,
  `createdAt` datetime NOT NULL,
  `updatedAt` datetime NOT NULL,
  `orderId` int(11) NOT NULL,
  `productDetailId` int(11) NOT NULL
) ENGINE=InnoDB DEFAULT CHARSET=utf8 COLLATE=utf8_unicode_ci;

-- --------------------------------------------------------

--
-- Table structure for table `order_status_order`
--

CREATE TABLE `order_status_order` (
  `createdAt` datetime NOT NULL,
  `updatedAt` datetime NOT NULL,
  `orderId` int(11) NOT NULL,
  `statusOrderId` bigint(20) NOT NULL
) ENGINE=InnoDB DEFAULT CHARSET=utf8 COLLATE=utf8_unicode_ci;

-- --------------------------------------------------------

--
-- Table structure for table `product_details`
--

CREATE TABLE `product_details` (
  `id` int(11) NOT NULL,
  `price` varchar(255) COLLATE utf8_unicode_ci NOT NULL,
  `image` varchar(255) COLLATE utf8_unicode_ci DEFAULT NULL,
  `createdAt` datetime NOT NULL,
  `updatedAt` datetime NOT NULL,
  `groupProductId` int(11) DEFAULT NULL
) ENGINE=InnoDB DEFAULT CHARSET=utf8 COLLATE=utf8_unicode_ci;

--
-- Dumping data for table `product_details`
--

INSERT INTO `product_details` (`id`, `price`, `image`, `createdAt`, `updatedAt`, `groupProductId`) VALUES
(1, '24750000', 'https://i.ibb.co/DG1Q0Zj/ipad-pro-m1-silver.jpg', '2022-12-06 12:17:43', '2022-12-06 12:17:43', 1),
(2, '25350000', 'https://i.ibb.co/ysgLVF2/ipad-pro-m1-spacegray.jpg', '2022-12-06 12:23:19', '2022-12-06 12:23:20', 1),
(3, '29900000', 'https://i.ibb.co/DG1Q0Zj/ipad-pro-m1-silver.jpg', '2022-12-06 12:24:01', '2022-12-06 12:24:01', 1),
(4, '22450000', 'https://i.ibb.co/9W0kQyN/i-Pad-Pro-11-in-Wi-Fi-Space-Gray.png', '2022-12-06 12:26:51', '2022-12-06 12:26:52', 2),
(5, '24550000', 'https://i.ibb.co/9W0kQyN/i-Pad-Pro-11-in-Wi-Fi-Space-Gray.png', '2022-12-06 12:38:32', '2022-12-06 12:38:33', 2),
(6, '32990000', 'https://i.ibb.co/9W0kQyN/i-Pad-Pro-11-in-Wi-Fi-Space-Gray.png', '2022-12-06 12:43:09', '2022-12-06 12:43:09', 2),
(7, '39990000', 'https://i.ibb.co/9W0kQyN/i-Pad-Pro-11-in-Wi-Fi-Space-Gray.png', '2022-12-06 12:45:21', '2022-12-06 12:45:22', 2),
(8, '50990000', 'https://i.ibb.co/9W0kQyN/i-Pad-Pro-11-in-Wi-Fi-Space-Gray.png', '2022-12-06 12:47:15', '2022-12-06 12:47:16', 2),
(9, '52990000', 'https://i.ibb.co/kH41yFJ/macstudio.png', '2022-12-06 12:48:45', '2022-12-06 12:48:45', 3),
(10, '16990000', 'https://i.ibb.co/QkFJtKZ/macminim1.png', '2022-12-06 12:50:09', '2022-12-06 12:50:09', 4),
(11, '21490000', 'https://i.ibb.co/QkFJtKZ/macminim1.png', '2022-12-06 12:51:08', '2022-12-06 12:51:08', 4),
(12, '26990000', 'https://i.ibb.co/QkFJtKZ/macminim1.png', '2022-12-06 12:51:37', '2022-12-06 12:51:38', 4),
(13, '22990000', 'https://i.ibb.co/QkFJtKZ/macminim1.png', '2022-12-06 12:52:05', '2022-12-06 12:52:05', 4),
(14, '49950000', 'https://i.ibb.co/jfkfCJp/Mac-Book-Pro-14-in-Silver.jpg', '2022-12-06 12:54:47', '2022-12-06 12:54:48', 5),
(15, '49950000', 'https://i.ibb.co/jfkfCJp/Mac-Book-Pro-14-in-Silver.jpg', '2022-12-06 12:56:52', '2022-12-06 12:56:53', 6),
(16, '49950000', 'https://i.ibb.co/jfkfCJp/Mac-Book-Pro-14-in-Silver.jpg https://i.ibb.co/bBZrPw7/Mac-Book-Pro-14-in-Space-Gray.jpg', '2022-12-06 12:57:42', '2022-12-06 12:57:43', 6),
(17, '22450000', 'https://i.ibb.co/G7DnrH6/i-Pad-Pro-11-in-Wi-Fi-Silver.png', '2022-12-06 12:57:45', '2022-12-06 12:57:45', 2),
(18, '44950000', 'https://i.ibb.co/jfkfCJp/Mac-Book-Pro-14-in-Silver.jpg', '2022-12-06 12:58:59', '2022-12-06 12:58:59', 6),
(19, '24550000', 'https://i.ibb.co/G7DnrH6/i-Pad-Pro-11-in-Wi-Fi-Silver.png', '2022-12-06 12:59:11', '2022-12-06 12:59:11', 2),
(20, '44950000', 'https://i.ibb.co/bBZrPw7/Mac-Book-Pro-14-in-Space-Gray.jpg', '2022-12-06 12:59:38', '2022-12-06 12:59:39', 6),
(21, '32990000', 'https://i.ibb.co/G7DnrH6/i-Pad-Pro-11-in-Wi-Fi-Silver.png', '2022-12-06 13:00:12', '2022-12-06 13:00:13', 2),
(22, '61950000', 'https://i.ibb.co/bBZrPw7/Mac-Book-Pro-14-in-Space-Gray.jpg', '2022-12-06 13:00:29', '2022-12-06 13:00:30', 6),
(23, '61950000', 'https://i.ibb.co/jfkfCJp/Mac-Book-Pro-14-in-Silver.jpg', '2022-12-06 13:01:07', '2022-12-06 13:01:07', 6),
(24, '39990000', 'https://i.ibb.co/G7DnrH6/i-Pad-Pro-11-in-Wi-Fi-Silver.png', '2022-12-06 13:01:25', '2022-12-06 13:01:26', 2),
(25, '72290000', 'https://i.ibb.co/jfkfCJp/Mac-Book-Pro-14-in-Silver.jpg', '2022-12-06 13:01:37', '2022-12-06 13:01:38', 6),
(26, '50990000', 'https://i.ibb.co/G7DnrH6/i-Pad-Pro-11-in-Wi-Fi-Silver.png', '2022-12-06 13:02:22', '2022-12-06 13:02:22', 2),
(27, '72290000', 'https://i.ibb.co/bBZrPw7/Mac-Book-Pro-14-in-Space-Gray.jpg', '2022-12-06 13:02:22', '2022-12-06 13:02:23', 6),
(28, '57290000', 'https://i.ibb.co/bBZrPw7/Mac-Book-Pro-14-in-Space-Gray.jpg', '2022-12-06 13:02:52', '2022-12-06 13:02:53', 6),
(29, '57290000', 'https://i.ibb.co/jfkfCJp/Mac-Book-Pro-14-in-Silver.jpg', '2022-12-06 13:03:18', '2022-12-06 13:03:18', 6),
(30, '35150000', 'https://i.ibb.co/ctpjLKs/mac-pro-13-spacegray.webp', '2022-12-06 13:07:53', '2022-12-06 13:07:53', 7),
(31, '42150000', 'https://i.ibb.co/Dbjk0nF/mac-pro-13-silver.webp', '2022-12-06 13:09:08', '2022-12-06 13:09:09', 7),
(32, '36950000', 'https://i.ibb.co/Dbjk0nF/mac-pro-13-silver.webp', '2022-12-06 13:09:36', '2022-12-06 13:09:36', 7),
(33, '30450000', 'https://i.ibb.co/Dbjk0nF/mac-pro-13-silver.webp', '2022-12-06 13:10:02', '2022-12-06 13:10:03', 7),
(34, '57550000', 'https://i.ibb.co/D4g9wGv/Mac-Book-Pro-16-in-Silver-PDP-Image-Position-1-VN.jpg', '2022-12-06 13:13:12', '2022-12-06 13:13:13', 8),
(35, '57550000', 'https://i.ibb.co/gTKZS3f/Mac-Book-Pro-16-in-Space-Gray-PDP-Image-Position-1-VN.jpg', '2022-12-06 13:14:01', '2022-12-06 13:14:01', 8),
(36, '29950000', 'https://i.ibb.co/ysgLVF2/ipad-pro-m1-spacegray.jpg', '2022-12-06 13:14:32', '2022-12-06 13:14:32', 1),
(37, '62990000', 'https://i.ibb.co/gTKZS3f/Mac-Book-Pro-16-in-Space-Gray-PDP-Image-Position-1-VN.jpg', '2022-12-06 13:14:32', '2022-12-06 13:14:33', 8),
(38, '62990000', 'https://i.ibb.co/D4g9wGv/Mac-Book-Pro-16-in-Silver-PDP-Image-Position-1-VN.jpg', '2022-12-06 13:14:55', '2022-12-06 13:14:55', 8),
(39, '68990000', 'https://i.ibb.co/D4g9wGv/Mac-Book-Pro-16-in-Silver-PDP-Image-Position-1-VN.jpg', '2022-12-06 13:15:33', '2022-12-06 13:15:33', 8),
(40, '68990000', 'https://i.ibb.co/gTKZS3f/Mac-Book-Pro-16-in-Space-Gray-PDP-Image-Position-1-VN.jpg', '2022-12-06 13:16:10', '2022-12-06 13:16:10', 8),
(41, '34950000', 'https://i.ibb.co/ysgLVF2/ipad-pro-m1-spacegray.jpg', '2022-12-06 13:16:21', '2022-12-06 13:16:21', 1),
(42, '26450000', 'https://i.ibb.co/DG1Q0Zj/ipad-pro-m1-silver.jpg', '2022-12-06 13:18:28', '2022-12-06 13:18:28', 1),
(43, '34950000', 'https://i.ibb.co/DG1Q0Zj/ipad-pro-m1-silver.jpg', '2022-12-06 13:19:14', '2022-12-06 13:19:14', 1),
(44, '22250000', 'https://i.ibb.co/X2GBv24/macbook-air-m1-2020-8-core-gpu-gold-thumb-650x650-1.png', '2022-12-06 13:20:51', '2022-12-06 13:20:52', 9),
(45, '29990000', 'https://i.ibb.co/X2GBv24/macbook-air-m1-2020-8-core-gpu-gold-thumb-650x650-1.png', '2022-12-06 13:21:48', '2022-12-06 13:21:48', 9),
(46, '28690000', 'https://i.ibb.co/X2GBv24/macbook-air-m1-2020-8-core-gpu-gold-thumb-650x650-1.png', '2022-12-06 13:22:14', '2022-12-06 13:22:14', 9),
(47, '34490000', 'https://i.ibb.co/X2GBv24/macbook-air-m1-2020-8-core-gpu-gold-thumb-650x650-1.png', '2022-12-06 13:22:31', '2022-12-06 13:22:32', 9),
(48, '22250000', 'https://i.ibb.co/xMnzK5c/macbook-air-m1-2020-8-core-gpu-silver-thumb-650x650-1.png', '2022-12-06 13:22:55', '2022-12-06 13:22:56', 9),
(49, '29990000', 'https://i.ibb.co/xMnzK5c/macbook-air-m1-2020-8-core-gpu-silver-thumb-650x650-1.png', '2022-12-06 13:23:09', '2022-12-06 13:23:10', 9),
(50, '28690000', 'https://i.ibb.co/xMnzK5c/macbook-air-m1-2020-8-core-gpu-silver-thumb-650x650-1.png', '2022-12-06 13:23:22', '2022-12-06 13:23:23', 9),
(51, '34490000', 'https://i.ibb.co/xMnzK5c/macbook-air-m1-2020-8-core-gpu-silver-thumb-650x650-1.png', '2022-12-06 13:23:34', '2022-12-06 13:23:34', 9),
(52, '26950000', 'https://i.ibb.co/ysgLVF2/ipad-pro-m1-spacegray.jpg', '2022-12-06 13:23:40', '2022-12-06 13:23:40', 1),
(53, '22250000', 'https://i.ibb.co/Gcjs2cC/macbook-air-m1-2020-8-core-gpu-spacegray-thumb-650x650-1.png', '2022-12-06 13:23:52', '2022-12-06 13:23:52', 9),
(54, '29990000', 'https://i.ibb.co/Gcjs2cC/macbook-air-m1-2020-8-core-gpu-spacegray-thumb-650x650-1.png', '2022-12-06 13:24:04', '2022-12-06 13:24:05', 9),
(55, '28690000', 'https://i.ibb.co/Gcjs2cC/macbook-air-m1-2020-8-core-gpu-spacegray-thumb-650x650-1.png', '2022-12-06 13:24:17', '2022-12-06 13:24:17', 9),
(56, '34490000', 'https://i.ibb.co/Gcjs2cC/macbook-air-m1-2020-8-core-gpu-spacegray-thumb-650x650-1.png', '2022-12-06 13:24:31', '2022-12-06 13:24:31', 9),
(57, '28450000', 'https://i.ibb.co/nrLWbhQ/apple-macbook-air-m2-2022-spacegray.png', '2022-12-06 13:28:13', '2022-12-06 13:28:14', 10),
(58, '35950000', 'https://i.ibb.co/nrLWbhQ/apple-macbook-air-m2-2022-spacegray.png', '2022-12-06 13:28:51', '2022-12-06 13:28:52', 10),
(59, '33550000', 'https://i.ibb.co/nrLWbhQ/apple-macbook-air-m2-2022-spacegray.png', '2022-12-06 13:29:08', '2022-12-06 13:29:09', 10),
(60, '40950000', 'https://i.ibb.co/nrLWbhQ/apple-macbook-air-m2-2022-spacegray.png', '2022-12-06 13:29:28', '2022-12-06 13:29:29', 10),
(61, '28450000', 'https://i.ibb.co/m4VDQp1/apple-macbook-air-m2-2022-starlight.png', '2022-12-06 13:29:54', '2022-12-06 13:29:55', 10),
(62, '35950000', 'https://i.ibb.co/m4VDQp1/apple-macbook-air-m2-2022-starlight.png', '2022-12-06 13:30:09', '2022-12-06 13:30:10', 10),
(63, '33550000', 'https://i.ibb.co/m4VDQp1/apple-macbook-air-m2-2022-starlight.png', '2022-12-06 13:30:22', '2022-12-06 13:30:22', 10),
(64, '40950000', 'https://i.ibb.co/m4VDQp1/apple-macbook-air-m2-2022-starlight.png', '2022-12-06 13:30:34', '2022-12-06 13:30:34', 10),
(65, '28450000', 'https://i.ibb.co/2dzPZHj/apple-macbook-air-m2-2022-sliver.png', '2022-12-06 13:31:05', '2022-12-06 13:31:05', 10),
(66, '35950000', 'https://i.ibb.co/2dzPZHj/apple-macbook-air-m2-2022-sliver.png', '2022-12-06 13:31:19', '2022-12-06 13:31:19', 10),
(67, '33550000', 'https://i.ibb.co/2dzPZHj/apple-macbook-air-m2-2022-sliver.png', '2022-12-06 13:31:31', '2022-12-06 13:31:32', 10),
(68, '40950000', 'https://i.ibb.co/2dzPZHj/apple-macbook-air-m2-2022-sliver.png', '2022-12-06 13:31:43', '2022-12-06 13:31:44', 10),
(69, '28450000', 'https://i.ibb.co/b6XmNfG/apple-macbook-air-m2-2022-midnight.png', '2022-12-06 13:32:04', '2022-12-06 13:32:05', 10),
(70, '35950000', 'https://i.ibb.co/b6XmNfG/apple-macbook-air-m2-2022-midnight.png', '2022-12-06 13:32:18', '2022-12-06 13:32:19', 10),
(71, '33550000', 'https://i.ibb.co/b6XmNfG/apple-macbook-air-m2-2022-midnight.png', '2022-12-06 13:32:30', '2022-12-06 13:32:31', 10),
(72, '40950000', 'https://i.ibb.co/b6XmNfG/apple-macbook-air-m2-2022-midnight.png', '2022-12-06 13:32:44', '2022-12-06 13:32:45', 10),
(73, '29950000', 'https://i.ibb.co/9W0kQyN/i-Pad-Pro-11-in-Wi-Fi-Space-Gray.png', '2022-12-06 13:34:19', '2022-12-06 13:34:19', 11),
(74, '35950000', 'https://i.ibb.co/TK1zv4t/i-Mac-24-in-Pink.webp', '2022-12-06 13:35:39', '2022-12-06 13:35:40', 12),
(75, '39890000', 'https://i.ibb.co/TK1zv4t/i-Mac-24-in-Pink.webp', '2022-12-06 13:37:38', '2022-12-06 13:37:39', 12),
(76, '29450000', 'https://i.ibb.co/TK1zv4t/i-Mac-24-in-Pink.webp', '2022-12-06 13:38:03', '2022-12-06 13:38:03', 12),
(77, '35390000', 'https://i.ibb.co/TK1zv4t/i-Mac-24-in-Pink.webp', '2022-12-06 13:38:26', '2022-12-06 13:38:26', 12),
(78, '33950000', 'https://i.ibb.co/TK1zv4t/i-Mac-24-in-Pink.webp', '2022-12-06 13:38:52', '2022-12-06 13:38:53', 12),
(79, '45490000', 'https://i.ibb.co/TK1zv4t/i-Mac-24-in-Pink.webp', '2022-12-06 13:39:12', '2022-12-06 13:39:13', 12),
(80, '35950000', 'https://i.ibb.co/CW3mNJf/i-Mac-24-in-Green.webp', '2022-12-06 13:39:48', '2022-12-06 13:39:49', 12),
(81, '39890000', 'https://i.ibb.co/CW3mNJf/i-Mac-24-in-Green.webp', '2022-12-06 13:40:11', '2022-12-06 13:40:11', 12),
(82, '29450000', 'https://i.ibb.co/CW3mNJf/i-Mac-24-in-Green.webp', '2022-12-06 13:40:36', '2022-12-06 13:40:36', 12),
(83, '35390000', 'https://i.ibb.co/CW3mNJf/i-Mac-24-in-Green.webp', '2022-12-06 13:40:58', '2022-12-06 13:40:58', 12),
(84, '33950000', 'https://i.ibb.co/CW3mNJf/i-Mac-24-in-Green.webp', '2022-12-06 13:41:16', '2022-12-06 13:41:17', 12),
(85, '45490000', 'https://i.ibb.co/CW3mNJf/i-Mac-24-in-Green.webp', '2022-12-06 13:41:34', '2022-12-06 13:41:35', 12),
(86, '35950000', 'https://i.ibb.co/nsqqws5/i-Mac-24-in-Blue.webp', '2022-12-06 13:42:19', '2022-12-06 13:42:19', 12),
(87, '39890000', 'https://i.ibb.co/nsqqws5/i-Mac-24-in-Blue.webp', '2022-12-06 13:42:46', '2022-12-06 13:42:46', 12),
(88, '29450000', 'https://i.ibb.co/nsqqws5/i-Mac-24-in-Blue.webp', '2022-12-06 13:43:05', '2022-12-06 13:43:06', 12),
(89, '35390000', 'https://i.ibb.co/nsqqws5/i-Mac-24-in-Blue.webp', '2022-12-06 13:43:25', '2022-12-06 13:43:25', 12),
(90, '33950000', 'https://i.ibb.co/nsqqws5/i-Mac-24-in-Blue.webp', '2022-12-06 13:43:42', '2022-12-06 13:43:42', 12),
(91, '32950000', 'https://i.ibb.co/9W0kQyN/i-Pad-Pro-11-in-Wi-Fi-Space-Gray.png', '2022-12-06 13:43:51', '2022-12-06 13:43:52', 1),
(92, '45490000', 'https://i.ibb.co/nsqqws5/i-Mac-24-in-Blue.webp', '2022-12-06 13:44:00', '2022-12-06 13:44:00', 12),
(93, '35950000', 'https://i.ibb.co/SNtZhBD/i-Mac-24-in-Silver.webp', '2022-12-06 13:44:26', '2022-12-06 13:44:27', 12),
(94, '39890000', 'https://i.ibb.co/SNtZhBD/i-Mac-24-in-Silver.webp', '2022-12-06 13:44:49', '2022-12-06 13:44:49', 12),
(95, '29450000', 'https://i.ibb.co/SNtZhBD/i-Mac-24-in-Silver.webp', '2022-12-06 13:45:11', '2022-12-06 13:45:11', 12),
(96, '35390000', 'https://i.ibb.co/SNtZhBD/i-Mac-24-in-Silver.webp', '2022-12-06 13:45:28', '2022-12-06 13:45:28', 12),
(97, '33950000', 'https://i.ibb.co/SNtZhBD/i-Mac-24-in-Silver.webp', '2022-12-06 13:45:53', '2022-12-06 13:45:53', 12),
(98, '39990000', 'https://i.ibb.co/9W0kQyN/i-Pad-Pro-11-in-Wi-Fi-Space-Gray.png', '2022-12-06 13:45:58', '2022-12-06 13:45:59', 1),
(99, '45490000', 'https://i.ibb.co/SNtZhBD/i-Mac-24-in-Silver.webp', '2022-12-06 13:46:07', '2022-12-06 13:46:08', 12),
(100, '47990000', 'https://i.ibb.co/9W0kQyN/i-Pad-Pro-11-in-Wi-Fi-Space-Gray.png', '2022-12-06 13:47:48', '2022-12-06 13:47:49', 1),
(101, '24990000', 'https://i.ibb.co/Dzf2zVR/i-Mac-2020-21-inch.png', '2022-12-06 13:48:48', '2022-12-06 13:48:48', 13),
(102, '58990000', 'https://i.ibb.co/9W0kQyN/i-Pad-Pro-11-in-Wi-Fi-Space-Gray.png', '2022-12-06 13:48:51', '2022-12-06 13:48:52', 1),
(103, '25890000', 'https://i.ibb.co/Dzf2zVR/i-Mac-2020-21-inch.png', '2022-12-06 13:50:15', '2022-12-06 13:50:15', 14),
(104, '29950000', 'https://i.ibb.co/G7DnrH6/i-Pad-Pro-11-in-Wi-Fi-Silver.png', '2022-12-06 13:51:24', '2022-12-06 13:51:24', 1),
(105, '23990000', 'https://i.ibb.co/Dzf2zVR/i-Mac-2020-21-inch.png', '2022-12-06 13:51:39', '2022-12-06 13:51:40', 15),
(106, '32950000', 'https://i.ibb.co/G7DnrH6/i-Pad-Pro-11-in-Wi-Fi-Silver.png', '2022-12-06 13:52:22', '2022-12-06 13:52:23', 1),
(107, '39990000', 'https://i.ibb.co/G7DnrH6/i-Pad-Pro-11-in-Wi-Fi-Silver.png', '2022-12-06 13:53:19', '2022-12-06 13:53:19', 1),
(108, '38950000', 'https://i.ibb.co/9V7WxDd/27i2020.png', '2022-12-06 13:53:23', '2022-12-06 13:53:23', 16),
(109, '47990000', 'https://i.ibb.co/G7DnrH6/i-Pad-Pro-11-in-Wi-Fi-Silver.png', '2022-12-06 13:54:15', '2022-12-06 13:54:16', 1),
(110, '34750000', 'https://i.ibb.co/9V7WxDd/27i2020.png', '2022-12-06 13:54:47', '2022-12-06 13:54:48', 17),
(111, '58990000', 'https://i.ibb.co/G7DnrH6/i-Pad-Pro-11-in-Wi-Fi-Silver.png', '2022-12-06 13:55:12', '2022-12-06 13:55:12', 1),
(112, '4450000', 'https://i.ibb.co/RCqhmxy/airpodspro.png', '2022-12-06 13:57:16', '2022-12-06 13:57:16', 18),
(113, '4190000', 'https://i.ibb.co/2KhDYMn/airpod3.png', '2022-12-06 13:58:33', '2022-12-06 13:58:34', 19),
(114, '4290000', 'https://i.ibb.co/2KhDYMn/airpod3.png', '2022-12-06 13:59:28', '2022-12-06 13:59:28', 20),
(115, '2550000', 'https://i.ibb.co/c1Y2gQG/airpod2.jpg', '2022-12-06 14:00:23', '2022-12-06 14:00:23', 21),
(116, '6350000', 'https://i.ibb.co/qRSj6sv/Air-Pods-Pro-2nd-Gen.png', '2022-12-06 14:01:47', '2022-12-06 14:01:48', 22),
(117, '12590000', 'https://i.ibb.co/BKS2XFD/Air-Pods-Max-Pink-1.webp', '2022-12-06 14:03:49', '2022-12-06 14:03:49', 23),
(118, '35990000', 'https://i.ibb.co/9W0kQyN/i-Pad-Pro-11-in-Wi-Fi-Space-Gray.png', '2022-12-06 14:04:04', '2022-12-06 14:04:04', 24),
(119, '12590000', 'https://i.ibb.co/R4ggmRt/Air-Pods-Max-Sky-Blue-2.webp', '2022-12-06 14:04:47', '2022-12-06 14:04:48', 23),
(120, '12590000', 'https://i.ibb.co/N2LSDr7/Air-Pods-Max-Green-1.webp', '2022-12-06 14:05:06', '2022-12-06 14:05:07', 23),
(121, '12590000', 'https://i.ibb.co/ZWtRdXw/Air-Pods-Max-Silver-1.webp', '2022-12-06 14:05:28', '2022-12-06 14:05:29', 23),
(122, '12590000', 'https://i.ibb.co/GM3B2xR/Air-Pods-Max-Space-Gray-1.webp', '2022-12-06 14:05:41', '2022-12-06 14:05:41', 23),
(123, '22390000', 'https://i.ibb.co/X55f77R/apple-watch-yellow.png', '2022-12-06 14:09:58', '2022-12-06 14:09:58', 25),
(124, '22390000', 'https://i.ibb.co/JtPVFGL/apple-watch-white.png', '2022-12-06 14:10:37', '2022-12-06 14:10:37', 25),
(125, '22390000', 'https://i.ibb.co/rdQf9y9/APPLE-watch-midnight.png', '2022-12-06 14:10:49', '2022-12-06 14:10:50', 25),
(126, '32950000', 'https://i.ibb.co/9W0kQyN/i-Pad-Pro-11-in-Wi-Fi-Space-Gray.png', '2022-12-06 14:11:58', '2022-12-06 14:11:58', 11),
(127, '39990000', 'https://i.ibb.co/9W0kQyN/i-Pad-Pro-11-in-Wi-Fi-Space-Gray.png', '2022-12-06 14:12:39', '2022-12-06 14:12:40', 11),
(128, '47990000', 'https://i.ibb.co/9W0kQyN/i-Pad-Pro-11-in-Wi-Fi-Space-Gray.png', '2022-12-06 14:13:20', '2022-12-06 14:13:20', 11),
(129, '22390000', 'https://i.ibb.co/qMjGkg3/apple-watch-s8-ultra-trail-size-s-blue-gray.png', '2022-12-06 14:13:33', '2022-12-06 14:13:34', 26),
(130, '58990000', 'https://i.ibb.co/9W0kQyN/i-Pad-Pro-11-in-Wi-Fi-Space-Gray.png', '2022-12-06 14:14:00', '2022-12-06 14:14:01', 11),
(131, '22390000', 'https://i.ibb.co/2nhZDpB/apple-watch-s8-ultra-trail-size-s-yellow-beige.png', '2022-12-06 14:14:06', '2022-12-06 14:14:07', 26),
(132, '22390000', 'https://i.ibb.co/Rjqn85g/apple-watch-s8-ultra-trail-size-s-black-gray.png', '2022-12-06 14:14:25', '2022-12-06 14:14:25', 26),
(133, '29950000', 'https://i.ibb.co/G7DnrH6/i-Pad-Pro-11-in-Wi-Fi-Silver.png', '2022-12-06 14:14:51', '2022-12-06 14:14:51', 11),
(134, '32950000', 'https://i.ibb.co/G7DnrH6/i-Pad-Pro-11-in-Wi-Fi-Silver.png', '2022-12-06 14:15:35', '2022-12-06 14:15:36', 11),
(135, '22390000', 'https://i.ibb.co/qMjGkg3/apple-watch-s8-ultra-trail-size-s-blue-gray.png', '2022-12-06 14:15:44', '2022-12-06 14:15:44', 27),
(136, '22390000', 'https://i.ibb.co/2nhZDpB/apple-watch-s8-ultra-trail-size-s-yellow-beige.png', '2022-12-06 14:16:05', '2022-12-06 14:16:06', 27),
(137, '39990000', 'https://i.ibb.co/G7DnrH6/i-Pad-Pro-11-in-Wi-Fi-Silver.png', '2022-12-06 14:16:24', '2022-12-06 14:16:25', 11),
(138, '22390000', 'https://i.ibb.co/Rjqn85g/apple-watch-s8-ultra-trail-size-s-black-gray.png', '2022-12-06 14:16:27', '2022-12-06 14:16:28', 27),
(139, '47990000', 'https://i.ibb.co/G7DnrH6/i-Pad-Pro-11-in-Wi-Fi-Silver.png', '2022-12-06 14:18:56', '2022-12-06 14:18:57', 11),
(140, '22390000', 'https://i.ibb.co/mqcW3X0/AP-starlight.png', '2022-12-06 14:19:01', '2022-12-06 14:19:02', 28),
(141, '58990000', 'https://i.ibb.co/G7DnrH6/i-Pad-Pro-11-in-Wi-Fi-Silver.png', '2022-12-06 14:19:38', '2022-12-06 14:19:39', 11),
(142, '22390000', 'https://i.ibb.co/mqcW3X0/AP-starlight.png', '2022-12-06 14:19:40', '2022-12-06 14:19:40', 28),
(143, '22390000', 'https://i.ibb.co/mqcW3X0/AP-starlight.png', '2022-12-06 14:19:50', '2022-12-06 14:19:50', 28),
(144, '22390000', 'https://i.ibb.co/k3s9XKs/AP-green.png', '2022-12-06 14:20:05', '2022-12-06 14:20:05', 28),
(145, '22390000', 'https://i.ibb.co/k3s9XKs/AP-green.png', '2022-12-06 14:20:16', '2022-12-06 14:20:17', 28),
(146, '22390000', 'https://i.ibb.co/k3s9XKs/AP-green.png', '2022-12-06 14:20:27', '2022-12-06 14:20:28', 28),
(147, '22390000', 'https://i.ibb.co/Jym8t6K/AP-orange.png', '2022-12-06 14:20:48', '2022-12-06 14:20:48', 28),
(148, '22390000', 'https://i.ibb.co/Jym8t6K/AP-orange.png', '2022-12-06 14:21:00', '2022-12-06 14:21:00', 28),
(149, '22390000', 'https://i.ibb.co/Jym8t6K/AP-orange.png', '2022-12-06 14:21:10', '2022-12-06 14:21:10', 28),
(150, '38990000', 'https://i.ibb.co/9W0kQyN/i-Pad-Pro-11-in-Wi-Fi-Space-Gray.png', '2022-12-06 14:23:16', '2022-12-06 14:23:16', 24),
(151, '43990000', 'https://i.ibb.co/9W0kQyN/i-Pad-Pro-11-in-Wi-Fi-Space-Gray.png', '2022-12-06 14:24:02', '2022-12-06 14:24:03', 24),
(152, '51990000', 'https://i.ibb.co/9W0kQyN/i-Pad-Pro-11-in-Wi-Fi-Space-Gray.png', '2022-12-06 14:24:52', '2022-12-06 14:24:52', 24),
(153, '62990000', 'https://i.ibb.co/9W0kQyN/i-Pad-Pro-11-in-Wi-Fi-Space-Gray.png', '2022-12-06 14:25:30', '2022-12-06 14:25:31', 24),
(154, '11150000', 'https://i.ibb.co/cxqBd9Q/apple-watch-s8-41mm-starlightz-650x650-1.png', '2022-12-06 14:26:02', '2022-12-06 14:26:03', 29),
(155, '10250000', 'https://i.ibb.co/cxqBd9Q/apple-watch-s8-41mm-starlightz-650x650-1.png', '2022-12-06 14:26:52', '2022-12-06 14:26:53', 29),
(156, '10250000', 'https://i.ibb.co/P5w89sF/apple-watch-s8-41mm-white.png', '2022-12-06 14:27:23', '2022-12-06 14:27:24', 29),
(157, '11150000', 'https://i.ibb.co/P5w89sF/apple-watch-s8-41mm-white.png', '2022-12-06 14:27:34', '2022-12-06 14:27:34', 29),
(158, '10250000', 'https://i.ibb.co/0cdj9C9/apple-watch-s8-41mm-red.png', '2022-12-06 14:27:54', '2022-12-06 14:27:54', 29),
(159, '11150000', 'https://i.ibb.co/0cdj9C9/apple-watch-s8-41mm-red.png', '2022-12-06 14:28:03', '2022-12-06 14:28:04', 29),
(160, '10250000', 'https://i.ibb.co/kJ9HSz3/apple-watch-s8-41mm-midnight.png', '2022-12-06 14:28:22', '2022-12-06 14:28:22', 29),
(161, '11150000', 'https://i.ibb.co/kJ9HSz3/apple-watch-s8-41mm-midnight.png', '2022-12-06 14:28:32', '2022-12-06 14:28:32', 29),
(162, '35990000', 'https://i.ibb.co/G7DnrH6/i-Pad-Pro-11-in-Wi-Fi-Silver.png', '2022-12-06 14:29:21', '2022-12-06 14:29:22', 24),
(163, '38990000', 'https://i.ibb.co/G7DnrH6/i-Pad-Pro-11-in-Wi-Fi-Silver.png', '2022-12-06 14:30:13', '2022-12-06 14:30:13', 24),
(164, '43990000', 'https://i.ibb.co/G7DnrH6/i-Pad-Pro-11-in-Wi-Fi-Silver.png', '2022-12-06 14:31:49', '2022-12-06 14:31:49', 24),
(165, '21990000', 'https://i.ibb.co/6YTcY03/apple-watch-s8-lte-41mm-day-thep-gold.png', '2022-12-06 14:32:24', '2022-12-06 14:32:24', 30),
(166, '51990000', 'https://i.ibb.co/G7DnrH6/i-Pad-Pro-11-in-Wi-Fi-Silver.png', '2022-12-06 14:32:32', '2022-12-06 14:32:33', 24),
(167, '21990000', 'https://i.ibb.co/cXFZZ9R/apple-watch-s8-lte-41mm-day-thep-graphite.png', '2022-12-06 14:33:04', '2022-12-06 14:33:05', 30),
(168, '62990000', 'https://i.ibb.co/G7DnrH6/i-Pad-Pro-11-in-Wi-Fi-Silver.png', '2022-12-06 14:33:13', '2022-12-06 14:33:13', 24),
(169, '21990000', 'https://i.ibb.co/pZ7QbrH/apple-watch-s8-lte-41mm-day-thep-silver.png', '2022-12-06 14:33:21', '2022-12-06 14:33:21', 30),
(170, '19990000', 'https://i.ibb.co/pZ7QbrH/apple-watch-s8-lte-41mm-day-thep-silver.png', '2022-12-06 14:33:59', '2022-12-06 14:33:59', 30),
(171, '19990000', 'https://i.ibb.co/cXFZZ9R/apple-watch-s8-lte-41mm-day-thep-graphite.png', '2022-12-06 14:34:17', '2022-12-06 14:34:18', 30),
(172, '19990000', 'https://i.ibb.co/6YTcY03/apple-watch-s8-lte-41mm-day-thep-gold.png', '2022-12-06 14:34:30', '2022-12-06 14:34:31', 30),
(173, '18990000', 'https://i.ibb.co/vqLfTY9/apple-watch-s8-lte-41mm-vien-thep-gold.png', '2022-12-06 14:36:45', '2022-12-06 14:36:46', 31),
(174, '20990000', 'https://i.ibb.co/vqLfTY9/apple-watch-s8-lte-41mm-vien-thep-gold.png', '2022-12-06 14:37:26', '2022-12-06 14:37:27', 31),
(175, '18990000', 'https://i.ibb.co/SXMmy90/apple-watch-s8-lte-41mm-vien-thep-graphite.png', '2022-12-06 14:37:53', '2022-12-06 14:37:53', 31),
(176, '20990000', 'https://i.ibb.co/SXMmy90/apple-watch-s8-lte-41mm-vien-thep-graphite.png', '2022-12-06 14:38:10', '2022-12-06 14:38:10', 31),
(177, '18990000', 'https://i.ibb.co/Wx4W6FZ/apple-watch-s8-lte-41mm-vien-thep-silver.png', '2022-12-06 14:38:23', '2022-12-06 14:38:23', 31),
(178, '20990000', 'https://i.ibb.co/Wx4W6FZ/apple-watch-s8-lte-41mm-vien-thep-silver.png', '2022-12-06 14:38:35', '2022-12-06 14:38:35', 31),
(179, '11150000', 'https://i.ibb.co/0cdj9C9/apple-watch-s8-41mm-red.png', '2022-12-06 14:40:32', '2022-12-06 14:40:33', 32),
(180, '10250000', 'https://i.ibb.co/0cdj9C9/apple-watch-s8-41mm-red.png', '2022-12-06 14:41:12', '2022-12-06 14:41:12', 32),
(181, '11150000', 'https://i.ibb.co/cxqBd9Q/apple-watch-s8-41mm-starlightz-650x650-1.png', '2022-12-06 14:41:36', '2022-12-06 14:41:37', 32),
(182, '10250000', 'https://i.ibb.co/cxqBd9Q/apple-watch-s8-41mm-starlightz-650x650-1.png', '2022-12-06 14:41:46', '2022-12-06 14:41:47', 32),
(183, '10250000', 'https://i.ibb.co/P5w89sF/apple-watch-s8-41mm-white.png', '2022-12-06 14:42:03', '2022-12-06 14:42:04', 32),
(184, '11150000', 'https://i.ibb.co/P5w89sF/apple-watch-s8-41mm-white.png', '2022-12-06 14:42:27', '2022-12-06 14:42:28', 32),
(185, '26550000', 'https://i.ibb.co/9W0kQyN/i-Pad-Pro-11-in-Wi-Fi-Space-Gray.png', '2022-12-06 14:42:29', '2022-12-06 14:42:29', 33),
(186, '10250000', 'https://i.ibb.co/kJ9HSz3/apple-watch-s8-41mm-midnight.png', '2022-12-06 14:42:45', '2022-12-06 14:42:46', 32),
(187, '11150000', 'https://i.ibb.co/kJ9HSz3/apple-watch-s8-41mm-midnight.png', '2022-12-06 14:42:57', '2022-12-06 14:42:58', 32),
(188, '28950000', 'https://i.ibb.co/9W0kQyN/i-Pad-Pro-11-in-Wi-Fi-Space-Gray.png', '2022-12-06 14:45:07', '2022-12-06 14:45:08', 33),
(189, '36990000', 'https://i.ibb.co/9W0kQyN/i-Pad-Pro-11-in-Wi-Fi-Space-Gray.png', '2022-12-06 14:45:51', '2022-12-06 14:45:52', 33),
(190, '43990000', 'https://i.ibb.co/9W0kQyN/i-Pad-Pro-11-in-Wi-Fi-Space-Gray.png', '2022-12-06 14:46:35', '2022-12-06 14:46:36', 33),
(191, '54990000', 'https://i.ibb.co/9W0kQyN/i-Pad-Pro-11-in-Wi-Fi-Space-Gray.png', '2022-12-06 14:47:14', '2022-12-06 14:47:15', 33),
(192, '26550000', 'https://i.ibb.co/G7DnrH6/i-Pad-Pro-11-in-Wi-Fi-Silver.png', '2022-12-06 14:49:14', '2022-12-06 14:49:15', 33),
(193, '28950000', 'https://i.ibb.co/G7DnrH6/i-Pad-Pro-11-in-Wi-Fi-Silver.png', '2022-12-06 14:50:02', '2022-12-06 14:50:03', 33),
(194, '36990000', 'https://i.ibb.co/G7DnrH6/i-Pad-Pro-11-in-Wi-Fi-Silver.png', '2022-12-06 14:50:50', '2022-12-06 14:50:51', 33),
(195, '43990000', 'https://i.ibb.co/G7DnrH6/i-Pad-Pro-11-in-Wi-Fi-Silver.png', '2022-12-06 14:51:37', '2022-12-06 14:51:37', 33),
(196, '54990000', 'https://i.ibb.co/G7DnrH6/i-Pad-Pro-11-in-Wi-Fi-Silver.png', '2022-12-06 14:52:29', '2022-12-06 14:52:30', 33),
(197, '35990000', 'https://i.ibb.co/9W0kQyN/i-Pad-Pro-11-in-Wi-Fi-Space-Gray.png', '2022-12-06 14:57:25', '2022-12-06 14:57:26', 34),
(198, '38990000', 'https://i.ibb.co/9W0kQyN/i-Pad-Pro-11-in-Wi-Fi-Space-Gray.png', '2022-12-06 15:03:53', '2022-12-06 15:03:53', 34),
(199, '43990000', 'https://i.ibb.co/9W0kQyN/i-Pad-Pro-11-in-Wi-Fi-Space-Gray.png', '2022-12-06 15:04:51', '2022-12-06 15:04:51', 34),
(200, '51990000', 'https://i.ibb.co/9W0kQyN/i-Pad-Pro-11-in-Wi-Fi-Space-Gray.png', '2022-12-06 15:05:39', '2022-12-06 15:05:40', 34),
(201, '62990000', 'https://i.ibb.co/9W0kQyN/i-Pad-Pro-11-in-Wi-Fi-Space-Gray.png', '2022-12-06 15:06:16', '2022-12-06 15:06:17', 34),
(202, '35990000', 'https://i.ibb.co/G7DnrH6/i-Pad-Pro-11-in-Wi-Fi-Silver.png', '2022-12-06 15:07:02', '2022-12-06 15:07:03', 34),
(203, '38990000', 'https://i.ibb.co/G7DnrH6/i-Pad-Pro-11-in-Wi-Fi-Silver.png', '2022-12-06 15:07:48', '2022-12-06 15:07:49', 34),
(204, '43990000', 'https://i.ibb.co/G7DnrH6/i-Pad-Pro-11-in-Wi-Fi-Silver.png', '2022-12-06 15:08:59', '2022-12-06 15:09:00', 34),
(205, '51990000', 'https://i.ibb.co/G7DnrH6/i-Pad-Pro-11-in-Wi-Fi-Silver.png', '2022-12-06 15:10:12', '2022-12-06 15:10:12', 34),
(206, '62990000', 'https://i.ibb.co/G7DnrH6/i-Pad-Pro-11-in-Wi-Fi-Silver.png', '2022-12-06 15:11:05', '2022-12-06 15:11:05', 34),
(207, '11550000', 'https://i.ibb.co/3kJQXfF/Apple-Watch-Series-7-Cell-41mm-Product-RED-Aluminum-Product-Red-Sport1.jpg', '2022-12-06 15:23:26', '2022-12-06 15:23:26', 35),
(208, '11150000', 'https://i.ibb.co/yBbPVfg/Apple-Watch-Series-7-Cell-41mm-Green-Aluminum.jpg', '2022-12-06 15:24:05', '2022-12-06 15:24:05', 35),
(209, '11150000', 'https://i.ibb.co/6H3xKtM/Apple-Watch-Series-7-Cell-41mm-Blue-Aluminum-Abyss-Blue.jpg', '2022-12-06 15:24:27', '2022-12-06 15:24:28', 35),
(210, '11550000', 'https://i.ibb.co/cQ4kqD3/Apple-Watch-Series-7-Cell-41mm-Starlight-Aluminum-Starlight.jpg', '2022-12-06 15:24:43', '2022-12-06 15:24:44', 35),
(211, '11550000', 'https://i.ibb.co/T85dftM/Apple-Watch-Series-7-Cell-41mm-Midnight-Aluminum-Midnight.jpg', '2022-12-06 15:24:57', '2022-12-06 15:24:57', 35),
(212, '8750000', 'https://i.ibb.co/T85dftM/Apple-Watch-Series-7-Cell-41mm-Midnight-Aluminum-Midnight.jpg', '2022-12-06 15:26:32', '2022-12-06 15:26:32', 36),
(213, '10550000', 'https://i.ibb.co/T85dftM/Apple-Watch-Series-7-Cell-41mm-Midnight-Aluminum-Midnight.jpg', '2022-12-06 15:27:15', '2022-12-06 15:27:15', 36),
(214, '10550000', 'https://i.ibb.co/cQ4kqD3/Apple-Watch-Series-7-Cell-41mm-Starlight-Aluminum-Starlight.jpg', '2022-12-06 15:27:33', '2022-12-06 15:27:33', 36),
(215, '8750000', 'https://i.ibb.co/cQ4kqD3/Apple-Watch-Series-7-Cell-41mm-Starlight-Aluminum-Starlight.jpg', '2022-12-06 15:27:43', '2022-12-06 15:27:44', 36),
(216, '8750000', 'https://i.ibb.co/6H3xKtM/Apple-Watch-Series-7-Cell-41mm-Blue-Aluminum-Abyss-Blue.jpg', '2022-12-06 15:28:02', '2022-12-06 15:28:02', 36),
(217, '10550000', 'https://i.ibb.co/6H3xKtM/Apple-Watch-Series-7-Cell-41mm-Blue-Aluminum-Abyss-Blue.jpg', '2022-12-06 15:28:16', '2022-12-06 15:28:17', 36),
(218, '8750000', 'https://i.ibb.co/yBbPVfg/Apple-Watch-Series-7-Cell-41mm-Green-Aluminum.jpg', '2022-12-06 15:28:43', '2022-12-06 15:28:44', 36),
(219, '10550000', 'https://i.ibb.co/yBbPVfg/Apple-Watch-Series-7-Cell-41mm-Green-Aluminum.jpg', '2022-12-06 15:28:55', '2022-12-06 15:28:56', 36),
(220, '8750000', 'https://i.ibb.co/3kJQXfF/Apple-Watch-Series-7-Cell-41mm-Product-RED-Aluminum-Product-Red-Sport1.jpg', '2022-12-06 15:29:07', '2022-12-06 15:29:07', 36),
(221, '10550000', 'https://i.ibb.co/3kJQXfF/Apple-Watch-Series-7-Cell-41mm-Product-RED-Aluminum-Product-Red-Sport1.jpg', '2022-12-06 15:29:19', '2022-12-06 15:29:19', 36),
(222, '8750000', 'https://i.ibb.co/0mWTkMn/apple-watch-se-2022-gps-40mm-silver.png', '2022-12-06 15:44:52', '2022-12-06 15:44:52', 37),
(223, '7950000', 'https://i.ibb.co/0mWTkMn/apple-watch-se-2022-gps-40mm-silver.png', '2022-12-06 15:46:09', '2022-12-06 15:46:09', 37),
(224, '8750000', 'https://i.ibb.co/wQLXkYL/apple-watch-se-2022-gps-40mm-starlight.png', '2022-12-06 15:46:30', '2022-12-06 15:46:31', 37),
(225, '7950000', 'https://i.ibb.co/wQLXkYL/apple-watch-se-2022-gps-40mm-starlight.png', '2022-12-06 15:46:49', '2022-12-06 15:46:49', 37),
(226, '7950000', 'https://i.ibb.co/Bfj5LQK/apple-watch-se-2022-gps-40mm-midnight.png', '2022-12-06 15:47:09', '2022-12-06 15:47:10', 37),
(227, '8750000', 'https://i.ibb.co/Bfj5LQK/apple-watch-se-2022-gps-40mm-midnight.png', '2022-12-06 15:47:25', '2022-12-06 15:47:26', 37),
(228, '15950000', 'https://i.ibb.co/jMQ8fkS/i-Pad-air-gen4-silver.png', '2022-12-06 15:49:11', '2022-12-06 15:49:11', 38),
(229, '6650000', 'https://i.ibb.co/Bfj5LQK/apple-watch-se-2022-gps-40mm-midnight.png', '2022-12-06 15:49:26', '2022-12-06 15:49:27', 39),
(230, '7650000', 'https://i.ibb.co/Bfj5LQK/apple-watch-se-2022-gps-40mm-midnight.png', '2022-12-06 15:50:08', '2022-12-06 15:50:08', 39),
(231, '6650000', 'https://i.ibb.co/wQLXkYL/apple-watch-se-2022-gps-40mm-starlight.png', '2022-12-06 15:50:35', '2022-12-06 15:50:35', 39),
(232, '7650000', 'https://i.ibb.co/wQLXkYL/apple-watch-se-2022-gps-40mm-starlight.png', '2022-12-06 15:50:54', '2022-12-06 15:50:54', 39),
(233, '6650000', 'https://i.ibb.co/0mWTkMn/apple-watch-se-2022-gps-40mm-silver.png', '2022-12-06 15:51:10', '2022-12-06 15:51:11', 39),
(234, '7650000', 'https://i.ibb.co/0mWTkMn/apple-watch-se-2022-gps-40mm-silver.png', '2022-12-06 15:51:23', '2022-12-06 15:51:23', 39),
(235, '15950000', 'https://i.ibb.co/3r4Xt3w/i-Pad-air-gen4-space-grey.png', '2022-12-06 15:51:40', '2022-12-06 15:51:40', 38),
(236, '15950000', 'https://i.ibb.co/3vr9Zqn/i-Pad-air-gen4-green.png', '2022-12-06 15:52:57', '2022-12-06 15:52:58', 38),
(237, '5840000', 'https://i.ibb.co/f2K2fdZ/Apple-Watch-SE-GPS-40mm-Gold.webp', '2022-12-06 15:53:50', '2022-12-06 15:53:51', 40),
(238, '15950000', 'https://i.ibb.co/HVmSwJB/i-Pad-air-gen4-skyblue.png', '2022-12-06 15:54:13', '2022-12-06 15:54:14', 38),
(239, '6990000', 'https://i.ibb.co/f2K2fdZ/Apple-Watch-SE-GPS-40mm-Gold.webp', '2022-12-06 15:54:44', '2022-12-06 15:54:45', 40),
(240, '6990000', 'https://i.ibb.co/2Y6BsXH/ap-blue.png', '2022-12-06 15:55:05', '2022-12-06 15:55:06', 40),
(241, '15950000', 'https://i.ibb.co/THYy2F1/i-Pad-air-gen4-gold.png', '2022-12-06 15:55:20', '2022-12-06 15:55:21', 38),
(242, '5840000', 'https://i.ibb.co/2Y6BsXH/ap-blue.png', '2022-12-06 15:55:23', '2022-12-06 15:55:24', 40),
(243, '5840000', 'https://i.ibb.co/df6x8h9/Apple-Watch-SE-GPS-40mm-Space-Gray.jpg', '2022-12-06 15:55:44', '2022-12-06 15:55:44', 40),
(244, '6990000', 'https://i.ibb.co/df6x8h9/Apple-Watch-SE-GPS-40mm-Space-Gray.jpg', '2022-12-06 15:56:00', '2022-12-06 15:56:00', 40),
(245, '8290000', 'https://i.ibb.co/df6x8h9/Apple-Watch-SE-GPS-40mm-Space-Gray.jpg', '2022-12-06 15:57:23', '2022-12-06 15:57:24', 41),
(246, '7650000', 'https://i.ibb.co/df6x8h9/Apple-Watch-SE-GPS-40mm-Space-Gray.jpg', '2022-12-06 15:58:10', '2022-12-06 15:58:10', 41),
(247, '7650000', 'https://i.ibb.co/2Y6BsXH/ap-blue.png', '2022-12-06 15:58:40', '2022-12-06 15:58:40', 41),
(248, '8290000', 'https://i.ibb.co/2Y6BsXH/ap-blue.png', '2022-12-06 15:58:57', '2022-12-06 15:58:57', 41),
(249, '8290000', 'https://i.ibb.co/f2K2fdZ/Apple-Watch-SE-GPS-40mm-Gold.webp', '2022-12-06 15:59:15', '2022-12-06 15:59:16', 41),
(250, '15150000', 'https://i.ibb.co/9wSM761/i-Pad-Air-Cellular-Space-Gray-PDP-Image-5-G-Position-1a-VN.jpg', '2022-12-06 15:59:19', '2022-12-06 15:59:19', 42),
(251, '7650000', 'https://i.ibb.co/f2K2fdZ/Apple-Watch-SE-GPS-40mm-Gold.webp', '2022-12-06 15:59:46', '2022-12-06 15:59:47', 41),
(252, '15350000', 'https://i.ibb.co/8Nwk6vg/i-Pad-Air-Wi-Fi-Starlight-PDP-Image-Position-1a-VN.jpg', '2022-12-06 16:01:18', '2022-12-06 16:01:19', 42),
(253, '12450000', 'https://i.ibb.co/FBws2gH/VN-Apple-Watch-Series-6-LTE-40mm-Gold-Stainless-Steel-Cyprus-Green.jpg', '2022-12-06 16:02:35', '2022-12-06 16:02:35', 43),
(254, '15350000', 'https://i.ibb.co/WshbbZL/i-Pad-Air-Wi-Fi-Blue-PDP-Image-Position-1a-VN.jpg', '2022-12-06 16:02:58', '2022-12-06 16:02:59', 42),
(255, '13450000', 'https://i.ibb.co/FBws2gH/VN-Apple-Watch-Series-6-LTE-40mm-Gold-Stainless-Steel-Cyprus-Green.jpg', '2022-12-06 16:03:10', '2022-12-06 16:03:10', 43),
(256, '12450000', 'https://i.ibb.co/BgVpgbg/VN-Apple-Watch-Series-6-LTE-40mm-Silver-Stainless-Steel-silver.jpg', '2022-12-06 16:03:27', '2022-12-06 16:03:28', 43),
(257, '13450000', 'https://i.ibb.co/BgVpgbg/VN-Apple-Watch-Series-6-LTE-40mm-Silver-Stainless-Steel-silver.jpg', '2022-12-06 16:03:37', '2022-12-06 16:03:37', 43),
(258, '12450000', 'https://i.ibb.co/yswC7yC/VN-Apple-Watch-Series-6-LTE-40mm-Graphite-Stainless-Steel-graphite.jpg', '2022-12-06 16:03:59', '2022-12-06 16:03:59', 43),
(259, '15350000', 'https://i.ibb.co/nmN8Z9M/i-Pad-Air-Wi-Fi-Purple-PDP-Image-Position-1a-VN.jpg', '2022-12-06 16:04:15', '2022-12-06 16:04:16', 42),
(260, '13450000', 'https://i.ibb.co/yswC7yC/VN-Apple-Watch-Series-6-LTE-40mm-Graphite-Stainless-Steel-graphite.jpg', '2022-12-06 16:04:15', '2022-12-06 16:04:16', 43),
(261, '15350000', 'https://i.ibb.co/Yh7gdk5/i-Pad-Air-Wi-Fi-Pink-PDP-Image-Position-1a-VN.jpg', '2022-12-06 16:05:32', '2022-12-06 16:05:33', 42),
(262, '4350000', 'https://i.ibb.co/Jvd3ZhK/apple-watch-s3-spacegray.png', '2022-12-06 16:06:28', '2022-12-06 16:06:29', 44),
(263, '4850000', 'https://i.ibb.co/Jvd3ZhK/apple-watch-s3-spacegray.png', '2022-12-06 16:07:05', '2022-12-06 16:07:07', 44),
(264, '4350000', 'https://i.ibb.co/TtkqT12/apple-watch-s3-silver.png', '2022-12-06 16:07:26', '2022-12-06 16:07:27', 44),
(265, '4850000', 'https://i.ibb.co/TtkqT12/apple-watch-s3-silver.png', '2022-12-06 16:07:42', '2022-12-06 16:07:44', 44),
(266, '18650000', 'https://i.ibb.co/Yh7gdk5/i-Pad-Air-Wi-Fi-Pink-PDP-Image-Position-1a-VN.jpg', '2022-12-06 16:08:01', '2022-12-06 16:08:02', 42),
(267, '18650000', 'https://i.ibb.co/0D3n6P7/i-Pad-Air-Cellular-Starlight-PDP-Image-5-G-Position-1a-VN.jpg', '2022-12-06 16:09:40', '2022-12-06 16:09:41', 42),
(268, '9990000', 'https://i.ibb.co/5WGcdng/i-Phone-SE-red.jpg', '2022-12-06 16:10:39', '2022-12-06 16:10:40', 45),
(269, '18550000', 'https://i.ibb.co/9wSM761/i-Pad-Air-Cellular-Space-Gray-PDP-Image-5-G-Position-1a-VN.jpg', '2022-12-06 16:11:21', '2022-12-06 16:11:22', 42),
(270, '11990000', 'https://i.ibb.co/5WGcdng/i-Phone-SE-red.jpg', '2022-12-06 16:11:21', '2022-12-06 16:11:22', 45),
(271, '14990000', 'https://i.ibb.co/5WGcdng/i-Phone-SE-red.jpg', '2022-12-06 16:11:50', '2022-12-06 16:11:52', 45),
(272, '14990000', 'https://i.ibb.co/m9ynqmB/i-Phone-SE-Starlight.jpg', '2022-12-06 16:12:09', '2022-12-06 16:12:09', 45),
(273, '11990000', 'https://i.ibb.co/m9ynqmB/i-Phone-SE-Starlight.jpg', '2022-12-06 16:12:21', '2022-12-06 16:12:22', 45),
(274, '9990000', 'https://i.ibb.co/m9ynqmB/i-Phone-SE-Starlight.jpg', '2022-12-06 16:12:34', '2022-12-06 16:12:35', 45),
(275, '14990000', 'https://i.ibb.co/FbjPyR9/i-Phone-SE-Midnight.jpg', '2022-12-06 16:12:52', '2022-12-06 16:12:53', 45),
(276, '11990000', 'https://i.ibb.co/FbjPyR9/i-Phone-SE-Midnight.jpg', '2022-12-06 16:13:03', '2022-12-06 16:13:04', 45),
(277, '9990000', 'https://i.ibb.co/FbjPyR9/i-Phone-SE-Midnight.jpg', '2022-12-06 16:13:13', '2022-12-06 16:13:13', 45),
(278, '18650000', 'https://i.ibb.co/WshbbZL/i-Pad-Air-Wi-Fi-Blue-PDP-Image-Position-1a-VN.jpg', '2022-12-06 16:13:56', '2022-12-06 16:13:56', 42),
(279, '18650000', 'https://i.ibb.co/nmN8Z9M/i-Pad-Air-Wi-Fi-Purple-PDP-Image-Position-1a-VN.jpg', '2022-12-06 16:15:25', '2022-12-06 16:15:26', 42),
(280, '10850000', 'https://i.ibb.co/Lh002xH/iphone-11-black-1-650x650-1.png', '2022-12-06 16:16:30', '2022-12-06 16:16:31', 46),
(281, '12650000', 'https://i.ibb.co/Lh002xH/iphone-11-black-1-650x650-1.png', '2022-12-06 16:17:13', '2022-12-06 16:17:14', 46),
(282, '10850000', 'https://i.ibb.co/9rC7mgM/iphone-11-white-1-650x650-1.png', '2022-12-06 16:17:33', '2022-12-06 16:17:33', 46),
(283, '12650000', 'https://i.ibb.co/9rC7mgM/iphone-11-white-1-650x650-1.png', '2022-12-06 16:17:46', '2022-12-06 16:17:47', 46),
(284, '15950000', 'https://i.ibb.co/4FRSpd3/iphone-12-red.png', '2022-12-06 16:20:00', '2022-12-06 16:20:01', 47),
(285, '17590000', 'https://i.ibb.co/4FRSpd3/iphone-12-red.png', '2022-12-06 16:20:38', '2022-12-06 16:20:39', 47),
(286, '15950000', 'https://i.ibb.co/wy8GK3p/iphone-12-purple.png', '2022-12-06 16:21:00', '2022-12-06 16:21:01', 47),
(287, '17590000', 'https://i.ibb.co/wy8GK3p/iphone-12-purple.png', '2022-12-06 16:21:17', '2022-12-06 16:21:19', 47),
(288, '15950000', 'https://i.ibb.co/wWP2kcq/iphone-12-green.png', '2022-12-06 16:21:42', '2022-12-06 16:21:42', 47),
(289, '17590000', 'https://i.ibb.co/wWP2kcq/iphone-12-green.png', '2022-12-06 16:21:56', '2022-12-06 16:21:58', 47),
(290, '15950000', 'https://i.ibb.co/dBB3B8j/iphone-12-blue.png', '2022-12-06 16:25:27', '2022-12-06 16:25:28', 47),
(291, '17590000', 'https://i.ibb.co/dBB3B8j/iphone-12-blue.png', '2022-12-06 16:25:57', '2022-12-06 16:25:57', 47),
(292, '15950000', 'https://i.ibb.co/dBB3B8j/iphone-12-blue.png', '2022-12-06 16:26:32', '2022-12-06 16:26:32', 47),
(293, '15950000', 'https://i.ibb.co/TK3ZYF0/iphone-12-black.png', '2022-12-06 16:26:32', '2022-12-06 16:26:32', 47),
(294, '17590000', 'https://i.ibb.co/TK3ZYF0/iphone-12-black.png', '2022-12-06 16:26:45', '2022-12-06 16:26:46', 47),
(295, '18990000', 'https://i.ibb.co/9gyJz7R/iphone-13-pink.png', '2022-12-06 16:29:39', '2022-12-06 16:29:41', 48),
(296, '21690000', 'https://i.ibb.co/9gyJz7R/iphone-13-pink.png', '2022-12-06 16:30:52', '2022-12-06 16:30:53', 48),
(297, '24890000', 'https://i.ibb.co/9gyJz7R/iphone-13-pink.png', '2022-12-06 16:31:12', '2022-12-06 16:31:13', 48),
(298, '18990000', 'https://i.ibb.co/kqMBttX/iphone-13-red.png', '2022-12-06 16:31:26', '2022-12-06 16:31:27', 48),
(299, '21690000', 'https://i.ibb.co/kqMBttX/iphone-13-red.png', '2022-12-06 16:31:44', '2022-12-06 16:31:44', 48),
(300, '24890000', 'https://i.ibb.co/kqMBttX/iphone-13-red.png', '2022-12-06 16:31:59', '2022-12-06 16:31:59', 48),
(301, '18990000', 'https://i.ibb.co/9bVsmFY/iphone-13-blue.png', '2022-12-06 16:32:18', '2022-12-06 16:32:18', 48),
(302, '21690000', 'https://i.ibb.co/9bVsmFY/iphone-13-blue.png', '2022-12-06 16:32:32', '2022-12-06 16:32:32', 48),
(303, '24890000', 'https://i.ibb.co/9bVsmFY/iphone-13-blue.png', '2022-12-06 16:32:46', '2022-12-06 16:32:47', 48),
(304, '18990000', 'https://i.ibb.co/XVcM1NS/iphone-13-white.png', '2022-12-06 16:33:05', '2022-12-06 16:33:06', 48),
(305, '21690000', 'https://i.ibb.co/XVcM1NS/iphone-13-white.png', '2022-12-06 16:33:30', '2022-12-06 16:33:31', 48),
(306, '18150000', 'https://i.ibb.co/9wSM761/i-Pad-Air-Cellular-Space-Gray-PDP-Image-5-G-Position-1a-VN.jpg', '2022-12-06 16:33:40', '2022-12-06 16:33:41', 49),
(307, '24890000', 'https://i.ibb.co/XVcM1NS/iphone-13-white.png', '2022-12-06 16:34:01', '2022-12-06 16:34:02', 48),
(308, '18990000', 'https://i.ibb.co/1GzfV4Z/iphone-13-black.png', '2022-12-06 16:34:30', '2022-12-06 16:34:30', 48),
(309, '21690000', 'https://i.ibb.co/1GzfV4Z/iphone-13-black.png', '2022-12-06 16:34:46', '2022-12-06 16:34:47', 48),
(310, '24890000', 'https://i.ibb.co/1GzfV4Z/iphone-13-black.png', '2022-12-06 16:35:04', '2022-12-06 16:35:06', 48),
(311, '18150000', 'https://i.ibb.co/WshbbZL/i-Pad-Air-Wi-Fi-Blue-PDP-Image-Position-1a-VN.jpg', '2022-12-06 16:36:36', '2022-12-06 16:36:36', 49),
(312, '17490000', 'https://i.ibb.co/1GzfV4Z/iphone-13-black.png', '2022-12-06 16:36:46', '2022-12-06 16:36:47', 50),
(313, '19990000', 'https://i.ibb.co/1GzfV4Z/iphone-13-black.png', '2022-12-06 16:37:54', '2022-12-06 16:37:54', 50),
(314, '21990000', 'https://i.ibb.co/1GzfV4Z/iphone-13-black.png', '2022-12-06 16:38:31', '2022-12-06 16:38:32', 50),
(315, '17490000', 'https://i.ibb.co/XVcM1NS/iphone-13-white.png', '2022-12-06 16:38:49', '2022-12-06 16:38:49', 50),
(316, '17950000', 'https://i.ibb.co/nmN8Z9M/i-Pad-Air-Wi-Fi-Purple-PDP-Image-Position-1a-VN.jpg', '2022-12-06 16:38:58', '2022-12-06 16:38:58', 49),
(317, '19990000', 'https://i.ibb.co/XVcM1NS/iphone-13-white.png', '2022-12-06 16:39:04', '2022-12-06 16:39:05', 50),
(318, '21990000', 'https://i.ibb.co/XVcM1NS/iphone-13-white.png', '2022-12-06 16:39:20', '2022-12-06 16:39:21', 50),
(319, '17490000', 'https://i.ibb.co/9bVsmFY/iphone-13-blue.png', '2022-12-06 16:39:35', '2022-12-06 16:39:36', 50),
(320, '19990000', 'https://i.ibb.co/9bVsmFY/iphone-13-blue.png', '2022-12-06 16:39:48', '2022-12-06 16:39:48', 50),
(321, '21990000', 'https://i.ibb.co/9bVsmFY/iphone-13-blue.png', '2022-12-06 16:40:00', '2022-12-06 16:40:02', 50),
(322, '17490000', 'https://i.ibb.co/kqMBttX/iphone-13-red.png', '2022-12-06 16:40:15', '2022-12-06 16:40:16', 50),
(323, '19990000', 'https://i.ibb.co/kqMBttX/iphone-13-red.png', '2022-12-06 16:40:29', '2022-12-06 16:40:30', 50),
(324, '21990000', 'https://i.ibb.co/kqMBttX/iphone-13-red.png', '2022-12-06 16:40:43', '2022-12-06 16:40:44', 50),
(325, '17490000', 'https://i.ibb.co/9gyJz7R/iphone-13-pink.png', '2022-12-06 16:41:02', '2022-12-06 16:41:03', 50),
(326, '18150000', 'https://i.ibb.co/0D3n6P7/i-Pad-Air-Cellular-Starlight-PDP-Image-5-G-Position-1a-VN.jpg', '2022-12-06 16:41:04', '2022-12-06 16:41:05', 49),
(327, '19990000', 'https://i.ibb.co/9gyJz7R/iphone-13-pink.png', '2022-12-06 16:41:14', '2022-12-06 16:41:15', 50),
(328, '21990000', 'https://i.ibb.co/9gyJz7R/iphone-13-pink.png', '2022-12-06 16:41:27', '2022-12-06 16:41:28', 50),
(329, '18150000', 'https://i.ibb.co/4J3bqWp/i-Pad-Air-Cellular-Pink-PDP-Image-5-G-Position-1a-VN.jpg', '2022-12-06 16:42:48', '2022-12-06 16:42:50', 49),
(330, '20450000', 'https://i.ibb.co/d0tx4SD/i-Phone14-Shop-Dunk-do.png', '2022-12-06 16:43:29', '2022-12-06 16:43:30', 51),
(331, '22950000', 'https://i.ibb.co/d0tx4SD/i-Phone14-Shop-Dunk-do.png', '2022-12-06 16:44:30', '2022-12-06 16:44:33', 51),
(332, '28950000', 'https://i.ibb.co/d0tx4SD/i-Phone14-Shop-Dunk-do.png', '2022-12-06 16:44:50', '2022-12-06 16:44:51', 51),
(333, '21950000', 'https://i.ibb.co/0D3n6P7/i-Pad-Air-Cellular-Starlight-PDP-Image-5-G-Position-1a-VN.jpg', '2022-12-06 16:44:51', '2022-12-06 16:44:52', 49),
(334, '20450000', 'https://i.ibb.co/WpwYTKs/i-Phone14-Shop-Dunk-purple.png', '2022-12-06 16:45:09', '2022-12-06 16:45:10', 51),
(335, '22950000', 'https://i.ibb.co/WpwYTKs/i-Phone14-Shop-Dunk-purple.png', '2022-12-06 16:45:27', '2022-12-06 16:45:27', 51),
(336, '21950000', 'https://i.ibb.co/9wSM761/i-Pad-Air-Cellular-Space-Gray-PDP-Image-5-G-Position-1a-VN.jpg', '2022-12-06 16:45:40', '2022-12-06 16:45:41', 49),
(337, '28950000', 'https://i.ibb.co/WpwYTKs/i-Phone14-Shop-Dunk-purple.png', '2022-12-06 16:45:54', '2022-12-06 16:45:54', 51),
(338, '20450000', 'https://i.ibb.co/qjzp6D0/i-Phone14-Shop-Dunk-blue.png', '2022-12-06 16:46:16', '2022-12-06 16:46:19', 51),
(339, '21950000', 'https://i.ibb.co/WshbbZL/i-Pad-Air-Wi-Fi-Blue-PDP-Image-Position-1a-VN.jpg', '2022-12-06 16:46:27', '2022-12-06 16:46:27', 49),
(340, '22950000', 'https://i.ibb.co/qjzp6D0/i-Phone14-Shop-Dunk-blue.png', '2022-12-06 16:46:30', '2022-12-06 16:46:31', 51),
(341, '28950000', 'https://i.ibb.co/qjzp6D0/i-Phone14-Shop-Dunk-blue.png', '2022-12-06 16:46:50', '2022-12-06 16:46:51', 51),
(342, '20450000', 'https://i.ibb.co/jhdWdL4/i-Phone14-Shop-Dunk-Starnight.png', '2022-12-06 16:47:12', '2022-12-06 16:47:13', 51),
(343, '21950000', 'https://i.ibb.co/nmN8Z9M/i-Pad-Air-Wi-Fi-Purple-PDP-Image-Position-1a-VN.jpg', '2022-12-06 16:47:20', '2022-12-06 16:47:21', 49),
(344, '22950000', 'https://i.ibb.co/jhdWdL4/i-Phone14-Shop-Dunk-Starnight.png', '2022-12-06 16:47:26', '2022-12-06 16:47:26', 51),
(345, '28950000', 'https://i.ibb.co/jhdWdL4/i-Phone14-Shop-Dunk-Starnight.png', '2022-12-06 16:47:36', '2022-12-06 16:47:37', 51),
(346, '20450000', 'https://i.ibb.co/Ybvv87q/i-Phone14-Shop-Dunk-Midnight.png', '2022-12-06 16:48:00', '2022-12-06 16:48:01', 51),
(347, '22950000', 'https://i.ibb.co/Ybvv87q/i-Phone14-Shop-Dunk-Midnight.png', '2022-12-06 16:48:14', '2022-12-06 16:48:15', 51),
(348, '21950000', 'https://i.ibb.co/4J3bqWp/i-Pad-Air-Cellular-Pink-PDP-Image-5-G-Position-1a-VN.jpg', '2022-12-06 16:48:15', '2022-12-06 16:48:15', 49),
(349, '28950000', 'https://i.ibb.co/Ybvv87q/i-Phone14-Shop-Dunk-Midnight.png', '2022-12-06 16:48:28', '2022-12-06 16:48:28', 51),
(350, '244550000', 'https://i.ibb.co/Ybvv87q/i-Phone14-Shop-Dunk-Midnight.png', '2022-12-06 16:50:33', '2022-12-06 16:50:34', 52),
(351, '24950000', 'https://i.ibb.co/Ybvv87q/i-Phone14-Shop-Dunk-Midnight.png', '2022-12-06 16:51:00', '2022-12-06 16:51:00', 52),
(352, '31950000', 'https://i.ibb.co/Ybvv87q/i-Phone14-Shop-Dunk-Midnight.png', '2022-12-06 16:51:16', '2022-12-06 16:51:17', 52),
(353, '24450000', 'https://i.ibb.co/jhdWdL4/i-Phone14-Shop-Dunk-Starnight.png', '2022-12-06 16:51:52', '2022-12-06 16:51:53', 52),
(354, '24950000', 'https://i.ibb.co/jhdWdL4/i-Phone14-Shop-Dunk-Starnight.png', '2022-12-06 16:52:26', '2022-12-06 16:52:27', 52),
(355, '31950000', 'https://i.ibb.co/jhdWdL4/i-Phone14-Shop-Dunk-Starnight.png', '2022-12-06 16:52:38', '2022-12-06 16:52:38', 52),
(356, '24450000', 'https://i.ibb.co/qjzp6D0/i-Phone14-Shop-Dunk-blue.png', '2022-12-06 16:52:54', '2022-12-06 16:52:54', 52),
(357, '24950000', 'https://i.ibb.co/qjzp6D0/i-Phone14-Shop-Dunk-blue.png', '2022-12-06 16:53:08', '2022-12-06 16:53:08', 52),
(358, '31950000', 'https://i.ibb.co/qjzp6D0/i-Phone14-Shop-Dunk-blue.png', '2022-12-06 16:53:20', '2022-12-06 16:53:21', 52),
(359, '24450000', 'https://i.ibb.co/WpwYTKs/i-Phone14-Shop-Dunk-purple.png', '2022-12-06 16:53:37', '2022-12-06 16:53:38', 52),
(360, '7750000', 'https://i.ibb.co/mv1XN3f/i-Pad-10-2-inch-Cellular-Silver-PDP-Image-Position-1b-VN.jpg', '2022-12-06 16:53:43', '2022-12-06 16:53:43', 53),
(361, '24950000', 'https://i.ibb.co/WpwYTKs/i-Phone14-Shop-Dunk-purple.png', '2022-12-06 16:53:54', '2022-12-06 16:53:55', 52),
(362, '31950000', 'https://i.ibb.co/WpwYTKs/i-Phone14-Shop-Dunk-purple.png', '2022-12-06 16:54:05', '2022-12-06 16:54:06', 52),
(363, '24450000', 'https://i.ibb.co/d0tx4SD/i-Phone14-Shop-Dunk-do.png', '2022-12-06 16:54:20', '2022-12-06 16:54:21', 52),
(364, '24950000', 'https://i.ibb.co/d0tx4SD/i-Phone14-Shop-Dunk-do.png', '2022-12-06 16:54:33', '2022-12-06 16:54:34', 52),
(365, '31950000', 'https://i.ibb.co/d0tx4SD/i-Phone14-Shop-Dunk-do.png', '2022-12-06 16:54:45', '2022-12-06 16:54:46', 52),
(366, '7750000', 'https://i.ibb.co/YcJqsw2/ipad-gen-9-grey-1-650x650-1.png', '2022-12-06 16:56:13', '2022-12-06 16:56:14', 53),
(367, '11490000', 'https://i.ibb.co/mv1XN3f/i-Pad-10-2-inch-Cellular-Silver-PDP-Image-Position-1b-VN.jpg', '2022-12-06 16:57:10', '2022-12-06 16:57:11', 53),
(368, '28950000', 'https://i.ibb.co/2Z2W9Wt/i-Phone14pro-Shop-Dunk-deeppurple.png', '2022-12-06 16:57:29', '2022-12-06 16:57:30', 54),
(369, '31550000', 'https://i.ibb.co/2Z2W9Wt/i-Phone14pro-Shop-Dunk-deeppurple.png', '2022-12-06 16:58:09', '2022-12-06 16:58:09', 54),
(370, '35950000', 'https://i.ibb.co/2Z2W9Wt/i-Phone14pro-Shop-Dunk-deeppurple.png', '2022-12-06 16:58:30', '2022-12-06 16:58:31', 54),
(371, '41950000', 'https://i.ibb.co/2Z2W9Wt/i-Phone14pro-Shop-Dunk-deeppurple.png', '2022-12-06 16:58:46', '2022-12-06 16:58:46', 54),
(372, '28950000', 'https://i.ibb.co/SsRdm5W/i-Phone14pro-Shop-Dunk-space-black.png', '2022-12-06 16:59:12', '2022-12-06 16:59:13', 54),
(373, '31550000', 'https://i.ibb.co/SsRdm5W/i-Phone14pro-Shop-Dunk-space-black.png', '2022-12-06 16:59:32', '2022-12-06 16:59:32', 54),
(374, '35950000', 'https://i.ibb.co/SsRdm5W/i-Phone14pro-Shop-Dunk-space-black.png', '2022-12-06 16:59:55', '2022-12-06 16:59:55', 54),
(375, '41950000', 'https://i.ibb.co/SsRdm5W/i-Phone14pro-Shop-Dunk-space-black.png', '2022-12-06 17:00:10', '2022-12-06 17:00:11', 54),
(376, '41950000', 'https://i.ibb.co/k2BkCRm/i-Phone14pro-Shop-Dunk-Silver.png', '2022-12-06 17:00:54', '2022-12-06 17:00:56', 54),
(377, '11490000', 'https://i.ibb.co/YcJqsw2/ipad-gen-9-grey-1-650x650-1.png', '2022-12-06 17:01:17', '2022-12-06 17:01:18', 53),
(378, '28950000', 'https://i.ibb.co/k2BkCRm/i-Phone14pro-Shop-Dunk-Silver.png', '2022-12-06 17:01:28', '2022-12-06 17:01:28', 54),
(379, '31550000', 'https://i.ibb.co/k2BkCRm/i-Phone14pro-Shop-Dunk-Silver.png', '2022-12-06 17:01:40', '2022-12-06 17:01:41', 54),
(380, '35950000', 'https://i.ibb.co/k2BkCRm/i-Phone14pro-Shop-Dunk-Silver.png', '2022-12-06 17:01:52', '2022-12-06 17:01:52', 54),
(381, '28950000', 'https://i.ibb.co/zrCpxDH/i-Phone14pro-Shop-Dunk-gold.png', '2022-12-06 17:02:14', '2022-12-06 17:02:14', 54),
(382, '31550000', 'https://i.ibb.co/zrCpxDH/i-Phone14pro-Shop-Dunk-gold.png', '2022-12-06 17:02:37', '2022-12-06 17:02:38', 54),
(383, '35950000', 'https://i.ibb.co/zrCpxDH/i-Phone14pro-Shop-Dunk-gold.png', '2022-12-06 17:02:56', '2022-12-06 17:02:56', 54),
(384, '41950000', 'https://i.ibb.co/zrCpxDH/i-Phone14pro-Shop-Dunk-gold.png', '2022-12-06 17:03:11', '2022-12-06 17:03:11', 54),
(385, '9450000', 'https://i.ibb.co/YcJqsw2/ipad-gen-9-grey-1-650x650-1.png', '2022-12-06 17:04:05', '2022-12-06 17:04:06', 55),
(386, '32450000', 'https://i.ibb.co/zrCpxDH/i-Phone14pro-Shop-Dunk-gold.png', '2022-12-06 17:04:56', '2022-12-06 17:04:58', 56);
INSERT INTO `product_details` (`id`, `price`, `image`, `createdAt`, `updatedAt`, `groupProductId`) VALUES
(387, '9450000', 'https://i.ibb.co/mv1XN3f/i-Pad-10-2-inch-Cellular-Silver-PDP-Image-Position-1b-VN.jpg', '2022-12-06 17:05:22', '2022-12-06 17:05:23', 55),
(388, '35450000', 'https://i.ibb.co/zrCpxDH/i-Phone14pro-Shop-Dunk-gold.png', '2022-12-06 17:06:13', '2022-12-06 17:06:14', 56),
(389, '42950000', 'https://i.ibb.co/zrCpxDH/i-Phone14pro-Shop-Dunk-gold.png', '2022-12-06 17:06:28', '2022-12-06 17:06:29', 56),
(390, '14950000', 'https://i.ibb.co/YcJqsw2/ipad-gen-9-grey-1-650x650-1.png', '2022-12-06 17:06:33', '2022-12-06 17:06:34', 55),
(391, '48950000', 'https://i.ibb.co/zrCpxDH/i-Phone14pro-Shop-Dunk-gold.png', '2022-12-06 17:06:46', '2022-12-06 17:06:47', 56),
(392, '32450000', 'https://i.ibb.co/k2BkCRm/i-Phone14pro-Shop-Dunk-Silver.png', '2022-12-06 17:07:12', '2022-12-06 17:07:14', 56),
(393, '14950000', 'https://i.ibb.co/mv1XN3f/i-Pad-10-2-inch-Cellular-Silver-PDP-Image-Position-1b-VN.jpg', '2022-12-06 17:07:17', '2022-12-06 17:07:18', 55),
(394, '35450000', 'https://i.ibb.co/k2BkCRm/i-Phone14pro-Shop-Dunk-Silver.png', '2022-12-06 17:07:32', '2022-12-06 17:07:35', 56),
(395, '42950000', 'https://i.ibb.co/k2BkCRm/i-Phone14pro-Shop-Dunk-Silver.png', '2022-12-06 17:07:56', '2022-12-06 17:07:58', 56),
(396, '48950000', 'https://i.ibb.co/k2BkCRm/i-Phone14pro-Shop-Dunk-Silver.png', '2022-12-06 17:08:11', '2022-12-06 17:08:12', 56),
(397, '32450000', 'https://i.ibb.co/SsRdm5W/i-Phone14pro-Shop-Dunk-space-black.png', '2022-12-06 17:08:33', '2022-12-06 17:08:34', 56),
(398, '35450000', 'https://i.ibb.co/SsRdm5W/i-Phone14pro-Shop-Dunk-space-black.png', '2022-12-06 17:08:51', '2022-12-06 17:08:52', 56),
(399, '42950000', 'https://i.ibb.co/SsRdm5W/i-Phone14pro-Shop-Dunk-space-black.png', '2022-12-06 17:09:10', '2022-12-06 17:09:11', 56),
(400, '48950000', 'https://i.ibb.co/SsRdm5W/i-Phone14pro-Shop-Dunk-space-black.png', '2022-12-06 17:09:26', '2022-12-06 17:09:27', 56),
(401, '32450000', 'https://i.ibb.co/2Z2W9Wt/i-Phone14pro-Shop-Dunk-deeppurple.png', '2022-12-06 17:09:46', '2022-12-06 17:09:46', 56),
(402, '35450000', 'https://i.ibb.co/2Z2W9Wt/i-Phone14pro-Shop-Dunk-deeppurple.png', '2022-12-06 17:10:07', '2022-12-06 17:10:07', 56),
(403, '42950000', 'https://i.ibb.co/2Z2W9Wt/i-Phone14pro-Shop-Dunk-deeppurple.png', '2022-12-06 17:10:22', '2022-12-06 17:10:22', 56),
(404, '48950000', 'https://i.ibb.co/2Z2W9Wt/i-Phone14pro-Shop-Dunk-deeppurple.png', '2022-12-06 17:10:36', '2022-12-06 17:10:37', 56),
(405, '11990000', 'https://i.ibb.co/87mXx3y/i-Pad-gen-10-blue-thumb-1-2-650x650-1.png', '2022-12-06 17:11:25', '2022-12-06 17:11:25', 57),
(406, '11990000', 'https://i.ibb.co/ZT4JWcy/i-Pad-gen-10-sliver-thumb-650x650-1.png', '2022-12-06 17:13:50', '2022-12-06 17:13:50', 57),
(407, '11990000', 'https://i.ibb.co/30dmDTX/i-Pad-gen-10-pink-thumb-650x650-1.png', '2022-12-06 17:15:25', '2022-12-06 17:15:26', 57),
(408, '11990000', 'https://i.ibb.co/N18CP9p/i-Pad-gen-10-yellow-thumb-650x650-1.png', '2022-12-06 17:16:49', '2022-12-06 17:16:50', 57),
(409, '15490000', 'https://i.ibb.co/ZT4JWcy/i-Pad-gen-10-sliver-thumb-650x650-1.png', '2022-12-06 17:18:11', '2022-12-06 17:18:12', 57),
(410, '15490000', 'https://i.ibb.co/87mXx3y/i-Pad-gen-10-blue-thumb-1-2-650x650-1.png', '2022-12-06 17:19:00', '2022-12-06 17:19:01', 57),
(411, '15490000', 'https://i.ibb.co/30dmDTX/i-Pad-gen-10-pink-thumb-650x650-1.png', '2022-12-06 17:19:43', '2022-12-06 17:19:44', 57),
(412, '15490000', 'https://i.ibb.co/N18CP9p/i-Pad-gen-10-yellow-thumb-650x650-1.png', '2022-12-06 17:20:30', '2022-12-06 17:20:31', 57),
(413, '15490000', 'https://i.ibb.co/30dmDTX/i-Pad-gen-10-pink-thumb-650x650-1.png', '2022-12-06 17:26:05', '2022-12-06 17:26:06', 58),
(414, '15490000', 'https://i.ibb.co/ZT4JWcy/i-Pad-gen-10-sliver-thumb-650x650-1.png', '2022-12-06 17:27:24', '2022-12-06 17:27:25', 58),
(415, '15490000', 'https://i.ibb.co/87mXx3y/i-Pad-gen-10-blue-thumb-1-2-650x650-1.png', '2022-12-06 17:28:20', '2022-12-06 17:28:21', 58),
(416, '15490000', 'https://i.ibb.co/N18CP9p/i-Pad-gen-10-yellow-thumb-650x650-1.png', '2022-12-06 17:29:08', '2022-12-06 17:29:09', 58),
(417, '18490000', 'https://i.ibb.co/30dmDTX/i-Pad-gen-10-pink-thumb-650x650-1.png', '2022-12-06 17:30:13', '2022-12-06 17:30:14', 58),
(418, '18490000', 'https://i.ibb.co/ZT4JWcy/i-Pad-gen-10-sliver-thumb-650x650-1.png', '2022-12-06 17:30:59', '2022-12-06 17:31:00', 58),
(419, '18490000', 'https://i.ibb.co/87mXx3y/i-Pad-gen-10-blue-thumb-1-2-650x650-1.png', '2022-12-06 17:31:49', '2022-12-06 17:31:49', 58),
(420, '18490000', 'https://i.ibb.co/N18CP9p/i-Pad-gen-10-yellow-thumb-650x650-1.png', '2022-12-06 17:32:30', '2022-12-06 17:32:31', 58),
(421, '12950000', 'https://i.ibb.co/znqhP91/i-Pad-mini-Cellular-Space-Gray-PDP-Image-5-G-Position-1b-VN-800x800.webp', '2022-12-06 17:37:09', '2022-12-06 17:37:10', 59),
(422, '13150000', 'https://i.ibb.co/7Yf71nC/i-Pad-mini-Cellular-Starlight-PDP-Image-5-G-Position-1b-VN-800x800.webp', '2022-12-06 17:39:18', '2022-12-06 17:39:18', 59),
(423, '13150000', 'https://i.ibb.co/YP971rC/i-Pad-mini-Cellular-Purple-PDP-Image-5-G-Position-1b-VN-800x800.webp', '2022-12-06 17:40:39', '2022-12-06 17:40:40', 59),
(424, '13150000', 'https://i.ibb.co/QQG4nbP/i-Pad-mini-Cellular-Pink-PDP-Image-5-G-Position-1b-VN-800x800.webp', '2022-12-06 17:41:53', '2022-12-06 17:41:53', 59),
(425, '16650000', 'https://i.ibb.co/7Yf71nC/i-Pad-mini-Cellular-Starlight-PDP-Image-5-G-Position-1b-VN-800x800.webp', '2022-12-06 17:43:36', '2022-12-06 17:43:37', 59),
(426, '16650000', 'https://i.ibb.co/znqhP91/i-Pad-mini-Cellular-Space-Gray-PDP-Image-5-G-Position-1b-VN-800x800.webp', '2022-12-06 17:44:33', '2022-12-06 17:44:33', 59),
(427, '16650000', 'https://i.ibb.co/YP971rC/i-Pad-mini-Cellular-Purple-PDP-Image-5-G-Position-1b-VN-800x800.webp', '2022-12-06 17:45:16', '2022-12-06 17:45:17', 59),
(428, '16650000', 'https://i.ibb.co/QQG4nbP/i-Pad-mini-Cellular-Pink-PDP-Image-5-G-Position-1b-VN-800x800.webp', '2022-12-06 17:46:22', '2022-12-06 17:46:23', 59),
(429, '16790000', 'https://i.ibb.co/znqhP91/i-Pad-mini-Cellular-Space-Gray-PDP-Image-5-G-Position-1b-VN-800x800.webp', '2022-12-06 17:50:07', '2022-12-06 17:50:07', 60),
(430, '16790000', 'https://i.ibb.co/7Yf71nC/i-Pad-mini-Cellular-Starlight-PDP-Image-5-G-Position-1b-VN-800x800.webp', '2022-12-06 17:51:13', '2022-12-06 17:51:13', 60),
(431, '16790000', 'https://i.ibb.co/YP971rC/i-Pad-mini-Cellular-Purple-PDP-Image-5-G-Position-1b-VN-800x800.webp', '2022-12-06 17:51:52', '2022-12-06 17:51:52', 60),
(432, '16790000', 'https://i.ibb.co/QQG4nbP/i-Pad-mini-Cellular-Pink-PDP-Image-5-G-Position-1b-VN-800x800.webp', '2022-12-06 17:52:24', '2022-12-06 17:52:25', 60),
(433, '18950000', 'https://i.ibb.co/znqhP91/i-Pad-mini-Cellular-Space-Gray-PDP-Image-5-G-Position-1b-VN-800x800.webp', '2022-12-06 17:53:30', '2022-12-06 17:53:31', 60),
(434, '18950000', 'https://i.ibb.co/7Yf71nC/i-Pad-mini-Cellular-Starlight-PDP-Image-5-G-Position-1b-VN-800x800.webp', '2022-12-06 17:54:10', '2022-12-06 17:54:11', 60),
(435, '18950000', 'https://i.ibb.co/YP971rC/i-Pad-mini-Cellular-Purple-PDP-Image-5-G-Position-1b-VN-800x800.webp', '2022-12-06 17:54:58', '2022-12-06 17:54:58', 60),
(436, '18950000', 'https://i.ibb.co/QQG4nbP/i-Pad-mini-Cellular-Pink-PDP-Image-5-G-Position-1b-VN-800x800.webp', '2022-12-06 17:55:49', '2022-12-06 17:55:49', 60),
(437, '26550000', 'https://i.ibb.co/9W0kQyN/i-Pad-Pro-11-in-Wi-Fi-Space-Gray.png', '2022-12-06 18:10:48', '2022-12-06 18:10:49', 61),
(438, '28950000', 'https://i.ibb.co/9W0kQyN/i-Pad-Pro-11-in-Wi-Fi-Space-Gray.png', '2022-12-06 18:12:14', '2022-12-06 18:12:14', 61),
(439, '36990000', 'https://i.ibb.co/9W0kQyN/i-Pad-Pro-11-in-Wi-Fi-Space-Gray.png', '2022-12-06 18:13:13', '2022-12-06 18:13:14', 61),
(440, '43990000', 'https://i.ibb.co/9W0kQyN/i-Pad-Pro-11-in-Wi-Fi-Space-Gray.png', '2022-12-06 18:13:56', '2022-12-06 18:13:56', 61),
(441, '54990000', 'https://i.ibb.co/9W0kQyN/i-Pad-Pro-11-in-Wi-Fi-Space-Gray.png', '2022-12-06 18:14:32', '2022-12-06 18:14:33', 61),
(442, '26550000', 'https://i.ibb.co/G7DnrH6/i-Pad-Pro-11-in-Wi-Fi-Silver.png', '2022-12-06 18:15:53', '2022-12-06 18:15:54', 61),
(443, '28950000', 'https://i.ibb.co/G7DnrH6/i-Pad-Pro-11-in-Wi-Fi-Silver.png', '2022-12-06 18:16:40', '2022-12-06 18:16:41', 61),
(444, '36990000', 'https://i.ibb.co/G7DnrH6/i-Pad-Pro-11-in-Wi-Fi-Silver.png', '2022-12-06 18:17:22', '2022-12-06 18:17:23', 61),
(445, '43990000', 'https://i.ibb.co/G7DnrH6/i-Pad-Pro-11-in-Wi-Fi-Silver.png', '2022-12-06 18:18:06', '2022-12-06 18:18:07', 61),
(446, '54990000', 'https://i.ibb.co/G7DnrH6/i-Pad-Pro-11-in-Wi-Fi-Silver.png', '2022-12-06 18:18:56', '2022-12-06 18:18:57', 61);

-- --------------------------------------------------------

--
-- Table structure for table `product_detail_option`
--

CREATE TABLE `product_detail_option` (
  `value` varchar(255) COLLATE utf8_unicode_ci NOT NULL,
  `createdAt` datetime NOT NULL,
  `updatedAt` datetime NOT NULL,
  `productDetailId` int(11) NOT NULL,
  `optionId` int(11) NOT NULL
) ENGINE=InnoDB DEFAULT CHARSET=utf8 COLLATE=utf8_unicode_ci;

--
-- Dumping data for table `product_detail_option`
--

INSERT INTO `product_detail_option` (`value`, `createdAt`, `updatedAt`, `productDetailId`, `optionId`) VALUES
('128', '2022-12-06 12:17:45', '2022-12-06 12:17:45', 1, 1),
('Wi-Fi', '2022-12-06 12:17:46', '2022-12-06 12:17:46', 1, 2),
('Silver', '2022-12-06 12:17:46', '2022-12-06 12:17:46', 1, 3),
('128', '2022-12-06 12:23:20', '2022-12-06 12:23:20', 2, 1),
('Wi-Fi', '2022-12-06 12:23:20', '2022-12-06 12:23:20', 2, 2),
('Space Gray', '2022-12-06 12:23:21', '2022-12-06 12:23:21', 2, 3),
('512', '2022-12-06 12:24:01', '2022-12-06 12:24:01', 3, 1),
('Wi-Fi', '2022-12-06 12:24:02', '2022-12-06 12:24:02', 3, 2),
('Silver', '2022-12-06 12:24:02', '2022-12-06 12:24:02', 3, 3),
('128', '2022-12-06 12:26:54', '2022-12-06 12:26:54', 4, 4),
('Space Gray', '2022-12-06 12:26:54', '2022-12-06 12:26:54', 4, 5),
('256', '2022-12-06 12:38:33', '2022-12-06 12:38:33', 5, 4),
('Space Gray', '2022-12-06 12:38:33', '2022-12-06 12:38:33', 5, 5),
('512', '2022-12-06 12:43:09', '2022-12-06 12:43:09', 6, 4),
('Space Gray', '2022-12-06 12:43:09', '2022-12-06 12:43:09', 6, 5),
('1024', '2022-12-06 12:45:22', '2022-12-06 12:45:22', 7, 4),
('Space Gray', '2022-12-06 12:45:23', '2022-12-06 12:45:23', 7, 5),
('2048', '2022-12-06 12:47:16', '2022-12-06 12:47:16', 8, 4),
('Space Gray', '2022-12-06 12:47:16', '2022-12-06 12:47:16', 8, 5),
('32', '2022-12-06 12:48:48', '2022-12-06 12:48:48', 9, 6),
('512', '2022-12-06 12:48:48', '2022-12-06 12:48:48', 9, 7),
('24', '2022-12-06 12:48:48', '2022-12-06 12:48:48', 9, 8),
('8', '2022-12-06 12:50:11', '2022-12-06 12:50:11', 10, 9),
('256', '2022-12-06 12:50:11', '2022-12-06 12:50:11', 10, 10),
('8', '2022-12-06 12:51:09', '2022-12-06 12:51:09', 11, 9),
('512', '2022-12-06 12:51:09', '2022-12-06 12:51:09', 11, 10),
('16', '2022-12-06 12:51:38', '2022-12-06 12:51:38', 12, 9),
('512', '2022-12-06 12:51:38', '2022-12-06 12:51:38', 12, 10),
('16', '2022-12-06 12:52:06', '2022-12-06 12:52:06', 13, 9),
('256', '2022-12-06 12:52:06', '2022-12-06 12:52:06', 13, 10),
('16', '2022-12-06 12:54:50', '2022-12-06 12:54:50', 14, 11),
('16', '2022-12-06 12:54:51', '2022-12-06 12:54:51', 14, 12),
('1024', '2022-12-06 12:54:50', '2022-12-06 12:54:50', 14, 13),
('Silver', '2022-12-06 12:56:55', '2022-12-06 12:56:55', 15, 14),
('16', '2022-12-06 12:56:55', '2022-12-06 12:56:55', 15, 15),
('16', '2022-12-06 12:56:55', '2022-12-06 12:56:55', 15, 16),
('1024', '2022-12-06 12:56:56', '2022-12-06 12:56:56', 15, 17),
('Space Gray', '2022-12-06 12:57:43', '2022-12-06 12:57:43', 16, 14),
('16', '2022-12-06 12:57:43', '2022-12-06 12:57:43', 16, 15),
('16', '2022-12-06 12:57:43', '2022-12-06 12:57:43', 16, 16),
('1024', '2022-12-06 12:57:44', '2022-12-06 12:57:44', 16, 17),
('128', '2022-12-06 12:57:46', '2022-12-06 12:57:46', 17, 4),
('Silver', '2022-12-06 12:57:46', '2022-12-06 12:57:46', 17, 5),
('Silver', '2022-12-06 12:59:00', '2022-12-06 12:59:00', 18, 14),
('14', '2022-12-06 12:59:00', '2022-12-06 12:59:00', 18, 15),
('16', '2022-12-06 12:59:00', '2022-12-06 12:59:00', 18, 16),
('512', '2022-12-06 12:59:00', '2022-12-06 12:59:00', 18, 17),
('256', '2022-12-06 12:59:12', '2022-12-06 12:59:12', 19, 4),
('Silver', '2022-12-06 12:59:12', '2022-12-06 12:59:12', 19, 5),
('Space Gray', '2022-12-06 12:59:39', '2022-12-06 12:59:39', 20, 14),
('14', '2022-12-06 12:59:39', '2022-12-06 12:59:39', 20, 15),
('16', '2022-12-06 12:59:39', '2022-12-06 12:59:39', 20, 16),
('512', '2022-12-06 12:59:40', '2022-12-06 12:59:40', 20, 17),
('512', '2022-12-06 13:00:13', '2022-12-06 13:00:13', 21, 4),
('Silver', '2022-12-06 13:00:14', '2022-12-06 13:00:14', 21, 5),
('Space Gray', '2022-12-06 13:00:30', '2022-12-06 13:00:30', 22, 14),
('16', '2022-12-06 13:00:30', '2022-12-06 13:00:30', 22, 15),
('32', '2022-12-06 13:00:30', '2022-12-06 13:00:30', 22, 16),
('512', '2022-12-06 13:00:31', '2022-12-06 13:00:31', 22, 17),
('Silver', '2022-12-06 13:01:07', '2022-12-06 13:01:07', 23, 14),
('16', '2022-12-06 13:01:08', '2022-12-06 13:01:08', 23, 15),
('32', '2022-12-06 13:01:08', '2022-12-06 13:01:08', 23, 16),
('512', '2022-12-06 13:01:08', '2022-12-06 13:01:08', 23, 17),
('1024', '2022-12-06 13:01:26', '2022-12-06 13:01:26', 24, 4),
('Silver', '2022-12-06 13:01:26', '2022-12-06 13:01:26', 24, 5),
('Silver', '2022-12-06 13:01:38', '2022-12-06 13:01:38', 25, 14),
('16', '2022-12-06 13:01:39', '2022-12-06 13:01:39', 25, 15),
('32', '2022-12-06 13:01:39', '2022-12-06 13:01:39', 25, 16),
('1024', '2022-12-06 13:01:39', '2022-12-06 13:01:39', 25, 17),
('2048', '2022-12-06 13:02:23', '2022-12-06 13:02:23', 26, 4),
('Silver', '2022-12-06 13:02:23', '2022-12-06 13:02:23', 26, 5),
('Space Gray', '2022-12-06 13:02:23', '2022-12-06 13:02:23', 27, 14),
('16', '2022-12-06 13:02:23', '2022-12-06 13:02:23', 27, 15),
('32', '2022-12-06 13:02:23', '2022-12-06 13:02:23', 27, 16),
('1024', '2022-12-06 13:02:23', '2022-12-06 13:02:23', 27, 17),
('Space Gray', '2022-12-06 13:02:53', '2022-12-06 13:02:53', 28, 14),
('14', '2022-12-06 13:02:53', '2022-12-06 13:02:53', 28, 15),
('32', '2022-12-06 13:02:54', '2022-12-06 13:02:54', 28, 16),
('512', '2022-12-06 13:02:54', '2022-12-06 13:02:54', 28, 17),
('Silver', '2022-12-06 13:03:19', '2022-12-06 13:03:19', 29, 14),
('14', '2022-12-06 13:03:19', '2022-12-06 13:03:19', 29, 15),
('32', '2022-12-06 13:03:19', '2022-12-06 13:03:19', 29, 16),
('512', '2022-12-06 13:03:19', '2022-12-06 13:03:19', 29, 17),
('8', '2022-12-06 13:07:55', '2022-12-06 13:07:55', 30, 18),
('512', '2022-12-06 13:07:56', '2022-12-06 13:07:56', 30, 19),
('16', '2022-12-06 13:09:09', '2022-12-06 13:09:09', 31, 18),
('512', '2022-12-06 13:09:09', '2022-12-06 13:09:09', 31, 19),
('16', '2022-12-06 13:09:36', '2022-12-06 13:09:36', 32, 18),
('256', '2022-12-06 13:09:36', '2022-12-06 13:09:36', 32, 19),
('8', '2022-12-06 13:10:03', '2022-12-06 13:10:03', 33, 18),
('256', '2022-12-06 13:10:03', '2022-12-06 13:10:03', 33, 19),
('Silver', '2022-12-06 13:13:15', '2022-12-06 13:13:15', 34, 20),
('16', '2022-12-06 13:13:16', '2022-12-06 13:13:16', 34, 21),
('16', '2022-12-06 13:13:16', '2022-12-06 13:13:16', 34, 22),
('512', '2022-12-06 13:13:16', '2022-12-06 13:13:16', 34, 23),
('Space Gray', '2022-12-06 13:14:02', '2022-12-06 13:14:02', 35, 20),
('16', '2022-12-06 13:14:02', '2022-12-06 13:14:02', 35, 21),
('16', '2022-12-06 13:14:02', '2022-12-06 13:14:02', 35, 22),
('512', '2022-12-06 13:14:02', '2022-12-06 13:14:02', 35, 23),
('512', '2022-12-06 13:14:33', '2022-12-06 13:14:33', 36, 1),
('Wi-Fi', '2022-12-06 13:14:33', '2022-12-06 13:14:33', 36, 2),
('Space Gray', '2022-12-06 13:14:33', '2022-12-06 13:14:33', 36, 3),
('Space Gray', '2022-12-06 13:14:33', '2022-12-06 13:14:33', 37, 20),
('16', '2022-12-06 13:14:33', '2022-12-06 13:14:33', 37, 21),
('16', '2022-12-06 13:14:33', '2022-12-06 13:14:33', 37, 22),
('1024', '2022-12-06 13:14:33', '2022-12-06 13:14:33', 37, 23),
('Silver', '2022-12-06 13:14:56', '2022-12-06 13:14:56', 38, 20),
('16', '2022-12-06 13:14:56', '2022-12-06 13:14:56', 38, 21),
('16', '2022-12-06 13:14:56', '2022-12-06 13:14:56', 38, 22),
('1024', '2022-12-06 13:14:57', '2022-12-06 13:14:57', 38, 23),
('Silver', '2022-12-06 13:15:34', '2022-12-06 13:15:34', 39, 20),
('16', '2022-12-06 13:15:34', '2022-12-06 13:15:34', 39, 21),
('32', '2022-12-06 13:15:34', '2022-12-06 13:15:34', 39, 22),
('512', '2022-12-06 13:15:34', '2022-12-06 13:15:34', 39, 23),
('Space Gray', '2022-12-06 13:16:11', '2022-12-06 13:16:11', 40, 20),
('16', '2022-12-06 13:16:11', '2022-12-06 13:16:11', 40, 21),
('32', '2022-12-06 13:16:11', '2022-12-06 13:16:11', 40, 22),
('512', '2022-12-06 13:16:12', '2022-12-06 13:16:12', 40, 23),
('512', '2022-12-06 13:16:21', '2022-12-06 13:16:21', 41, 1),
('Wi-Fi + 5G', '2022-12-06 13:16:21', '2022-12-06 13:16:21', 41, 2),
('Space Gray', '2022-12-06 13:16:21', '2022-12-06 13:16:21', 41, 3),
('128', '2022-12-06 13:18:29', '2022-12-06 13:18:29', 42, 1),
('Wi-Fi + 5G', '2022-12-06 13:18:29', '2022-12-06 13:18:29', 42, 2),
('Silver', '2022-12-06 13:18:29', '2022-12-06 13:18:29', 42, 3),
('512', '2022-12-06 13:19:15', '2022-12-06 13:19:15', 43, 1),
('Wi-Fi + 5G', '2022-12-06 13:19:15', '2022-12-06 13:19:15', 43, 2),
('Silver', '2022-12-06 13:19:15', '2022-12-06 13:19:15', 43, 3),
('Gold', '2022-12-06 13:20:54', '2022-12-06 13:20:54', 44, 24),
('8', '2022-12-06 13:20:54', '2022-12-06 13:20:54', 44, 25),
('256', '2022-12-06 13:20:55', '2022-12-06 13:20:55', 44, 26),
('Gold', '2022-12-06 13:21:49', '2022-12-06 13:21:49', 45, 24),
('8', '2022-12-06 13:21:49', '2022-12-06 13:21:49', 45, 25),
('512', '2022-12-06 13:21:49', '2022-12-06 13:21:49', 45, 26),
('Gold', '2022-12-06 13:22:14', '2022-12-06 13:22:14', 46, 24),
('16', '2022-12-06 13:22:15', '2022-12-06 13:22:15', 46, 25),
('256', '2022-12-06 13:22:15', '2022-12-06 13:22:15', 46, 26),
('Gold', '2022-12-06 13:22:32', '2022-12-06 13:22:32', 47, 24),
('16', '2022-12-06 13:22:32', '2022-12-06 13:22:32', 47, 25),
('512', '2022-12-06 13:22:32', '2022-12-06 13:22:32', 47, 26),
('Silver', '2022-12-06 13:22:56', '2022-12-06 13:22:56', 48, 24),
('8', '2022-12-06 13:22:56', '2022-12-06 13:22:56', 48, 25),
('256', '2022-12-06 13:22:57', '2022-12-06 13:22:57', 48, 26),
('Silver', '2022-12-06 13:23:10', '2022-12-06 13:23:10', 49, 24),
('8', '2022-12-06 13:23:10', '2022-12-06 13:23:10', 49, 25),
('512', '2022-12-06 13:23:11', '2022-12-06 13:23:11', 49, 26),
('Silver', '2022-12-06 13:23:23', '2022-12-06 13:23:23', 50, 24),
('16', '2022-12-06 13:23:24', '2022-12-06 13:23:24', 50, 25),
('256', '2022-12-06 13:23:24', '2022-12-06 13:23:24', 50, 26),
('Silver', '2022-12-06 13:23:34', '2022-12-06 13:23:34', 51, 24),
('16', '2022-12-06 13:23:34', '2022-12-06 13:23:34', 51, 25),
('512', '2022-12-06 13:23:34', '2022-12-06 13:23:34', 51, 26),
('128', '2022-12-06 13:23:40', '2022-12-06 13:23:40', 52, 1),
('Wi-Fi + 5G', '2022-12-06 13:23:40', '2022-12-06 13:23:40', 52, 2),
('Space Gray', '2022-12-06 13:23:40', '2022-12-06 13:23:40', 52, 3),
('Space Gray', '2022-12-06 13:23:53', '2022-12-06 13:23:53', 53, 24),
('8', '2022-12-06 13:23:53', '2022-12-06 13:23:53', 53, 25),
('256', '2022-12-06 13:23:53', '2022-12-06 13:23:53', 53, 26),
('Space Gray', '2022-12-06 13:24:05', '2022-12-06 13:24:05', 54, 24),
('8', '2022-12-06 13:24:05', '2022-12-06 13:24:05', 54, 25),
('512', '2022-12-06 13:24:05', '2022-12-06 13:24:05', 54, 26),
('Space Gray', '2022-12-06 13:24:18', '2022-12-06 13:24:18', 55, 24),
('16', '2022-12-06 13:24:18', '2022-12-06 13:24:18', 55, 25),
('256', '2022-12-06 13:24:18', '2022-12-06 13:24:18', 55, 26),
('Space Gray', '2022-12-06 13:24:31', '2022-12-06 13:24:31', 56, 24),
('16', '2022-12-06 13:24:32', '2022-12-06 13:24:32', 56, 25),
('512', '2022-12-06 13:24:32', '2022-12-06 13:24:32', 56, 26),
('Space Gray', '2022-12-06 13:28:16', '2022-12-06 13:28:16', 57, 27),
('8', '2022-12-06 13:28:16', '2022-12-06 13:28:16', 57, 28),
('256', '2022-12-06 13:28:17', '2022-12-06 13:28:17', 57, 29),
('Space Gray', '2022-12-06 13:28:52', '2022-12-06 13:28:52', 58, 27),
('8', '2022-12-06 13:28:52', '2022-12-06 13:28:52', 58, 28),
('512', '2022-12-06 13:28:53', '2022-12-06 13:28:53', 58, 29),
('Space Gray', '2022-12-06 13:29:09', '2022-12-06 13:29:09', 59, 27),
('16', '2022-12-06 13:29:09', '2022-12-06 13:29:09', 59, 28),
('256', '2022-12-06 13:29:09', '2022-12-06 13:29:09', 59, 29),
('Space Gray', '2022-12-06 13:29:29', '2022-12-06 13:29:29', 60, 27),
('16', '2022-12-06 13:29:30', '2022-12-06 13:29:30', 60, 28),
('512', '2022-12-06 13:29:30', '2022-12-06 13:29:30', 60, 29),
('Starlight', '2022-12-06 13:29:55', '2022-12-06 13:29:55', 61, 27),
('8', '2022-12-06 13:29:56', '2022-12-06 13:29:56', 61, 28),
('256', '2022-12-06 13:29:56', '2022-12-06 13:29:56', 61, 29),
('Starlight', '2022-12-06 13:30:10', '2022-12-06 13:30:10', 62, 27),
('8', '2022-12-06 13:30:10', '2022-12-06 13:30:10', 62, 28),
('512', '2022-12-06 13:30:10', '2022-12-06 13:30:10', 62, 29),
('Starlight', '2022-12-06 13:30:23', '2022-12-06 13:30:23', 63, 27),
('16', '2022-12-06 13:30:23', '2022-12-06 13:30:23', 63, 28),
('256', '2022-12-06 13:30:23', '2022-12-06 13:30:23', 63, 29),
('Starlight', '2022-12-06 13:30:35', '2022-12-06 13:30:35', 64, 27),
('16', '2022-12-06 13:30:35', '2022-12-06 13:30:35', 64, 28),
('512', '2022-12-06 13:30:35', '2022-12-06 13:30:35', 64, 29),
('Silver', '2022-12-06 13:31:05', '2022-12-06 13:31:05', 65, 27),
('8', '2022-12-06 13:31:06', '2022-12-06 13:31:06', 65, 28),
('256', '2022-12-06 13:31:06', '2022-12-06 13:31:06', 65, 29),
('Silver', '2022-12-06 13:31:20', '2022-12-06 13:31:20', 66, 27),
('8', '2022-12-06 13:31:20', '2022-12-06 13:31:20', 66, 28),
('512', '2022-12-06 13:31:20', '2022-12-06 13:31:20', 66, 29),
('Silver', '2022-12-06 13:31:32', '2022-12-06 13:31:32', 67, 27),
('16', '2022-12-06 13:31:32', '2022-12-06 13:31:32', 67, 28),
('256', '2022-12-06 13:31:32', '2022-12-06 13:31:32', 67, 29),
('Silver', '2022-12-06 13:31:44', '2022-12-06 13:31:44', 68, 27),
('16', '2022-12-06 13:31:44', '2022-12-06 13:31:44', 68, 28),
('512', '2022-12-06 13:31:44', '2022-12-06 13:31:44', 68, 29),
('Midnight', '2022-12-06 13:32:05', '2022-12-06 13:32:05', 69, 27),
('8', '2022-12-06 13:32:05', '2022-12-06 13:32:05', 69, 28),
('256', '2022-12-06 13:32:06', '2022-12-06 13:32:06', 69, 29),
('Midnight', '2022-12-06 13:32:19', '2022-12-06 13:32:19', 70, 27),
('8', '2022-12-06 13:32:19', '2022-12-06 13:32:19', 70, 28),
('512', '2022-12-06 13:32:19', '2022-12-06 13:32:19', 70, 29),
('Midnight', '2022-12-06 13:32:31', '2022-12-06 13:32:31', 71, 27),
('16', '2022-12-06 13:32:31', '2022-12-06 13:32:31', 71, 28),
('256', '2022-12-06 13:32:31', '2022-12-06 13:32:31', 71, 29),
('Midnight', '2022-12-06 13:32:45', '2022-12-06 13:32:45', 72, 27),
('16', '2022-12-06 13:32:45', '2022-12-06 13:32:45', 72, 28),
('512', '2022-12-06 13:32:46', '2022-12-06 13:32:46', 72, 29),
('128', '2022-12-06 13:34:22', '2022-12-06 13:34:22', 73, 30),
('Wi-Fi', '2022-12-06 13:34:22', '2022-12-06 13:34:22', 73, 31),
('Space Gray', '2022-12-06 13:34:22', '2022-12-06 13:34:22', 73, 32),
('Pink', '2022-12-06 13:35:42', '2022-12-06 13:35:42', 74, 33),
('8', '2022-12-06 13:35:42', '2022-12-06 13:35:42', 74, 34),
('8', '2022-12-06 13:35:43', '2022-12-06 13:35:43', 74, 35),
('512', '2022-12-06 13:35:43', '2022-12-06 13:35:43', 74, 36),
('Pink', '2022-12-06 13:37:39', '2022-12-06 13:37:39', 75, 33),
('8', '2022-12-06 13:37:40', '2022-12-06 13:37:40', 75, 34),
('16', '2022-12-06 13:37:40', '2022-12-06 13:37:40', 75, 35),
('256', '2022-12-06 13:37:40', '2022-12-06 13:37:40', 75, 36),
('Pink', '2022-12-06 13:38:03', '2022-12-06 13:38:03', 76, 33),
('7', '2022-12-06 13:38:04', '2022-12-06 13:38:04', 76, 34),
('8', '2022-12-06 13:38:04', '2022-12-06 13:38:04', 76, 35),
('256', '2022-12-06 13:38:04', '2022-12-06 13:38:04', 76, 36),
('Pink', '2022-12-06 13:38:26', '2022-12-06 13:38:26', 77, 33),
('7', '2022-12-06 13:38:27', '2022-12-06 13:38:27', 77, 34),
('16', '2022-12-06 13:38:27', '2022-12-06 13:38:27', 77, 35),
('256', '2022-12-06 13:38:27', '2022-12-06 13:38:27', 77, 36),
('Pink', '2022-12-06 13:38:53', '2022-12-06 13:38:53', 78, 33),
('8', '2022-12-06 13:38:53', '2022-12-06 13:38:53', 78, 34),
('8', '2022-12-06 13:38:53', '2022-12-06 13:38:53', 78, 35),
('256', '2022-12-06 13:38:54', '2022-12-06 13:38:54', 78, 36),
('Pink', '2022-12-06 13:39:13', '2022-12-06 13:39:13', 79, 33),
('8', '2022-12-06 13:39:13', '2022-12-06 13:39:13', 79, 34),
('16', '2022-12-06 13:39:13', '2022-12-06 13:39:13', 79, 35),
('512', '2022-12-06 13:39:14', '2022-12-06 13:39:14', 79, 36),
('Green', '2022-12-06 13:39:49', '2022-12-06 13:39:49', 80, 33),
('8', '2022-12-06 13:39:49', '2022-12-06 13:39:49', 80, 34),
('8', '2022-12-06 13:39:50', '2022-12-06 13:39:50', 80, 35),
('512', '2022-12-06 13:39:50', '2022-12-06 13:39:50', 80, 36),
('Green', '2022-12-06 13:40:12', '2022-12-06 13:40:12', 81, 33),
('8', '2022-12-06 13:40:12', '2022-12-06 13:40:12', 81, 34),
('16', '2022-12-06 13:40:12', '2022-12-06 13:40:12', 81, 35),
('256', '2022-12-06 13:40:13', '2022-12-06 13:40:13', 81, 36),
('Green', '2022-12-06 13:40:36', '2022-12-06 13:40:36', 82, 33),
('7', '2022-12-06 13:40:37', '2022-12-06 13:40:37', 82, 34),
('8', '2022-12-06 13:40:37', '2022-12-06 13:40:37', 82, 35),
('256', '2022-12-06 13:40:37', '2022-12-06 13:40:37', 82, 36),
('Green', '2022-12-06 13:40:59', '2022-12-06 13:40:59', 83, 33),
('7', '2022-12-06 13:40:59', '2022-12-06 13:40:59', 83, 34),
('16', '2022-12-06 13:40:59', '2022-12-06 13:40:59', 83, 35),
('256', '2022-12-06 13:40:59', '2022-12-06 13:40:59', 83, 36),
('Green', '2022-12-06 13:41:17', '2022-12-06 13:41:17', 84, 33),
('8', '2022-12-06 13:41:17', '2022-12-06 13:41:17', 84, 34),
('8', '2022-12-06 13:41:17', '2022-12-06 13:41:17', 84, 35),
('256', '2022-12-06 13:41:18', '2022-12-06 13:41:18', 84, 36),
('Green', '2022-12-06 13:41:35', '2022-12-06 13:41:35', 85, 33),
('8', '2022-12-06 13:41:35', '2022-12-06 13:41:35', 85, 34),
('16', '2022-12-06 13:41:35', '2022-12-06 13:41:35', 85, 35),
('512', '2022-12-06 13:41:36', '2022-12-06 13:41:36', 85, 36),
('Blue', '2022-12-06 13:42:20', '2022-12-06 13:42:20', 86, 33),
('8', '2022-12-06 13:42:20', '2022-12-06 13:42:20', 86, 34),
('8', '2022-12-06 13:42:20', '2022-12-06 13:42:20', 86, 35),
('512', '2022-12-06 13:42:21', '2022-12-06 13:42:21', 86, 36),
('Blue', '2022-12-06 13:42:46', '2022-12-06 13:42:46', 87, 33),
('8', '2022-12-06 13:42:47', '2022-12-06 13:42:47', 87, 34),
('16', '2022-12-06 13:42:47', '2022-12-06 13:42:47', 87, 35),
('256', '2022-12-06 13:42:47', '2022-12-06 13:42:47', 87, 36),
('Blue', '2022-12-06 13:43:06', '2022-12-06 13:43:06', 88, 33),
('7', '2022-12-06 13:43:06', '2022-12-06 13:43:06', 88, 34),
('8', '2022-12-06 13:43:06', '2022-12-06 13:43:06', 88, 35),
('256', '2022-12-06 13:43:07', '2022-12-06 13:43:07', 88, 36),
('Blue', '2022-12-06 13:43:26', '2022-12-06 13:43:26', 89, 33),
('7', '2022-12-06 13:43:26', '2022-12-06 13:43:26', 89, 34),
('16', '2022-12-06 13:43:26', '2022-12-06 13:43:26', 89, 35),
('256', '2022-12-06 13:43:27', '2022-12-06 13:43:27', 89, 36),
('Blue', '2022-12-06 13:43:42', '2022-12-06 13:43:42', 90, 33),
('8', '2022-12-06 13:43:43', '2022-12-06 13:43:43', 90, 34),
('8', '2022-12-06 13:43:43', '2022-12-06 13:43:43', 90, 35),
('256', '2022-12-06 13:43:43', '2022-12-06 13:43:43', 90, 36),
('256', '2022-12-06 13:43:52', '2022-12-06 13:43:52', 91, 1),
('Wi-Fi', '2022-12-06 13:43:52', '2022-12-06 13:43:52', 91, 2),
('Space Gray', '2022-12-06 13:43:52', '2022-12-06 13:43:52', 91, 3),
('Blue', '2022-12-06 13:44:01', '2022-12-06 13:44:01', 92, 33),
('8', '2022-12-06 13:44:01', '2022-12-06 13:44:01', 92, 34),
('16', '2022-12-06 13:44:01', '2022-12-06 13:44:01', 92, 35),
('512', '2022-12-06 13:44:01', '2022-12-06 13:44:01', 92, 36),
('Silver', '2022-12-06 13:44:27', '2022-12-06 13:44:27', 93, 33),
('8', '2022-12-06 13:44:27', '2022-12-06 13:44:27', 93, 34),
('8', '2022-12-06 13:44:28', '2022-12-06 13:44:28', 93, 35),
('512', '2022-12-06 13:44:28', '2022-12-06 13:44:28', 93, 36),
('Silver', '2022-12-06 13:44:50', '2022-12-06 13:44:50', 94, 33),
('8', '2022-12-06 13:44:50', '2022-12-06 13:44:50', 94, 34),
('16', '2022-12-06 13:44:50', '2022-12-06 13:44:50', 94, 35),
('256', '2022-12-06 13:44:50', '2022-12-06 13:44:50', 94, 36),
('Silver', '2022-12-06 13:45:12', '2022-12-06 13:45:12', 95, 33),
('7', '2022-12-06 13:45:12', '2022-12-06 13:45:12', 95, 34),
('8', '2022-12-06 13:45:12', '2022-12-06 13:45:12', 95, 35),
('256', '2022-12-06 13:45:12', '2022-12-06 13:45:12', 95, 36),
('Silver', '2022-12-06 13:45:28', '2022-12-06 13:45:28', 96, 33),
('7', '2022-12-06 13:45:29', '2022-12-06 13:45:29', 96, 34),
('16', '2022-12-06 13:45:29', '2022-12-06 13:45:29', 96, 35),
('256', '2022-12-06 13:45:29', '2022-12-06 13:45:29', 96, 36),
('Silver', '2022-12-06 13:45:53', '2022-12-06 13:45:53', 97, 33),
('8', '2022-12-06 13:45:54', '2022-12-06 13:45:54', 97, 34),
('8', '2022-12-06 13:45:54', '2022-12-06 13:45:54', 97, 35),
('256', '2022-12-06 13:45:54', '2022-12-06 13:45:54', 97, 36),
('512', '2022-12-06 13:45:59', '2022-12-06 13:45:59', 98, 1),
('Wi-Fi', '2022-12-06 13:45:59', '2022-12-06 13:45:59', 98, 2),
('Space Gray', '2022-12-06 13:45:59', '2022-12-06 13:45:59', 98, 3),
('Silver', '2022-12-06 13:46:08', '2022-12-06 13:46:08', 99, 33),
('8', '2022-12-06 13:46:08', '2022-12-06 13:46:08', 99, 34),
('16', '2022-12-06 13:46:08', '2022-12-06 13:46:08', 99, 35),
('512', '2022-12-06 13:46:08', '2022-12-06 13:46:08', 99, 36),
('1024', '2022-12-06 13:47:49', '2022-12-06 13:47:49', 100, 1),
('Wi-Fi', '2022-12-06 13:47:50', '2022-12-06 13:47:50', 100, 2),
('Space Gray', '2022-12-06 13:47:50', '2022-12-06 13:47:50', 100, 3),
('8', '2022-12-06 13:48:50', '2022-12-06 13:48:50', 101, 37),
('256', '2022-12-06 13:48:51', '2022-12-06 13:48:51', 101, 38),
('2048', '2022-12-06 13:48:52', '2022-12-06 13:48:52', 102, 1),
('Wi-Fi', '2022-12-06 13:48:52', '2022-12-06 13:48:52', 102, 2),
('Space Gray', '2022-12-06 13:48:52', '2022-12-06 13:48:52', 102, 3),
('8', '2022-12-06 13:50:17', '2022-12-06 13:50:17', 103, 39),
('256', '2022-12-06 13:50:18', '2022-12-06 13:50:18', 103, 40),
('128', '2022-12-06 13:51:24', '2022-12-06 13:51:24', 104, 1),
('Wi-Fi', '2022-12-06 13:51:25', '2022-12-06 13:51:25', 104, 2),
('Silver', '2022-12-06 13:51:25', '2022-12-06 13:51:25', 104, 3),
('8', '2022-12-06 13:51:42', '2022-12-06 13:51:42', 105, 41),
('256', '2022-12-06 13:51:42', '2022-12-06 13:51:42', 105, 42),
('256', '2022-12-06 13:52:23', '2022-12-06 13:52:23', 106, 1),
('Wi-Fi', '2022-12-06 13:52:23', '2022-12-06 13:52:23', 106, 2),
('Silver', '2022-12-06 13:52:23', '2022-12-06 13:52:23', 106, 3),
('512', '2022-12-06 13:53:20', '2022-12-06 13:53:20', 107, 1),
('Wi-Fi', '2022-12-06 13:53:20', '2022-12-06 13:53:20', 107, 2),
('Silver', '2022-12-06 13:53:20', '2022-12-06 13:53:20', 107, 3),
('8', '2022-12-06 13:53:25', '2022-12-06 13:53:25', 108, 43),
('512', '2022-12-06 13:53:25', '2022-12-06 13:53:25', 108, 44),
('1024', '2022-12-06 13:54:16', '2022-12-06 13:54:16', 109, 1),
('Wi-Fi', '2022-12-06 13:54:17', '2022-12-06 13:54:17', 109, 2),
('Silver', '2022-12-06 13:54:17', '2022-12-06 13:54:17', 109, 3),
('8', '2022-12-06 13:54:50', '2022-12-06 13:54:50', 110, 45),
('256', '2022-12-06 13:54:50', '2022-12-06 13:54:50', 110, 46),
('2048', '2022-12-06 13:55:13', '2022-12-06 13:55:13', 111, 1),
('Wi-Fi', '2022-12-06 13:55:13', '2022-12-06 13:55:13', 111, 2),
('Silver', '2022-12-06 13:55:13', '2022-12-06 13:55:13', 111, 3),
('White', '2022-12-06 13:57:18', '2022-12-06 13:57:18', 112, 47),
('White', '2022-12-06 13:58:36', '2022-12-06 13:58:36', 113, 48),
('White', '2022-12-06 13:59:30', '2022-12-06 13:59:30', 114, 49),
('White', '2022-12-06 14:00:25', '2022-12-06 14:00:25', 115, 50),
('White', '2022-12-06 14:01:50', '2022-12-06 14:01:50', 116, 51),
('Pink', '2022-12-06 14:03:51', '2022-12-06 14:03:51', 117, 52),
('Space Gray', '2022-12-06 14:04:06', '2022-12-06 14:04:06', 118, 53),
('128', '2022-12-06 14:04:06', '2022-12-06 14:04:06', 118, 54),
('Wi-Fi', '2022-12-06 14:04:07', '2022-12-06 14:04:07', 118, 55),
('Sky Blue', '2022-12-06 14:04:48', '2022-12-06 14:04:48', 119, 52),
('Green', '2022-12-06 14:05:07', '2022-12-06 14:05:07', 120, 52),
('Silver', '2022-12-06 14:05:29', '2022-12-06 14:05:29', 121, 52),
('Space Gray', '2022-12-06 14:05:42', '2022-12-06 14:05:42', 122, 52),
('Yellow', '2022-12-06 14:10:00', '2022-12-06 14:10:00', 123, 56),
('White', '2022-12-06 14:10:37', '2022-12-06 14:10:37', 124, 56),
('Midnight', '2022-12-06 14:10:50', '2022-12-06 14:10:50', 125, 56),
('256', '2022-12-06 14:11:58', '2022-12-06 14:11:58', 126, 30),
('Wi-Fi', '2022-12-06 14:11:58', '2022-12-06 14:11:58', 126, 31),
('Space Gray', '2022-12-06 14:11:59', '2022-12-06 14:11:59', 126, 32),
('512', '2022-12-06 14:12:40', '2022-12-06 14:12:40', 127, 30),
('Wi-Fi', '2022-12-06 14:12:40', '2022-12-06 14:12:40', 127, 31),
('Space Gray', '2022-12-06 14:12:41', '2022-12-06 14:12:41', 127, 32),
('1024', '2022-12-06 14:13:21', '2022-12-06 14:13:21', 128, 30),
('Wi-Fi', '2022-12-06 14:13:21', '2022-12-06 14:13:21', 128, 31),
('Space Gray', '2022-12-06 14:13:21', '2022-12-06 14:13:21', 128, 32),
('Blue / Gray', '2022-12-06 14:13:36', '2022-12-06 14:13:36', 129, 57),
('2048', '2022-12-06 14:14:01', '2022-12-06 14:14:01', 130, 30),
('Wi-Fi', '2022-12-06 14:14:01', '2022-12-06 14:14:01', 130, 31),
('Space Gray', '2022-12-06 14:14:01', '2022-12-06 14:14:01', 130, 32),
('Yellow / Beige', '2022-12-06 14:14:07', '2022-12-06 14:14:07', 131, 57),
('Black / Gray', '2022-12-06 14:14:26', '2022-12-06 14:14:26', 132, 57),
('128', '2022-12-06 14:14:52', '2022-12-06 14:14:52', 133, 30),
('Wi-Fi', '2022-12-06 14:14:52', '2022-12-06 14:14:52', 133, 31),
('Silver', '2022-12-06 14:14:52', '2022-12-06 14:14:52', 133, 32),
('256', '2022-12-06 14:15:36', '2022-12-06 14:15:36', 134, 30),
('Wi-Fi', '2022-12-06 14:15:36', '2022-12-06 14:15:36', 134, 31),
('Silver', '2022-12-06 14:15:37', '2022-12-06 14:15:37', 134, 32),
('Blue / Gray', '2022-12-06 14:15:45', '2022-12-06 14:15:45', 135, 58),
('Black / Gray', '2022-12-06 14:16:06', '2022-12-06 14:16:06', 136, 58),
('512', '2022-12-06 14:16:25', '2022-12-06 14:16:25', 137, 30),
('Wi-Fi', '2022-12-06 14:16:25', '2022-12-06 14:16:25', 137, 31),
('Silver', '2022-12-06 14:16:26', '2022-12-06 14:16:26', 137, 32),
('Yellow / Beige', '2022-12-06 14:16:28', '2022-12-06 14:16:28', 138, 58),
('1024', '2022-12-06 14:18:57', '2022-12-06 14:18:57', 139, 30),
('Wi-Fi', '2022-12-06 14:18:57', '2022-12-06 14:18:57', 139, 31),
('Silver', '2022-12-06 14:18:57', '2022-12-06 14:18:57', 139, 32),
('Starlight', '2022-12-06 14:19:03', '2022-12-06 14:19:03', 140, 59),
('S', '2022-12-06 14:19:03', '2022-12-06 14:19:03', 140, 60),
('2048', '2022-12-06 14:19:39', '2022-12-06 14:19:39', 141, 30),
('Wi-Fi', '2022-12-06 14:19:39', '2022-12-06 14:19:39', 141, 31),
('Silver', '2022-12-06 14:19:39', '2022-12-06 14:19:39', 141, 32),
('Starlight', '2022-12-06 14:19:40', '2022-12-06 14:19:40', 142, 59),
('M', '2022-12-06 14:19:40', '2022-12-06 14:19:40', 142, 60),
('Starlight', '2022-12-06 14:19:50', '2022-12-06 14:19:50', 143, 59),
('L', '2022-12-06 14:19:50', '2022-12-06 14:19:50', 143, 60),
('Green', '2022-12-06 14:20:05', '2022-12-06 14:20:05', 144, 59),
('S', '2022-12-06 14:20:05', '2022-12-06 14:20:05', 144, 60),
('Green', '2022-12-06 14:20:17', '2022-12-06 14:20:17', 145, 59),
('M', '2022-12-06 14:20:18', '2022-12-06 14:20:18', 145, 60),
('Green', '2022-12-06 14:20:28', '2022-12-06 14:20:28', 146, 59),
('L', '2022-12-06 14:20:28', '2022-12-06 14:20:28', 146, 60),
('Orange', '2022-12-06 14:20:49', '2022-12-06 14:20:49', 147, 59),
('S', '2022-12-06 14:20:49', '2022-12-06 14:20:49', 147, 60),
('Orange', '2022-12-06 14:21:00', '2022-12-06 14:21:00', 148, 59),
('M', '2022-12-06 14:21:00', '2022-12-06 14:21:00', 148, 60),
('Orange', '2022-12-06 14:21:11', '2022-12-06 14:21:11', 149, 59),
('L', '2022-12-06 14:21:11', '2022-12-06 14:21:11', 149, 60),
('Space Gray', '2022-12-06 14:23:17', '2022-12-06 14:23:17', 150, 53),
('256', '2022-12-06 14:23:17', '2022-12-06 14:23:17', 150, 54),
('Wi-Fi', '2022-12-06 14:23:17', '2022-12-06 14:23:17', 150, 55),
('Space Gray', '2022-12-06 14:24:03', '2022-12-06 14:24:03', 151, 53),
('512', '2022-12-06 14:24:03', '2022-12-06 14:24:03', 151, 54),
('Wi-Fi', '2022-12-06 14:24:04', '2022-12-06 14:24:04', 151, 55),
('Space Gray', '2022-12-06 14:24:53', '2022-12-06 14:24:53', 152, 53),
('1024', '2022-12-06 14:24:53', '2022-12-06 14:24:53', 152, 54),
('Wi-Fi', '2022-12-06 14:24:53', '2022-12-06 14:24:53', 152, 55),
('Space Gray', '2022-12-06 14:25:31', '2022-12-06 14:25:31', 153, 53),
('2048', '2022-12-06 14:25:32', '2022-12-06 14:25:32', 153, 54),
('Wi-Fi', '2022-12-06 14:25:32', '2022-12-06 14:25:32', 153, 55),
('Starlight', '2022-12-06 14:26:05', '2022-12-06 14:26:05', 154, 61),
('45', '2022-12-06 14:26:05', '2022-12-06 14:26:05', 154, 62),
('Starlight', '2022-12-06 14:26:53', '2022-12-06 14:26:53', 155, 61),
('41', '2022-12-06 14:26:54', '2022-12-06 14:26:54', 155, 62),
('White', '2022-12-06 14:27:24', '2022-12-06 14:27:24', 156, 61),
('41', '2022-12-06 14:27:25', '2022-12-06 14:27:25', 156, 62),
('White', '2022-12-06 14:27:35', '2022-12-06 14:27:35', 157, 61),
('45', '2022-12-06 14:27:35', '2022-12-06 14:27:35', 157, 62),
('Red', '2022-12-06 14:27:54', '2022-12-06 14:27:54', 158, 61),
('41', '2022-12-06 14:27:55', '2022-12-06 14:27:55', 158, 62),
('Red', '2022-12-06 14:28:04', '2022-12-06 14:28:04', 159, 61),
('45', '2022-12-06 14:28:04', '2022-12-06 14:28:04', 159, 62),
('Midnight', '2022-12-06 14:28:23', '2022-12-06 14:28:23', 160, 61),
('41', '2022-12-06 14:28:23', '2022-12-06 14:28:23', 160, 62),
('Midnight', '2022-12-06 14:28:32', '2022-12-06 14:28:32', 161, 61),
('45', '2022-12-06 14:28:32', '2022-12-06 14:28:32', 161, 62),
('Silver', '2022-12-06 14:29:22', '2022-12-06 14:29:22', 162, 53),
('128', '2022-12-06 14:29:23', '2022-12-06 14:29:23', 162, 54),
('Wi-Fi', '2022-12-06 14:29:23', '2022-12-06 14:29:23', 162, 55),
('Silver', '2022-12-06 14:30:13', '2022-12-06 14:30:13', 163, 53),
('256', '2022-12-06 14:30:14', '2022-12-06 14:30:14', 163, 54),
('Wi-Fi', '2022-12-06 14:30:14', '2022-12-06 14:30:14', 163, 55),
('Silver', '2022-12-06 14:31:50', '2022-12-06 14:31:50', 164, 53),
('512', '2022-12-06 14:31:50', '2022-12-06 14:31:50', 164, 54),
('Wi-Fi', '2022-12-06 14:31:50', '2022-12-06 14:31:50', 164, 55),
('Gold', '2022-12-06 14:32:26', '2022-12-06 14:32:26', 165, 63),
('45', '2022-12-06 14:32:27', '2022-12-06 14:32:27', 165, 64),
('Silver', '2022-12-06 14:32:33', '2022-12-06 14:32:33', 166, 53),
('1024', '2022-12-06 14:32:33', '2022-12-06 14:32:33', 166, 54),
('Wi-Fi', '2022-12-06 14:32:33', '2022-12-06 14:32:33', 166, 55),
('Graphite', '2022-12-06 14:33:05', '2022-12-06 14:33:05', 167, 63),
('45', '2022-12-06 14:33:05', '2022-12-06 14:33:05', 167, 64),
('Silver', '2022-12-06 14:33:14', '2022-12-06 14:33:14', 168, 53),
('2048', '2022-12-06 14:33:14', '2022-12-06 14:33:14', 168, 54),
('Wi-Fi', '2022-12-06 14:33:14', '2022-12-06 14:33:14', 168, 55),
('Silver', '2022-12-06 14:33:21', '2022-12-06 14:33:21', 169, 63),
('45', '2022-12-06 14:33:21', '2022-12-06 14:33:21', 169, 64),
('Silver', '2022-12-06 14:34:00', '2022-12-06 14:34:00', 170, 63),
('41', '2022-12-06 14:34:00', '2022-12-06 14:34:00', 170, 64),
('Graphite', '2022-12-06 14:34:18', '2022-12-06 14:34:18', 171, 63),
('41', '2022-12-06 14:34:18', '2022-12-06 14:34:18', 171, 64),
('Gold', '2022-12-06 14:34:31', '2022-12-06 14:34:31', 172, 63),
('41', '2022-12-06 14:34:31', '2022-12-06 14:34:31', 172, 64),
('Gold', '2022-12-06 14:36:48', '2022-12-06 14:36:48', 173, 65),
('41', '2022-12-06 14:36:48', '2022-12-06 14:36:48', 173, 66),
('Gold', '2022-12-06 14:37:27', '2022-12-06 14:37:27', 174, 65),
('45', '2022-12-06 14:37:27', '2022-12-06 14:37:27', 174, 66),
('Graphite', '2022-12-06 14:37:54', '2022-12-06 14:37:54', 175, 65),
('41', '2022-12-06 14:37:54', '2022-12-06 14:37:54', 175, 66),
('Graphite', '2022-12-06 14:38:11', '2022-12-06 14:38:11', 176, 65),
('45', '2022-12-06 14:38:11', '2022-12-06 14:38:11', 176, 66),
('Silver', '2022-12-06 14:38:23', '2022-12-06 14:38:23', 177, 65),
('41', '2022-12-06 14:38:23', '2022-12-06 14:38:23', 177, 66),
('Silver', '2022-12-06 14:38:35', '2022-12-06 14:38:35', 178, 65),
('45', '2022-12-06 14:38:36', '2022-12-06 14:38:36', 178, 66),
('Red', '2022-12-06 14:40:35', '2022-12-06 14:40:35', 179, 67),
('45', '2022-12-06 14:40:35', '2022-12-06 14:40:35', 179, 68),
('Red', '2022-12-06 14:41:12', '2022-12-06 14:41:12', 180, 67),
('41', '2022-12-06 14:41:13', '2022-12-06 14:41:13', 180, 68),
('Starlight', '2022-12-06 14:41:37', '2022-12-06 14:41:37', 181, 67),
('45', '2022-12-06 14:41:37', '2022-12-06 14:41:37', 181, 68),
('Starlight', '2022-12-06 14:41:47', '2022-12-06 14:41:47', 182, 67),
('41', '2022-12-06 14:41:47', '2022-12-06 14:41:47', 182, 68),
('White', '2022-12-06 14:42:05', '2022-12-06 14:42:05', 183, 67),
('41', '2022-12-06 14:42:05', '2022-12-06 14:42:05', 183, 68),
('White', '2022-12-06 14:42:28', '2022-12-06 14:42:28', 184, 67),
('45', '2022-12-06 14:42:28', '2022-12-06 14:42:28', 184, 68),
('Space Gray', '2022-12-06 14:42:30', '2022-12-06 14:42:30', 185, 69),
('128', '2022-12-06 14:42:30', '2022-12-06 14:42:30', 185, 70),
('Wi-Fi', '2022-12-06 14:42:31', '2022-12-06 14:42:31', 185, 71),
('Midnight', '2022-12-06 14:42:47', '2022-12-06 14:42:47', 186, 67),
('41', '2022-12-06 14:42:47', '2022-12-06 14:42:47', 186, 68),
('Midnight', '2022-12-06 14:42:58', '2022-12-06 14:42:58', 187, 67),
('45', '2022-12-06 14:42:58', '2022-12-06 14:42:58', 187, 68),
('Space Gray', '2022-12-06 14:45:08', '2022-12-06 14:45:08', 188, 69),
('256', '2022-12-06 14:45:08', '2022-12-06 14:45:08', 188, 70),
('Wi-Fi', '2022-12-06 14:45:09', '2022-12-06 14:45:09', 188, 71),
('Space Gray', '2022-12-06 14:45:52', '2022-12-06 14:45:52', 189, 69),
('512', '2022-12-06 14:45:52', '2022-12-06 14:45:52', 189, 70),
('Wi-Fi', '2022-12-06 14:45:53', '2022-12-06 14:45:53', 189, 71),
('Space Gray', '2022-12-06 14:46:36', '2022-12-06 14:46:36', 190, 69),
('1024', '2022-12-06 14:46:36', '2022-12-06 14:46:36', 190, 70),
('Wi-Fi', '2022-12-06 14:46:37', '2022-12-06 14:46:37', 190, 71),
('Space Gray', '2022-12-06 14:47:15', '2022-12-06 14:47:15', 191, 69),
('2048', '2022-12-06 14:47:15', '2022-12-06 14:47:15', 191, 70),
('Wi-Fi', '2022-12-06 14:47:15', '2022-12-06 14:47:15', 191, 71),
('Silver', '2022-12-06 14:49:15', '2022-12-06 14:49:15', 192, 69),
('128', '2022-12-06 14:49:16', '2022-12-06 14:49:16', 192, 70),
('Wi-Fi', '2022-12-06 14:49:16', '2022-12-06 14:49:16', 192, 71),
('Silver', '2022-12-06 14:50:03', '2022-12-06 14:50:03', 193, 69),
('256', '2022-12-06 14:50:03', '2022-12-06 14:50:03', 193, 70),
('Wi-Fi', '2022-12-06 14:50:04', '2022-12-06 14:50:04', 193, 71),
('Silver', '2022-12-06 14:50:51', '2022-12-06 14:50:51', 194, 69),
('512', '2022-12-06 14:50:51', '2022-12-06 14:50:51', 194, 70),
('Wi-Fi', '2022-12-06 14:50:52', '2022-12-06 14:50:52', 194, 71),
('Silver', '2022-12-06 14:51:37', '2022-12-06 14:51:37', 195, 69),
('1024', '2022-12-06 14:51:37', '2022-12-06 14:51:37', 195, 70),
('Wi-Fi', '2022-12-06 14:51:37', '2022-12-06 14:51:37', 195, 71),
('Silver', '2022-12-06 14:52:30', '2022-12-06 14:52:30', 196, 69),
('2048', '2022-12-06 14:52:31', '2022-12-06 14:52:31', 196, 70),
('Wi-Fi', '2022-12-06 14:52:31', '2022-12-06 14:52:31', 196, 71),
('128', '2022-12-06 14:57:28', '2022-12-06 14:57:28', 197, 72),
('Space Gray', '2022-12-06 14:57:28', '2022-12-06 14:57:28', 197, 73),
('Wi-Fi', '2022-12-06 14:57:29', '2022-12-06 14:57:29', 197, 74),
('256', '2022-12-06 15:03:54', '2022-12-06 15:03:54', 198, 72),
('Space Gray', '2022-12-06 15:03:54', '2022-12-06 15:03:54', 198, 73),
('Wi-Fi', '2022-12-06 15:03:54', '2022-12-06 15:03:54', 198, 74),
('512', '2022-12-06 15:04:52', '2022-12-06 15:04:52', 199, 72),
('Space Gray', '2022-12-06 15:04:52', '2022-12-06 15:04:52', 199, 73),
('Wi-Fi', '2022-12-06 15:04:52', '2022-12-06 15:04:52', 199, 74),
('1024', '2022-12-06 15:05:40', '2022-12-06 15:05:40', 200, 72),
('Space Gray', '2022-12-06 15:05:40', '2022-12-06 15:05:40', 200, 73),
('Wi-Fi', '2022-12-06 15:05:41', '2022-12-06 15:05:41', 200, 74),
('2048', '2022-12-06 15:06:17', '2022-12-06 15:06:17', 201, 72),
('Space Gray', '2022-12-06 15:06:17', '2022-12-06 15:06:17', 201, 73),
('Wi-Fi', '2022-12-06 15:06:17', '2022-12-06 15:06:17', 201, 74),
('128', '2022-12-06 15:07:03', '2022-12-06 15:07:03', 202, 72),
('Silver', '2022-12-06 15:07:03', '2022-12-06 15:07:03', 202, 73),
('Wi-Fi', '2022-12-06 15:07:03', '2022-12-06 15:07:03', 202, 74),
('256', '2022-12-06 15:07:49', '2022-12-06 15:07:49', 203, 72),
('Silver', '2022-12-06 15:07:49', '2022-12-06 15:07:49', 203, 73),
('Wi-Fi', '2022-12-06 15:07:49', '2022-12-06 15:07:49', 203, 74),
('512', '2022-12-06 15:09:00', '2022-12-06 15:09:00', 204, 72),
('Silver', '2022-12-06 15:09:00', '2022-12-06 15:09:00', 204, 73),
('Wi-Fi', '2022-12-06 15:09:01', '2022-12-06 15:09:01', 204, 74),
('1024', '2022-12-06 15:10:13', '2022-12-06 15:10:13', 205, 72),
('Silver', '2022-12-06 15:10:13', '2022-12-06 15:10:13', 205, 73),
('Wi-Fi', '2022-12-06 15:10:13', '2022-12-06 15:10:13', 205, 74),
('2048', '2022-12-06 15:11:05', '2022-12-06 15:11:05', 206, 72),
('Silver', '2022-12-06 15:11:06', '2022-12-06 15:11:06', 206, 73),
('Wi-Fi', '2022-12-06 15:11:06', '2022-12-06 15:11:06', 206, 74),
('Red', '2022-12-06 15:23:28', '2022-12-06 15:23:28', 207, 75),
('Green', '2022-12-06 15:24:06', '2022-12-06 15:24:06', 208, 75),
('Blue', '2022-12-06 15:24:28', '2022-12-06 15:24:28', 209, 75),
('Starlight', '2022-12-06 15:24:44', '2022-12-06 15:24:44', 210, 75),
('Midnight', '2022-12-06 15:24:58', '2022-12-06 15:24:58', 211, 75),
('Midnight', '2022-12-06 15:26:34', '2022-12-06 15:26:34', 212, 76),
('41', '2022-12-06 15:26:34', '2022-12-06 15:26:34', 212, 77),
('Midnight', '2022-12-06 15:27:16', '2022-12-06 15:27:16', 213, 76),
('45', '2022-12-06 15:27:16', '2022-12-06 15:27:16', 213, 77),
('Starlight', '2022-12-06 15:27:34', '2022-12-06 15:27:34', 214, 76),
('45', '2022-12-06 15:27:34', '2022-12-06 15:27:34', 214, 77),
('Starlight', '2022-12-06 15:27:44', '2022-12-06 15:27:44', 215, 76),
('41', '2022-12-06 15:27:44', '2022-12-06 15:27:44', 215, 77),
('Blue', '2022-12-06 15:28:03', '2022-12-06 15:28:03', 216, 76),
('41', '2022-12-06 15:28:03', '2022-12-06 15:28:03', 216, 77),
('Blue', '2022-12-06 15:28:17', '2022-12-06 15:28:17', 217, 76),
('45', '2022-12-06 15:28:17', '2022-12-06 15:28:17', 217, 77),
('Green', '2022-12-06 15:28:44', '2022-12-06 15:28:44', 218, 76),
('41', '2022-12-06 15:28:44', '2022-12-06 15:28:44', 218, 77),
('Green', '2022-12-06 15:28:56', '2022-12-06 15:28:56', 219, 76),
('45', '2022-12-06 15:28:56', '2022-12-06 15:28:56', 219, 77),
('Red', '2022-12-06 15:29:07', '2022-12-06 15:29:07', 220, 76),
('41', '2022-12-06 15:29:07', '2022-12-06 15:29:07', 220, 77),
('Red', '2022-12-06 15:29:20', '2022-12-06 15:29:20', 221, 76),
('45', '2022-12-06 15:29:20', '2022-12-06 15:29:20', 221, 77),
('Silver', '2022-12-06 15:44:54', '2022-12-06 15:44:54', 222, 78),
('44', '2022-12-06 15:44:55', '2022-12-06 15:44:55', 222, 79),
('Silver', '2022-12-06 15:46:10', '2022-12-06 15:46:10', 223, 78),
('40', '2022-12-06 15:46:10', '2022-12-06 15:46:10', 223, 79),
('Starlight', '2022-12-06 15:46:31', '2022-12-06 15:46:31', 224, 78),
('44', '2022-12-06 15:46:31', '2022-12-06 15:46:31', 224, 79),
('Starlight', '2022-12-06 15:46:50', '2022-12-06 15:46:50', 225, 78),
('40', '2022-12-06 15:46:50', '2022-12-06 15:46:50', 225, 79),
('Midnight', '2022-12-06 15:47:10', '2022-12-06 15:47:10', 226, 78),
('40', '2022-12-06 15:47:10', '2022-12-06 15:47:10', 226, 79),
('Midnight', '2022-12-06 15:47:26', '2022-12-06 15:47:26', 227, 78),
('44', '2022-12-06 15:47:26', '2022-12-06 15:47:26', 227, 79),
('64', '2022-12-06 15:49:14', '2022-12-06 15:49:14', 228, 80),
('Silver', '2022-12-06 15:49:14', '2022-12-06 15:49:14', 228, 81),
('Wi-Fi', '2022-12-06 15:49:14', '2022-12-06 15:49:14', 228, 82),
('', '2022-12-06 15:49:15', '2022-12-06 15:49:15', 228, 83),
('40', '2022-12-06 15:49:29', '2022-12-06 15:49:29', 229, 84),
('Midnight', '2022-12-06 15:49:29', '2022-12-06 15:49:29', 229, 85),
('44', '2022-12-06 15:50:08', '2022-12-06 15:50:08', 230, 84),
('Midnight', '2022-12-06 15:50:09', '2022-12-06 15:50:09', 230, 85),
('40', '2022-12-06 15:50:36', '2022-12-06 15:50:36', 231, 84),
('Starlight', '2022-12-06 15:50:36', '2022-12-06 15:50:36', 231, 85),
('44', '2022-12-06 15:50:55', '2022-12-06 15:50:55', 232, 84),
('Starlight', '2022-12-06 15:50:55', '2022-12-06 15:50:55', 232, 85),
('40', '2022-12-06 15:51:11', '2022-12-06 15:51:11', 233, 84),
('Silver', '2022-12-06 15:51:11', '2022-12-06 15:51:11', 233, 85),
('44', '2022-12-06 15:51:24', '2022-12-06 15:51:24', 234, 84),
('Silver', '2022-12-06 15:51:24', '2022-12-06 15:51:24', 234, 85),
('64', '2022-12-06 15:51:40', '2022-12-06 15:51:40', 235, 80),
('Space Gray', '2022-12-06 15:51:41', '2022-12-06 15:51:41', 235, 81),
('Wi-Fi', '2022-12-06 15:51:41', '2022-12-06 15:51:41', 235, 82),
('', '2022-12-06 15:51:41', '2022-12-06 15:51:41', 235, 83),
('64', '2022-12-06 15:52:58', '2022-12-06 15:52:58', 236, 80),
('Green', '2022-12-06 15:52:58', '2022-12-06 15:52:58', 236, 81),
('Wi-Fi', '2022-12-06 15:52:58', '2022-12-06 15:52:58', 236, 82),
('', '2022-12-06 15:52:58', '2022-12-06 15:52:58', 236, 83),
('40', '2022-12-06 15:53:53', '2022-12-06 15:53:53', 237, 86),
('Gold', '2022-12-06 15:53:53', '2022-12-06 15:53:53', 237, 87),
('64', '2022-12-06 15:54:15', '2022-12-06 15:54:15', 238, 80),
('Sky Blue', '2022-12-06 15:54:15', '2022-12-06 15:54:15', 238, 81),
('Wi-Fi', '2022-12-06 15:54:15', '2022-12-06 15:54:15', 238, 82),
('', '2022-12-06 15:54:15', '2022-12-06 15:54:15', 238, 83),
('44', '2022-12-06 15:54:45', '2022-12-06 15:54:45', 239, 86),
('Gold', '2022-12-06 15:54:45', '2022-12-06 15:54:45', 239, 87),
('44', '2022-12-06 15:55:06', '2022-12-06 15:55:06', 240, 86),
('Blue', '2022-12-06 15:55:06', '2022-12-06 15:55:06', 240, 87),
('64', '2022-12-06 15:55:21', '2022-12-06 15:55:21', 241, 80),
('Pink', '2022-12-06 15:55:21', '2022-12-06 15:55:21', 241, 81),
('Wi-Fi', '2022-12-06 15:55:22', '2022-12-06 15:55:22', 241, 82),
('', '2022-12-06 15:55:22', '2022-12-06 15:55:22', 241, 83),
('40', '2022-12-06 15:55:24', '2022-12-06 15:55:24', 242, 86),
('Blue', '2022-12-06 15:55:24', '2022-12-06 15:55:24', 242, 87),
('40', '2022-12-06 15:55:45', '2022-12-06 15:55:45', 243, 86),
('Space Gray', '2022-12-06 15:55:45', '2022-12-06 15:55:45', 243, 87),
('44', '2022-12-06 15:56:01', '2022-12-06 15:56:01', 244, 86),
('Space Gray', '2022-12-06 15:56:01', '2022-12-06 15:56:01', 244, 87),
('Space Gray', '2022-12-06 15:57:26', '2022-12-06 15:57:26', 245, 88),
('40', '2022-12-06 15:57:26', '2022-12-06 15:57:26', 245, 89),
('Space Gray', '2022-12-06 15:58:11', '2022-12-06 15:58:11', 246, 88),
('44', '2022-12-06 15:58:11', '2022-12-06 15:58:11', 246, 89),
('Blue', '2022-12-06 15:58:41', '2022-12-06 15:58:41', 247, 88),
('44', '2022-12-06 15:58:41', '2022-12-06 15:58:41', 247, 89),
('Blue', '2022-12-06 15:58:57', '2022-12-06 15:58:57', 248, 88),
('40', '2022-12-06 15:58:58', '2022-12-06 15:58:58', 248, 89),
('Gold', '2022-12-06 15:59:17', '2022-12-06 15:59:17', 249, 88),
('40', '2022-12-06 15:59:17', '2022-12-06 15:59:17', 249, 89),
('Space Gray', '2022-12-06 15:59:21', '2022-12-06 15:59:21', 250, 90),
('64', '2022-12-06 15:59:21', '2022-12-06 15:59:21', 250, 91),
('Wi-Fi', '2022-12-06 15:59:21', '2022-12-06 15:59:21', 250, 92),
('Gold', '2022-12-06 15:59:47', '2022-12-06 15:59:47', 251, 88),
('44', '2022-12-06 15:59:47', '2022-12-06 15:59:47', 251, 89),
('Starlight', '2022-12-06 16:01:19', '2022-12-06 16:01:19', 252, 90),
('64', '2022-12-06 16:01:19', '2022-12-06 16:01:19', 252, 91),
('Wi-Fi', '2022-12-06 16:01:20', '2022-12-06 16:01:20', 252, 92),
('Green', '2022-12-06 16:02:38', '2022-12-06 16:02:38', 253, 93),
('40', '2022-12-06 16:02:38', '2022-12-06 16:02:38', 253, 94),
('Blue', '2022-12-06 16:02:59', '2022-12-06 16:02:59', 254, 90),
('64', '2022-12-06 16:02:59', '2022-12-06 16:02:59', 254, 91),
('Wi-Fi', '2022-12-06 16:03:00', '2022-12-06 16:03:00', 254, 92),
('Green', '2022-12-06 16:03:11', '2022-12-06 16:03:11', 255, 93),
('44', '2022-12-06 16:03:11', '2022-12-06 16:03:11', 255, 94),
('Silver', '2022-12-06 16:03:28', '2022-12-06 16:03:28', 256, 93),
('40', '2022-12-06 16:03:28', '2022-12-06 16:03:28', 256, 94),
('Green', '2022-12-06 16:03:38', '2022-12-06 16:03:38', 257, 93),
('44', '2022-12-06 16:03:38', '2022-12-06 16:03:38', 257, 94),
('Graphite', '2022-12-06 16:04:00', '2022-12-06 16:04:00', 258, 93),
('40', '2022-12-06 16:04:00', '2022-12-06 16:04:00', 258, 94),
('Purple', '2022-12-06 16:04:16', '2022-12-06 16:04:16', 259, 90),
('64', '2022-12-06 16:04:17', '2022-12-06 16:04:17', 259, 91),
('Wi-Fi', '2022-12-06 16:04:17', '2022-12-06 16:04:17', 259, 92),
('Graphite', '2022-12-06 16:04:16', '2022-12-06 16:04:16', 260, 93),
('44', '2022-12-06 16:04:16', '2022-12-06 16:04:16', 260, 94),
('Pink', '2022-12-06 16:05:33', '2022-12-06 16:05:33', 261, 90),
('64', '2022-12-06 16:05:34', '2022-12-06 16:05:34', 261, 91),
('Wi-Fi', '2022-12-06 16:05:34', '2022-12-06 16:05:34', 261, 92),
('Space Gray', '2022-12-06 16:06:32', '2022-12-06 16:06:32', 262, 95),
('38', '2022-12-06 16:06:32', '2022-12-06 16:06:32', 262, 96),
('Space Gray', '2022-12-06 16:07:07', '2022-12-06 16:07:07', 263, 95),
('42', '2022-12-06 16:07:07', '2022-12-06 16:07:07', 263, 96),
('Silver', '2022-12-06 16:07:27', '2022-12-06 16:07:27', 264, 95),
('38', '2022-12-06 16:07:28', '2022-12-06 16:07:28', 264, 96),
('Silver', '2022-12-06 16:07:46', '2022-12-06 16:07:46', 265, 95),
('42', '2022-12-06 16:07:46', '2022-12-06 16:07:46', 265, 96),
('Pink', '2022-12-06 16:08:03', '2022-12-06 16:08:03', 266, 90),
('256', '2022-12-06 16:08:03', '2022-12-06 16:08:03', 266, 91),
('Wi-Fi', '2022-12-06 16:08:03', '2022-12-06 16:08:03', 266, 92),
('Starlight', '2022-12-06 16:09:42', '2022-12-06 16:09:42', 267, 90),
('256', '2022-12-06 16:09:42', '2022-12-06 16:09:42', 267, 91),
('Wi-Fi', '2022-12-06 16:09:42', '2022-12-06 16:09:42', 267, 92),
('Red', '2022-12-06 16:10:43', '2022-12-06 16:10:43', 268, 97),
('64', '2022-12-06 16:10:43', '2022-12-06 16:10:43', 268, 98),
('Space Gray', '2022-12-06 16:11:22', '2022-12-06 16:11:22', 269, 90),
('256', '2022-12-06 16:11:22', '2022-12-06 16:11:22', 269, 91),
('Wi-Fi', '2022-12-06 16:11:22', '2022-12-06 16:11:22', 269, 92),
('Red', '2022-12-06 16:11:22', '2022-12-06 16:11:22', 270, 97),
('128', '2022-12-06 16:11:22', '2022-12-06 16:11:22', 270, 98),
('Red', '2022-12-06 16:11:52', '2022-12-06 16:11:52', 271, 97),
('256', '2022-12-06 16:11:53', '2022-12-06 16:11:53', 271, 98),
('Starlight', '2022-12-06 16:12:10', '2022-12-06 16:12:10', 272, 97),
('256', '2022-12-06 16:12:10', '2022-12-06 16:12:10', 272, 98),
('Starlight', '2022-12-06 16:12:22', '2022-12-06 16:12:22', 273, 97),
('128', '2022-12-06 16:12:22', '2022-12-06 16:12:22', 273, 98),
('Starlight', '2022-12-06 16:12:37', '2022-12-06 16:12:37', 274, 97),
('64', '2022-12-06 16:12:37', '2022-12-06 16:12:37', 274, 98),
('Midnight', '2022-12-06 16:12:54', '2022-12-06 16:12:54', 275, 97),
('256', '2022-12-06 16:12:54', '2022-12-06 16:12:54', 275, 98),
('Midnight', '2022-12-06 16:13:05', '2022-12-06 16:13:05', 276, 97),
('128', '2022-12-06 16:13:05', '2022-12-06 16:13:05', 276, 98),
('Midnight', '2022-12-06 16:13:14', '2022-12-06 16:13:14', 277, 97),
('64', '2022-12-06 16:13:14', '2022-12-06 16:13:14', 277, 98),
('Blue', '2022-12-06 16:13:57', '2022-12-06 16:13:57', 278, 90),
('256', '2022-12-06 16:13:57', '2022-12-06 16:13:57', 278, 91),
('Wi-Fi', '2022-12-06 16:13:57', '2022-12-06 16:13:57', 278, 92),
('Purple', '2022-12-06 16:15:27', '2022-12-06 16:15:27', 279, 90),
('256', '2022-12-06 16:15:27', '2022-12-06 16:15:27', 279, 91),
('Wi-Fi', '2022-12-06 16:15:27', '2022-12-06 16:15:27', 279, 92),
('Black', '2022-12-06 16:16:34', '2022-12-06 16:16:34', 280, 99),
('64', '2022-12-06 16:16:34', '2022-12-06 16:16:34', 280, 100),
('Black', '2022-12-06 16:17:15', '2022-12-06 16:17:15', 281, 99),
('128', '2022-12-06 16:17:15', '2022-12-06 16:17:15', 281, 100),
('White', '2022-12-06 16:17:34', '2022-12-06 16:17:34', 282, 99),
('64', '2022-12-06 16:17:35', '2022-12-06 16:17:35', 282, 100),
('White', '2022-12-06 16:17:48', '2022-12-06 16:17:48', 283, 99),
('128', '2022-12-06 16:17:48', '2022-12-06 16:17:48', 283, 100),
('Red', '2022-12-06 16:20:04', '2022-12-06 16:20:04', 284, 101),
('64', '2022-12-06 16:20:04', '2022-12-06 16:20:04', 284, 102),
('Red', '2022-12-06 16:20:39', '2022-12-06 16:20:39', 285, 101),
('128', '2022-12-06 16:20:40', '2022-12-06 16:20:40', 285, 102),
('Purple', '2022-12-06 16:21:02', '2022-12-06 16:21:02', 286, 101),
('64', '2022-12-06 16:21:02', '2022-12-06 16:21:02', 286, 102),
('Purple', '2022-12-06 16:21:20', '2022-12-06 16:21:20', 287, 101),
('128', '2022-12-06 16:21:20', '2022-12-06 16:21:20', 287, 102),
('Green', '2022-12-06 16:21:43', '2022-12-06 16:21:43', 288, 101),
('64', '2022-12-06 16:21:43', '2022-12-06 16:21:43', 288, 102),
('Green', '2022-12-06 16:21:59', '2022-12-06 16:21:59', 289, 101),
('128', '2022-12-06 16:21:59', '2022-12-06 16:21:59', 289, 102),
('Blue', '2022-12-06 16:25:30', '2022-12-06 16:25:30', 290, 101),
('64', '2022-12-06 16:25:30', '2022-12-06 16:25:30', 290, 102),
('Blue', '2022-12-06 16:25:58', '2022-12-06 16:25:58', 291, 101),
('128', '2022-12-06 16:25:58', '2022-12-06 16:25:58', 291, 102),
('Blue', '2022-12-06 16:26:33', '2022-12-06 16:26:33', 292, 101),
('64', '2022-12-06 16:26:33', '2022-12-06 16:26:33', 292, 102),
('Black', '2022-12-06 16:26:33', '2022-12-06 16:26:33', 293, 101),
('64', '2022-12-06 16:26:33', '2022-12-06 16:26:33', 293, 102),
('Black', '2022-12-06 16:26:46', '2022-12-06 16:26:46', 294, 101),
('128', '2022-12-06 16:26:47', '2022-12-06 16:26:47', 294, 102),
('Pink', '2022-12-06 16:29:45', '2022-12-06 16:29:45', 295, 103),
('128', '2022-12-06 16:29:45', '2022-12-06 16:29:45', 295, 104),
('Pink', '2022-12-06 16:30:54', '2022-12-06 16:30:54', 296, 103),
('256', '2022-12-06 16:30:54', '2022-12-06 16:30:54', 296, 104),
('Pink', '2022-12-06 16:31:13', '2022-12-06 16:31:13', 297, 103),
('512', '2022-12-06 16:31:14', '2022-12-06 16:31:14', 297, 104),
('Red', '2022-12-06 16:31:27', '2022-12-06 16:31:27', 298, 103),
('128', '2022-12-06 16:31:28', '2022-12-06 16:31:28', 298, 104),
('Red', '2022-12-06 16:31:44', '2022-12-06 16:31:44', 299, 103),
('256', '2022-12-06 16:31:45', '2022-12-06 16:31:45', 299, 104),
('Red', '2022-12-06 16:32:00', '2022-12-06 16:32:00', 300, 103),
('512', '2022-12-06 16:32:00', '2022-12-06 16:32:00', 300, 104),
('Blue', '2022-12-06 16:32:19', '2022-12-06 16:32:19', 301, 103),
('128', '2022-12-06 16:32:19', '2022-12-06 16:32:19', 301, 104),
('Blue', '2022-12-06 16:32:33', '2022-12-06 16:32:33', 302, 103),
('256', '2022-12-06 16:32:33', '2022-12-06 16:32:33', 302, 104),
('Blue', '2022-12-06 16:32:47', '2022-12-06 16:32:47', 303, 103),
('512', '2022-12-06 16:32:48', '2022-12-06 16:32:48', 303, 104),
('White', '2022-12-06 16:33:07', '2022-12-06 16:33:07', 304, 103),
('128', '2022-12-06 16:33:07', '2022-12-06 16:33:07', 304, 104),
('White', '2022-12-06 16:33:31', '2022-12-06 16:33:31', 305, 103),
('256', '2022-12-06 16:33:31', '2022-12-06 16:33:31', 305, 104),
('Space Gray', '2022-12-06 16:33:42', '2022-12-06 16:33:42', 306, 105),
('Wi-Fi', '2022-12-06 16:33:42', '2022-12-06 16:33:42', 306, 106),
('64', '2022-12-06 16:33:42', '2022-12-06 16:33:42', 306, 107),
('White', '2022-12-06 16:34:03', '2022-12-06 16:34:03', 307, 103),
('512', '2022-12-06 16:34:03', '2022-12-06 16:34:03', 307, 104),
('Black', '2022-12-06 16:34:31', '2022-12-06 16:34:31', 308, 103),
('128', '2022-12-06 16:34:31', '2022-12-06 16:34:31', 308, 104),
('Black', '2022-12-06 16:34:47', '2022-12-06 16:34:47', 309, 103),
('256', '2022-12-06 16:34:47', '2022-12-06 16:34:47', 309, 104),
('Black', '2022-12-06 16:35:06', '2022-12-06 16:35:06', 310, 103),
('512', '2022-12-06 16:35:06', '2022-12-06 16:35:06', 310, 104),
('Blue', '2022-12-06 16:36:37', '2022-12-06 16:36:37', 311, 105),
('Wi-Fi', '2022-12-06 16:36:37', '2022-12-06 16:36:37', 311, 106),
('64', '2022-12-06 16:36:37', '2022-12-06 16:36:37', 311, 107),
('128', '2022-12-06 16:36:48', '2022-12-06 16:36:48', 312, 108),
('Black', '2022-12-06 16:36:48', '2022-12-06 16:36:48', 312, 109),
('256', '2022-12-06 16:37:55', '2022-12-06 16:37:55', 313, 108),
('Black', '2022-12-06 16:37:55', '2022-12-06 16:37:55', 313, 109),
('512', '2022-12-06 16:38:32', '2022-12-06 16:38:32', 314, 108),
('Black', '2022-12-06 16:38:32', '2022-12-06 16:38:32', 314, 109),
('128', '2022-12-06 16:38:50', '2022-12-06 16:38:50', 315, 108);
INSERT INTO `product_detail_option` (`value`, `createdAt`, `updatedAt`, `productDetailId`, `optionId`) VALUES
('White', '2022-12-06 16:38:50', '2022-12-06 16:38:50', 315, 109),
('Purple', '2022-12-06 16:38:59', '2022-12-06 16:38:59', 316, 105),
('Wi-Fi', '2022-12-06 16:38:59', '2022-12-06 16:38:59', 316, 106),
('64', '2022-12-06 16:38:59', '2022-12-06 16:38:59', 316, 107),
('256', '2022-12-06 16:39:05', '2022-12-06 16:39:05', 317, 108),
('White', '2022-12-06 16:39:05', '2022-12-06 16:39:05', 317, 109),
('512', '2022-12-06 16:39:21', '2022-12-06 16:39:21', 318, 108),
('White', '2022-12-06 16:39:21', '2022-12-06 16:39:21', 318, 109),
('128', '2022-12-06 16:39:36', '2022-12-06 16:39:36', 319, 108),
('Blue', '2022-12-06 16:39:37', '2022-12-06 16:39:37', 319, 109),
('256', '2022-12-06 16:39:49', '2022-12-06 16:39:49', 320, 108),
('Blue', '2022-12-06 16:39:49', '2022-12-06 16:39:49', 320, 109),
('512', '2022-12-06 16:40:02', '2022-12-06 16:40:02', 321, 108),
('Blue', '2022-12-06 16:40:02', '2022-12-06 16:40:02', 321, 109),
('128', '2022-12-06 16:40:16', '2022-12-06 16:40:16', 322, 108),
('Red', '2022-12-06 16:40:16', '2022-12-06 16:40:16', 322, 109),
('256', '2022-12-06 16:40:31', '2022-12-06 16:40:31', 323, 108),
('Red', '2022-12-06 16:40:31', '2022-12-06 16:40:31', 323, 109),
('512', '2022-12-06 16:40:44', '2022-12-06 16:40:44', 324, 108),
('Red', '2022-12-06 16:40:44', '2022-12-06 16:40:44', 324, 109),
('128', '2022-12-06 16:41:03', '2022-12-06 16:41:03', 325, 108),
('Pink', '2022-12-06 16:41:04', '2022-12-06 16:41:04', 325, 109),
('Starlight', '2022-12-06 16:41:05', '2022-12-06 16:41:05', 326, 105),
('Wi-Fi', '2022-12-06 16:41:05', '2022-12-06 16:41:05', 326, 106),
('64', '2022-12-06 16:41:06', '2022-12-06 16:41:06', 326, 107),
('256', '2022-12-06 16:41:15', '2022-12-06 16:41:15', 327, 108),
('Pink', '2022-12-06 16:41:15', '2022-12-06 16:41:15', 327, 109),
('512', '2022-12-06 16:41:29', '2022-12-06 16:41:29', 328, 108),
('Pink', '2022-12-06 16:41:29', '2022-12-06 16:41:29', 328, 109),
('Pink', '2022-12-06 16:42:50', '2022-12-06 16:42:50', 329, 105),
('Wi-Fi', '2022-12-06 16:42:51', '2022-12-06 16:42:51', 329, 106),
('64', '2022-12-06 16:42:51', '2022-12-06 16:42:51', 329, 107),
('Red', '2022-12-06 16:43:32', '2022-12-06 16:43:32', 330, 110),
('128', '2022-12-06 16:43:32', '2022-12-06 16:43:32', 330, 111),
('Red', '2022-12-06 16:44:33', '2022-12-06 16:44:33', 331, 110),
('256', '2022-12-06 16:44:33', '2022-12-06 16:44:33', 331, 111),
('Red', '2022-12-06 16:44:51', '2022-12-06 16:44:51', 332, 110),
('512', '2022-12-06 16:44:51', '2022-12-06 16:44:51', 332, 111),
('Starlight', '2022-12-06 16:44:53', '2022-12-06 16:44:53', 333, 105),
('Wi-Fi', '2022-12-06 16:44:53', '2022-12-06 16:44:53', 333, 106),
('256', '2022-12-06 16:44:53', '2022-12-06 16:44:53', 333, 107),
('Purple', '2022-12-06 16:45:11', '2022-12-06 16:45:11', 334, 110),
('128', '2022-12-06 16:45:11', '2022-12-06 16:45:11', 334, 111),
('Purple', '2022-12-06 16:45:28', '2022-12-06 16:45:28', 335, 110),
('256', '2022-12-06 16:45:28', '2022-12-06 16:45:28', 335, 111),
('Space Gray', '2022-12-06 16:45:42', '2022-12-06 16:45:42', 336, 105),
('Wi-Fi', '2022-12-06 16:45:42', '2022-12-06 16:45:42', 336, 106),
('256', '2022-12-06 16:45:42', '2022-12-06 16:45:42', 336, 107),
('Purple', '2022-12-06 16:45:56', '2022-12-06 16:45:56', 337, 110),
('512', '2022-12-06 16:45:56', '2022-12-06 16:45:56', 337, 111),
('Blue', '2022-12-06 16:46:20', '2022-12-06 16:46:20', 338, 110),
('128', '2022-12-06 16:46:20', '2022-12-06 16:46:20', 338, 111),
('Blue', '2022-12-06 16:46:27', '2022-12-06 16:46:27', 339, 105),
('Wi-Fi', '2022-12-06 16:46:27', '2022-12-06 16:46:27', 339, 106),
('256', '2022-12-06 16:46:27', '2022-12-06 16:46:27', 339, 107),
('Blue', '2022-12-06 16:46:31', '2022-12-06 16:46:31', 340, 110),
('256', '2022-12-06 16:46:31', '2022-12-06 16:46:31', 340, 111),
('Blue', '2022-12-06 16:46:51', '2022-12-06 16:46:51', 341, 110),
('512', '2022-12-06 16:46:52', '2022-12-06 16:46:52', 341, 111),
('Starlight', '2022-12-06 16:47:14', '2022-12-06 16:47:14', 342, 110),
('128', '2022-12-06 16:47:14', '2022-12-06 16:47:14', 342, 111),
('Purple', '2022-12-06 16:47:21', '2022-12-06 16:47:21', 343, 105),
('Wi-Fi', '2022-12-06 16:47:21', '2022-12-06 16:47:21', 343, 106),
('256', '2022-12-06 16:47:21', '2022-12-06 16:47:21', 343, 107),
('Starlight', '2022-12-06 16:47:26', '2022-12-06 16:47:26', 344, 110),
('256', '2022-12-06 16:47:26', '2022-12-06 16:47:26', 344, 111),
('Starlight', '2022-12-06 16:47:38', '2022-12-06 16:47:38', 345, 110),
('512', '2022-12-06 16:47:37', '2022-12-06 16:47:37', 345, 111),
('Midnight', '2022-12-06 16:48:02', '2022-12-06 16:48:02', 346, 110),
('128', '2022-12-06 16:48:02', '2022-12-06 16:48:02', 346, 111),
('Midnight', '2022-12-06 16:48:15', '2022-12-06 16:48:15', 347, 110),
('256', '2022-12-06 16:48:15', '2022-12-06 16:48:15', 347, 111),
('Pink', '2022-12-06 16:48:16', '2022-12-06 16:48:16', 348, 105),
('Wi-Fi', '2022-12-06 16:48:16', '2022-12-06 16:48:16', 348, 106),
('256', '2022-12-06 16:48:16', '2022-12-06 16:48:16', 348, 107),
('Midnight', '2022-12-06 16:48:29', '2022-12-06 16:48:29', 349, 110),
('512', '2022-12-06 16:48:29', '2022-12-06 16:48:29', 349, 111),
('128', '2022-12-06 16:50:36', '2022-12-06 16:50:36', 350, 112),
('Midnight', '2022-12-06 16:50:36', '2022-12-06 16:50:36', 350, 113),
('256', '2022-12-06 16:51:01', '2022-12-06 16:51:01', 351, 112),
('Midnight', '2022-12-06 16:51:01', '2022-12-06 16:51:01', 351, 113),
('512', '2022-12-06 16:51:17', '2022-12-06 16:51:17', 352, 112),
('Midnight', '2022-12-06 16:51:18', '2022-12-06 16:51:18', 352, 113),
('128', '2022-12-06 16:51:53', '2022-12-06 16:51:53', 353, 112),
('Starlight', '2022-12-06 16:51:54', '2022-12-06 16:51:54', 353, 113),
('256', '2022-12-06 16:52:28', '2022-12-06 16:52:28', 354, 112),
('Starlight', '2022-12-06 16:52:28', '2022-12-06 16:52:28', 354, 113),
('512', '2022-12-06 16:52:39', '2022-12-06 16:52:39', 355, 112),
('Starlight', '2022-12-06 16:52:39', '2022-12-06 16:52:39', 355, 113),
('128', '2022-12-06 16:52:55', '2022-12-06 16:52:55', 356, 112),
('Blue', '2022-12-06 16:52:56', '2022-12-06 16:52:56', 356, 113),
('256', '2022-12-06 16:53:09', '2022-12-06 16:53:09', 357, 112),
('Blue', '2022-12-06 16:53:09', '2022-12-06 16:53:09', 357, 113),
('512', '2022-12-06 16:53:21', '2022-12-06 16:53:21', 358, 112),
('Blue', '2022-12-06 16:53:21', '2022-12-06 16:53:21', 358, 113),
('128', '2022-12-06 16:53:38', '2022-12-06 16:53:38', 359, 112),
('Purple', '2022-12-06 16:53:38', '2022-12-06 16:53:38', 359, 113),
('Silver', '2022-12-06 16:53:45', '2022-12-06 16:53:45', 360, 114),
('Wi-Fi', '2022-12-06 16:53:44', '2022-12-06 16:53:44', 360, 115),
('64', '2022-12-06 16:53:44', '2022-12-06 16:53:44', 360, 116),
('256', '2022-12-06 16:53:55', '2022-12-06 16:53:55', 361, 112),
('Purple', '2022-12-06 16:53:55', '2022-12-06 16:53:55', 361, 113),
('512', '2022-12-06 16:54:06', '2022-12-06 16:54:06', 362, 112),
('Purple', '2022-12-06 16:54:06', '2022-12-06 16:54:06', 362, 113),
('128', '2022-12-06 16:54:21', '2022-12-06 16:54:21', 363, 112),
('Red', '2022-12-06 16:54:21', '2022-12-06 16:54:21', 363, 113),
('256', '2022-12-06 16:54:35', '2022-12-06 16:54:35', 364, 112),
('Red', '2022-12-06 16:54:35', '2022-12-06 16:54:35', 364, 113),
('512', '2022-12-06 16:54:47', '2022-12-06 16:54:47', 365, 112),
('Red', '2022-12-06 16:54:47', '2022-12-06 16:54:47', 365, 113),
('Space Gray', '2022-12-06 16:56:14', '2022-12-06 16:56:14', 366, 114),
('Wi-Fi', '2022-12-06 16:56:14', '2022-12-06 16:56:14', 366, 115),
('64', '2022-12-06 16:56:15', '2022-12-06 16:56:15', 366, 116),
('Silver', '2022-12-06 16:57:12', '2022-12-06 16:57:12', 367, 114),
('Wi-Fi', '2022-12-06 16:57:12', '2022-12-06 16:57:12', 367, 115),
('256', '2022-12-06 16:57:12', '2022-12-06 16:57:12', 367, 116),
('Deep Purple', '2022-12-06 16:57:32', '2022-12-06 16:57:32', 368, 117),
('128', '2022-12-06 16:57:32', '2022-12-06 16:57:32', 368, 118),
('Deep Purple', '2022-12-06 16:58:10', '2022-12-06 16:58:10', 369, 117),
('256', '2022-12-06 16:58:10', '2022-12-06 16:58:10', 369, 118),
('Deep Purple', '2022-12-06 16:58:31', '2022-12-06 16:58:31', 370, 117),
('512', '2022-12-06 16:58:31', '2022-12-06 16:58:31', 370, 118),
('Deep Purple', '2022-12-06 16:58:47', '2022-12-06 16:58:47', 371, 117),
('1024', '2022-12-06 16:58:47', '2022-12-06 16:58:47', 371, 118),
('Space Black', '2022-12-06 16:59:14', '2022-12-06 16:59:14', 372, 117),
('128', '2022-12-06 16:59:14', '2022-12-06 16:59:14', 372, 118),
('Space Black', '2022-12-06 16:59:33', '2022-12-06 16:59:33', 373, 117),
('256', '2022-12-06 16:59:33', '2022-12-06 16:59:33', 373, 118),
('Space Black', '2022-12-06 16:59:56', '2022-12-06 16:59:56', 374, 117),
('512', '2022-12-06 16:59:57', '2022-12-06 16:59:57', 374, 118),
('Space Black', '2022-12-06 17:00:11', '2022-12-06 17:00:11', 375, 117),
('1024', '2022-12-06 17:00:11', '2022-12-06 17:00:11', 375, 118),
('Silver', '2022-12-06 17:00:56', '2022-12-06 17:00:56', 376, 117),
('1024', '2022-12-06 17:00:56', '2022-12-06 17:00:56', 376, 118),
('Space Gray', '2022-12-06 17:01:19', '2022-12-06 17:01:19', 377, 114),
('Wi-Fi', '2022-12-06 17:01:19', '2022-12-06 17:01:19', 377, 115),
('256', '2022-12-06 17:01:19', '2022-12-06 17:01:19', 377, 116),
('Silver', '2022-12-06 17:01:29', '2022-12-06 17:01:29', 378, 117),
('128', '2022-12-06 17:01:29', '2022-12-06 17:01:29', 378, 118),
('Silver', '2022-12-06 17:01:42', '2022-12-06 17:01:42', 379, 117),
('256', '2022-12-06 17:01:42', '2022-12-06 17:01:42', 379, 118),
('Silver', '2022-12-06 17:01:53', '2022-12-06 17:01:53', 380, 117),
('512', '2022-12-06 17:01:53', '2022-12-06 17:01:53', 380, 118),
('Gold', '2022-12-06 17:02:14', '2022-12-06 17:02:14', 381, 117),
('128', '2022-12-06 17:02:14', '2022-12-06 17:02:14', 381, 118),
('Gold', '2022-12-06 17:02:38', '2022-12-06 17:02:38', 382, 117),
('256', '2022-12-06 17:02:38', '2022-12-06 17:02:38', 382, 118),
('Gold', '2022-12-06 17:02:57', '2022-12-06 17:02:57', 383, 117),
('512', '2022-12-06 17:02:57', '2022-12-06 17:02:57', 383, 118),
('Gold', '2022-12-06 17:03:11', '2022-12-06 17:03:11', 384, 117),
('1024', '2022-12-06 17:03:12', '2022-12-06 17:03:12', 384, 118),
('64', '2022-12-06 17:04:08', '2022-12-06 17:04:08', 385, 119),
('Space Gray', '2022-12-06 17:04:09', '2022-12-06 17:04:09', 385, 120),
('Wi-Fi', '2022-12-06 17:04:09', '2022-12-06 17:04:09', 385, 121),
('Gold', '2022-12-06 17:05:01', '2022-12-06 17:05:01', 386, 122),
('128', '2022-12-06 17:05:01', '2022-12-06 17:05:01', 386, 123),
('64', '2022-12-06 17:05:24', '2022-12-06 17:05:24', 387, 119),
('Silver', '2022-12-06 17:05:24', '2022-12-06 17:05:24', 387, 120),
('Wi-Fi', '2022-12-06 17:05:24', '2022-12-06 17:05:24', 387, 121),
('Gold', '2022-12-06 17:06:14', '2022-12-06 17:06:14', 388, 122),
('256', '2022-12-06 17:06:14', '2022-12-06 17:06:14', 388, 123),
('Gold', '2022-12-06 17:06:29', '2022-12-06 17:06:29', 389, 122),
('512', '2022-12-06 17:06:30', '2022-12-06 17:06:30', 389, 123),
('256', '2022-12-06 17:06:34', '2022-12-06 17:06:34', 390, 119),
('Space Gray', '2022-12-06 17:06:34', '2022-12-06 17:06:34', 390, 120),
('Wi-Fi', '2022-12-06 17:06:34', '2022-12-06 17:06:34', 390, 121),
('Gold', '2022-12-06 17:06:47', '2022-12-06 17:06:47', 391, 122),
('1024', '2022-12-06 17:06:47', '2022-12-06 17:06:47', 391, 123),
('Silver', '2022-12-06 17:07:14', '2022-12-06 17:07:14', 392, 122),
('128', '2022-12-06 17:07:15', '2022-12-06 17:07:15', 392, 123),
('256', '2022-12-06 17:07:18', '2022-12-06 17:07:18', 393, 119),
('Silver', '2022-12-06 17:07:18', '2022-12-06 17:07:18', 393, 120),
('Wi-Fi', '2022-12-06 17:07:18', '2022-12-06 17:07:18', 393, 121),
('Silver', '2022-12-06 17:07:35', '2022-12-06 17:07:35', 394, 122),
('256', '2022-12-06 17:07:35', '2022-12-06 17:07:35', 394, 123),
('Silver', '2022-12-06 17:07:58', '2022-12-06 17:07:58', 395, 122),
('512', '2022-12-06 17:07:59', '2022-12-06 17:07:59', 395, 123),
('Silver', '2022-12-06 17:08:12', '2022-12-06 17:08:12', 396, 122),
('1024', '2022-12-06 17:08:12', '2022-12-06 17:08:12', 396, 123),
('Space Black', '2022-12-06 17:08:34', '2022-12-06 17:08:34', 397, 122),
('128', '2022-12-06 17:08:35', '2022-12-06 17:08:35', 397, 123),
('Space Black', '2022-12-06 17:08:52', '2022-12-06 17:08:52', 398, 122),
('256', '2022-12-06 17:08:52', '2022-12-06 17:08:52', 398, 123),
('Space Black', '2022-12-06 17:09:11', '2022-12-06 17:09:11', 399, 122),
('512', '2022-12-06 17:09:11', '2022-12-06 17:09:11', 399, 123),
('Space Black', '2022-12-06 17:09:28', '2022-12-06 17:09:28', 400, 122),
('1024', '2022-12-06 17:09:28', '2022-12-06 17:09:28', 400, 123),
('Deep Purple', '2022-12-06 17:09:46', '2022-12-06 17:09:46', 401, 122),
('128', '2022-12-06 17:09:47', '2022-12-06 17:09:47', 401, 123),
('Deep Purple', '2022-12-06 17:10:07', '2022-12-06 17:10:07', 402, 122),
('256', '2022-12-06 17:10:08', '2022-12-06 17:10:08', 402, 123),
('Deep Purple', '2022-12-06 17:10:23', '2022-12-06 17:10:23', 403, 122),
('512', '2022-12-06 17:10:23', '2022-12-06 17:10:23', 403, 123),
('Deep Purple', '2022-12-06 17:10:37', '2022-12-06 17:10:37', 404, 122),
('1024', '2022-12-06 17:10:37', '2022-12-06 17:10:37', 404, 123),
('64', '2022-12-06 17:11:28', '2022-12-06 17:11:28', 405, 124),
('Blue', '2022-12-06 17:11:28', '2022-12-06 17:11:28', 405, 125),
('Wi-Fi', '2022-12-06 17:11:29', '2022-12-06 17:11:29', 405, 126),
('64', '2022-12-06 17:13:51', '2022-12-06 17:13:51', 406, 124),
('Silver', '2022-12-06 17:13:51', '2022-12-06 17:13:51', 406, 125),
('Wi-Fi', '2022-12-06 17:13:51', '2022-12-06 17:13:51', 406, 126),
('64', '2022-12-06 17:15:26', '2022-12-06 17:15:26', 407, 124),
('Pink', '2022-12-06 17:15:26', '2022-12-06 17:15:26', 407, 125),
('Wi-Fi', '2022-12-06 17:15:27', '2022-12-06 17:15:27', 407, 126),
('64', '2022-12-06 17:16:51', '2022-12-06 17:16:51', 408, 124),
('Yellow', '2022-12-06 17:16:51', '2022-12-06 17:16:51', 408, 125),
('Wi-Fi', '2022-12-06 17:16:51', '2022-12-06 17:16:51', 408, 126),
('256', '2022-12-06 17:18:12', '2022-12-06 17:18:12', 409, 124),
('Silver', '2022-12-06 17:18:12', '2022-12-06 17:18:12', 409, 125),
('Wi-Fi', '2022-12-06 17:18:12', '2022-12-06 17:18:12', 409, 126),
('256', '2022-12-06 17:19:01', '2022-12-06 17:19:01', 410, 124),
('Blue', '2022-12-06 17:19:01', '2022-12-06 17:19:01', 410, 125),
('Wi-Fi', '2022-12-06 17:19:02', '2022-12-06 17:19:02', 410, 126),
('256', '2022-12-06 17:19:44', '2022-12-06 17:19:44', 411, 124),
('Pink', '2022-12-06 17:19:44', '2022-12-06 17:19:44', 411, 125),
('Wi-Fi', '2022-12-06 17:19:45', '2022-12-06 17:19:45', 411, 126),
('256', '2022-12-06 17:20:32', '2022-12-06 17:20:32', 412, 124),
('Yellow', '2022-12-06 17:20:32', '2022-12-06 17:20:32', 412, 125),
('Wi-Fi', '2022-12-06 17:20:32', '2022-12-06 17:20:32', 412, 126),
('64', '2022-12-06 17:26:09', '2022-12-06 17:26:09', 413, 127),
('Pink', '2022-12-06 17:26:09', '2022-12-06 17:26:09', 413, 128),
('Wi-Fi', '2022-12-06 17:26:09', '2022-12-06 17:26:09', 413, 129),
('64', '2022-12-06 17:27:25', '2022-12-06 17:27:25', 414, 127),
('Silver', '2022-12-06 17:27:26', '2022-12-06 17:27:26', 414, 128),
('Wi-Fi', '2022-12-06 17:27:26', '2022-12-06 17:27:26', 414, 129),
('64', '2022-12-06 17:28:21', '2022-12-06 17:28:21', 415, 127),
('Blue', '2022-12-06 17:28:21', '2022-12-06 17:28:21', 415, 128),
('Wi-Fi', '2022-12-06 17:28:22', '2022-12-06 17:28:22', 415, 129),
('64', '2022-12-06 17:29:09', '2022-12-06 17:29:09', 416, 127),
('Yellow', '2022-12-06 17:29:10', '2022-12-06 17:29:10', 416, 128),
('Wi-Fi', '2022-12-06 17:29:10', '2022-12-06 17:29:10', 416, 129),
('256', '2022-12-06 17:30:14', '2022-12-06 17:30:14', 417, 127),
('Pink', '2022-12-06 17:30:15', '2022-12-06 17:30:15', 417, 128),
('Wi-Fi', '2022-12-06 17:30:15', '2022-12-06 17:30:15', 417, 129),
('256', '2022-12-06 17:31:00', '2022-12-06 17:31:00', 418, 127),
('Silver', '2022-12-06 17:31:00', '2022-12-06 17:31:00', 418, 128),
('Wi-Fi', '2022-12-06 17:31:01', '2022-12-06 17:31:01', 418, 129),
('256', '2022-12-06 17:31:50', '2022-12-06 17:31:50', 419, 127),
('Blue', '2022-12-06 17:31:50', '2022-12-06 17:31:50', 419, 128),
('Wi-Fi', '2022-12-06 17:31:50', '2022-12-06 17:31:50', 419, 129),
('256', '2022-12-06 17:32:31', '2022-12-06 17:32:31', 420, 127),
('Yellow', '2022-12-06 17:32:31', '2022-12-06 17:32:31', 420, 128),
('Wi-Fi', '2022-12-06 17:32:31', '2022-12-06 17:32:31', 420, 129),
('64', '2022-12-06 17:37:12', '2022-12-06 17:37:12', 421, 130),
('Space Gray', '2022-12-06 17:37:12', '2022-12-06 17:37:12', 421, 131),
('Wi-Fi', '2022-12-06 17:37:12', '2022-12-06 17:37:12', 421, 132),
('64', '2022-12-06 17:39:18', '2022-12-06 17:39:18', 422, 130),
('Starlight', '2022-12-06 17:39:19', '2022-12-06 17:39:19', 422, 131),
('Wi-Fi', '2022-12-06 17:39:19', '2022-12-06 17:39:19', 422, 132),
('64', '2022-12-06 17:40:40', '2022-12-06 17:40:40', 423, 130),
('Purple', '2022-12-06 17:40:40', '2022-12-06 17:40:40', 423, 131),
('Wi-Fi', '2022-12-06 17:40:40', '2022-12-06 17:40:40', 423, 132),
('64', '2022-12-06 17:41:53', '2022-12-06 17:41:53', 424, 130),
('Pink', '2022-12-06 17:41:54', '2022-12-06 17:41:54', 424, 131),
('Wi-Fi', '2022-12-06 17:41:54', '2022-12-06 17:41:54', 424, 132),
('256', '2022-12-06 17:43:37', '2022-12-06 17:43:37', 425, 130),
('Starlight', '2022-12-06 17:43:37', '2022-12-06 17:43:37', 425, 131),
('Wi-Fi', '2022-12-06 17:43:38', '2022-12-06 17:43:38', 425, 132),
('256', '2022-12-06 17:44:34', '2022-12-06 17:44:34', 426, 130),
('Space Gray', '2022-12-06 17:44:34', '2022-12-06 17:44:34', 426, 131),
('Wi-Fi', '2022-12-06 17:44:34', '2022-12-06 17:44:34', 426, 132),
('256', '2022-12-06 17:45:17', '2022-12-06 17:45:17', 427, 130),
('Purple', '2022-12-06 17:45:18', '2022-12-06 17:45:18', 427, 131),
('Wi-Fi', '2022-12-06 17:45:18', '2022-12-06 17:45:18', 427, 132),
('256', '2022-12-06 17:46:23', '2022-12-06 17:46:23', 428, 130),
('Pink', '2022-12-06 17:46:23', '2022-12-06 17:46:23', 428, 131),
('Wi-Fi', '2022-12-06 17:46:24', '2022-12-06 17:46:24', 428, 132),
('64', '2022-12-06 17:50:09', '2022-12-06 17:50:09', 429, 133),
('Space Gray', '2022-12-06 17:50:10', '2022-12-06 17:50:10', 429, 134),
('Wi-Fi', '2022-12-06 17:50:10', '2022-12-06 17:50:10', 429, 135),
('64', '2022-12-06 17:51:14', '2022-12-06 17:51:14', 430, 133),
('Starlight', '2022-12-06 17:51:14', '2022-12-06 17:51:14', 430, 134),
('Wi-Fi', '2022-12-06 17:51:14', '2022-12-06 17:51:14', 430, 135),
('64', '2022-12-06 17:51:52', '2022-12-06 17:51:52', 431, 133),
('Purple', '2022-12-06 17:51:53', '2022-12-06 17:51:53', 431, 134),
('Wi-Fi', '2022-12-06 17:51:53', '2022-12-06 17:51:53', 431, 135),
('64', '2022-12-06 17:52:25', '2022-12-06 17:52:25', 432, 133),
('Pink', '2022-12-06 17:52:25', '2022-12-06 17:52:25', 432, 134),
('Wi-Fi', '2022-12-06 17:52:26', '2022-12-06 17:52:26', 432, 135),
('256', '2022-12-06 17:53:31', '2022-12-06 17:53:31', 433, 133),
('Space Gray', '2022-12-06 17:53:31', '2022-12-06 17:53:31', 433, 134),
('Wi-Fi', '2022-12-06 17:53:31', '2022-12-06 17:53:31', 433, 135),
('256', '2022-12-06 17:54:11', '2022-12-06 17:54:11', 434, 133),
('Starlight', '2022-12-06 17:54:11', '2022-12-06 17:54:11', 434, 134),
('Wi-Fi', '2022-12-06 17:54:12', '2022-12-06 17:54:12', 434, 135),
('256', '2022-12-06 17:54:58', '2022-12-06 17:54:58', 435, 133),
('Purple', '2022-12-06 17:54:59', '2022-12-06 17:54:59', 435, 134),
('Wi-Fi', '2022-12-06 17:54:59', '2022-12-06 17:54:59', 435, 135),
('256', '2022-12-06 17:55:49', '2022-12-06 17:55:49', 436, 133),
('Pink', '2022-12-06 17:55:50', '2022-12-06 17:55:50', 436, 134),
('Wi-Fi', '2022-12-06 17:55:50', '2022-12-06 17:55:50', 436, 135),
('128', '2022-12-06 18:10:51', '2022-12-06 18:10:51', 437, 136),
('Space Gray', '2022-12-06 18:10:51', '2022-12-06 18:10:51', 437, 137),
('Wi-Fi', '2022-12-06 18:10:51', '2022-12-06 18:10:51', 437, 138),
('256', '2022-12-06 18:12:15', '2022-12-06 18:12:15', 438, 136),
('Space Gray', '2022-12-06 18:12:15', '2022-12-06 18:12:15', 438, 137),
('Wi-Fi', '2022-12-06 18:12:15', '2022-12-06 18:12:15', 438, 138),
('512', '2022-12-06 18:13:14', '2022-12-06 18:13:14', 439, 136),
('Space Gray', '2022-12-06 18:13:15', '2022-12-06 18:13:15', 439, 137),
('Wi-Fi', '2022-12-06 18:13:15', '2022-12-06 18:13:15', 439, 138),
('1024', '2022-12-06 18:13:56', '2022-12-06 18:13:56', 440, 136),
('Space Gray', '2022-12-06 18:13:57', '2022-12-06 18:13:57', 440, 137),
('Wi-Fi', '2022-12-06 18:13:57', '2022-12-06 18:13:57', 440, 138),
('2048', '2022-12-06 18:14:33', '2022-12-06 18:14:33', 441, 136),
('Space Gray', '2022-12-06 18:14:33', '2022-12-06 18:14:33', 441, 137),
('Wi-Fi', '2022-12-06 18:14:34', '2022-12-06 18:14:34', 441, 138),
('128', '2022-12-06 18:15:54', '2022-12-06 18:15:54', 442, 136),
('Silver', '2022-12-06 18:15:54', '2022-12-06 18:15:54', 442, 137),
('Wi-Fi', '2022-12-06 18:15:55', '2022-12-06 18:15:55', 442, 138),
('256', '2022-12-06 18:16:41', '2022-12-06 18:16:41', 443, 136),
('Silver', '2022-12-06 18:16:41', '2022-12-06 18:16:41', 443, 137),
('Wi-Fi', '2022-12-06 18:16:41', '2022-12-06 18:16:41', 443, 138),
('512', '2022-12-06 18:17:23', '2022-12-06 18:17:23', 444, 136),
('Silver', '2022-12-06 18:17:23', '2022-12-06 18:17:23', 444, 137),
('Wi-Fi', '2022-12-06 18:17:24', '2022-12-06 18:17:24', 444, 138),
('1024', '2022-12-06 18:18:07', '2022-12-06 18:18:07', 445, 136),
('Silver', '2022-12-06 18:18:07', '2022-12-06 18:18:07', 445, 137),
('Wi-Fi', '2022-12-06 18:18:07', '2022-12-06 18:18:07', 445, 138),
('2048', '2022-12-06 18:18:57', '2022-12-06 18:18:57', 446, 136),
('Silver', '2022-12-06 18:18:58', '2022-12-06 18:18:58', 446, 137),
('Wi-Fi', '2022-12-06 18:18:58', '2022-12-06 18:18:58', 446, 138);

-- --------------------------------------------------------

--
-- Table structure for table `roles`
--

CREATE TABLE `roles` (
  `id` int(11) NOT NULL,
  `name` varchar(255) COLLATE utf8_unicode_ci NOT NULL,
  `createdAt` datetime NOT NULL,
  `updatedAt` datetime NOT NULL
) ENGINE=InnoDB DEFAULT CHARSET=utf8 COLLATE=utf8_unicode_ci;

--
-- Dumping data for table `roles`
--

INSERT INTO `roles` (`id`, `name`, `createdAt`, `updatedAt`) VALUES
(1, 'admin', '2022-12-06 09:17:14', '2022-12-06 09:17:14'),
(2, 'moderator', '2022-12-06 09:17:14', '2022-12-06 09:17:14'),
(3, 'user', '2022-12-06 09:17:14', '2022-12-06 09:17:14');

-- --------------------------------------------------------

--
-- Table structure for table `status_orders`
--

CREATE TABLE `status_orders` (
  `id` bigint(20) NOT NULL,
  `orderStatusName` varchar(64) COLLATE utf8_unicode_ci NOT NULL,
  `description` varchar(256) COLLATE utf8_unicode_ci DEFAULT NULL,
  `createdAt` datetime NOT NULL,
  `updatedAt` datetime NOT NULL
) ENGINE=InnoDB DEFAULT CHARSET=utf8 COLLATE=utf8_unicode_ci;

--
-- Dumping data for table `status_orders`
--

INSERT INTO `status_orders` (`id`, `orderStatusName`, `description`, `createdAt`, `updatedAt`) VALUES
(0, 'cancel', NULL, '2022-12-06 09:17:15', '2022-12-06 09:17:15'),
(1, 'spendding', NULL, '2022-12-06 09:17:15', '2022-12-06 09:17:15'),
(2, 'confirm', NULL, '2022-12-06 09:17:15', '2022-12-06 09:17:15'),
(3, 'send', NULL, '2022-12-06 09:17:15', '2022-12-06 09:17:15'),
(4, 'complete', NULL, '2022-12-06 09:17:15', '2022-12-06 09:17:15');

-- --------------------------------------------------------

--
-- Table structure for table `users`
--

CREATE TABLE `users` (
  `id` int(11) NOT NULL,
  `username` varchar(255) COLLATE utf8_unicode_ci NOT NULL,
  `email` varchar(255) COLLATE utf8_unicode_ci NOT NULL,
  `password` varchar(255) COLLATE utf8_unicode_ci NOT NULL,
  `createdAt` datetime NOT NULL,
  `updatedAt` datetime NOT NULL
) ENGINE=InnoDB DEFAULT CHARSET=utf8 COLLATE=utf8_unicode_ci;

--
-- Dumping data for table `users`
--

INSERT INTO `users` (`id`, `username`, `email`, `password`, `createdAt`, `updatedAt`) VALUES
(1, 'thuyngoc', '19521904@gm.uit.edu.vn', '$2a$08$UldZLLUO8uE2jz.h4.zGA.NQLkHS3SFrJZIuW.Tpvqk0Y2Z85ddPS', '2022-12-06 12:03:48', '2022-12-06 12:03:48'),
(2, 'thuyngoc', '19521904@gm.uit.edu.vn', '$2a$08$4.Cm5OBbf.quIIeO.qU/l./y9ltzaJM3LBgf1LokJ3jnimpN2uZ/u', '2022-12-06 12:03:48', '2022-12-06 12:03:48'),
(3, 'thuyngoc', '19521904@gm.uit.edu.vn', '$2a$08$mhzvARJnRiET8x0tCr5A2ehzusUhd1K7QxlyBzJt6vydDPCTdfc7y', '2022-12-06 12:03:49', '2022-12-06 12:03:49'),
(4, 'thuyngoc', '19521904@gm.uit.edu.vn', '$2a$08$Xhftlx1Pnkojubzh3ucyhucstKTqCmWp1lwIPVoYEr0QIFT37DHfu', '2022-12-06 12:03:48', '2022-12-06 12:03:48'),
(5, 'thuyngoc', '19521904@gm.uit.edu.vn', '$2a$08$is6d./FyulotxkaFxWwhIOcSMCVkGcj6zmzEysahU29yqpAUTdXKa', '2022-12-06 12:03:49', '2022-12-06 12:03:49'),
(6, '19521904', 'thuyngoc5012@gmail.com', '$2a$08$NfE.mcBIQ.7nvZSdy5weu.NI7DUW4pxcc4M9AR6XovwuWPt9je/7S', '2022-12-06 12:04:15', '2022-12-06 12:04:15'),
(7, 'yingying', '19522417@gm.uit.edu.vn', '$2a$08$AzvYGyAxQfJFPf8h4fqy4.zGk3iXEuQ.BI3L7CRXzZYqkHNuY1K2W', '2022-12-06 12:44:22', '2022-12-06 12:44:22'),
(8, 'levanphuc', 'phuc@gmai.com', '$2a$08$Mt9counVIbR1Bg5eRUFddeTNF352uWpIZQpZPheUoJCXvZi.MFzN2', '2022-12-06 15:46:11', '2022-12-06 15:46:11');

-- --------------------------------------------------------

--
-- Table structure for table `user_roles`
--

CREATE TABLE `user_roles` (
  `createdAt` datetime NOT NULL,
  `updatedAt` datetime NOT NULL,
  `roleId` int(11) NOT NULL,
  `userId` int(11) NOT NULL
) ENGINE=InnoDB DEFAULT CHARSET=utf8 COLLATE=utf8_unicode_ci;

--
-- Dumping data for table `user_roles`
--

INSERT INTO `user_roles` (`createdAt`, `updatedAt`, `roleId`, `userId`) VALUES
('2022-12-06 12:03:50', '2022-12-06 12:03:50', 1, 1),
('2022-12-06 12:03:50', '2022-12-06 12:03:50', 1, 2),
('2022-12-06 12:03:50', '2022-12-06 12:03:50', 1, 3),
('2022-12-06 12:03:50', '2022-12-06 12:03:50', 1, 4),
('2022-12-06 12:03:50', '2022-12-06 12:03:50', 1, 5),
('2022-12-06 12:04:17', '2022-12-06 12:04:17', 1, 6),
('2022-12-06 12:44:23', '2022-12-06 12:44:23', 1, 7),
('2022-12-06 15:46:12', '2022-12-06 15:46:12', 1, 8);

--
-- Indexes for dumped tables
--

--
-- Indexes for table `categories`
--
ALTER TABLE `categories`
  ADD PRIMARY KEY (`id`);

--
-- Indexes for table `customers`
--
ALTER TABLE `customers`
  ADD PRIMARY KEY (`id`);

--
-- Indexes for table `group_products`
--
ALTER TABLE `group_products`
  ADD PRIMARY KEY (`id`),
  ADD KEY `categoryId` (`categoryId`);

--
-- Indexes for table `options`
--
ALTER TABLE `options`
  ADD PRIMARY KEY (`id`),
  ADD KEY `groupProductId` (`groupProductId`);

--
-- Indexes for table `Orders`
--
ALTER TABLE `Orders`
  ADD PRIMARY KEY (`id`),
  ADD KEY `customerId` (`customerId`);

--
-- Indexes for table `order_detail`
--
ALTER TABLE `order_detail`
  ADD PRIMARY KEY (`orderId`,`productDetailId`),
  ADD KEY `productDetailId` (`productDetailId`);

--
-- Indexes for table `order_status_order`
--
ALTER TABLE `order_status_order`
  ADD PRIMARY KEY (`orderId`,`statusOrderId`),
  ADD KEY `statusOrderId` (`statusOrderId`);

--
-- Indexes for table `product_details`
--
ALTER TABLE `product_details`
  ADD PRIMARY KEY (`id`),
  ADD KEY `groupProductId` (`groupProductId`);

--
-- Indexes for table `product_detail_option`
--
ALTER TABLE `product_detail_option`
  ADD PRIMARY KEY (`productDetailId`,`optionId`),
  ADD KEY `optionId` (`optionId`);

--
-- Indexes for table `roles`
--
ALTER TABLE `roles`
  ADD PRIMARY KEY (`id`);

--
-- Indexes for table `status_orders`
--
ALTER TABLE `status_orders`
  ADD PRIMARY KEY (`id`);

--
-- Indexes for table `users`
--
ALTER TABLE `users`
  ADD PRIMARY KEY (`id`);

--
-- Indexes for table `user_roles`
--
ALTER TABLE `user_roles`
  ADD PRIMARY KEY (`roleId`,`userId`),
  ADD KEY `userId` (`userId`);

--
-- AUTO_INCREMENT for dumped tables
--

--
-- AUTO_INCREMENT for table `categories`
--
ALTER TABLE `categories`
  MODIFY `id` int(11) NOT NULL AUTO_INCREMENT, AUTO_INCREMENT=6;

--
-- AUTO_INCREMENT for table `customers`
--
ALTER TABLE `customers`
  MODIFY `id` bigint(20) NOT NULL AUTO_INCREMENT;

--
-- AUTO_INCREMENT for table `group_products`
--
ALTER TABLE `group_products`
  MODIFY `id` int(11) NOT NULL AUTO_INCREMENT, AUTO_INCREMENT=62;

--
-- AUTO_INCREMENT for table `options`
--
ALTER TABLE `options`
  MODIFY `id` int(11) NOT NULL AUTO_INCREMENT, AUTO_INCREMENT=139;

--
-- AUTO_INCREMENT for table `Orders`
--
ALTER TABLE `Orders`
  MODIFY `id` int(11) NOT NULL AUTO_INCREMENT;

--
-- AUTO_INCREMENT for table `product_details`
--
ALTER TABLE `product_details`
  MODIFY `id` int(11) NOT NULL AUTO_INCREMENT, AUTO_INCREMENT=447;

--
-- AUTO_INCREMENT for table `roles`
--
ALTER TABLE `roles`
  MODIFY `id` int(11) NOT NULL AUTO_INCREMENT, AUTO_INCREMENT=4;

--
-- AUTO_INCREMENT for table `users`
--
ALTER TABLE `users`
  MODIFY `id` int(11) NOT NULL AUTO_INCREMENT, AUTO_INCREMENT=9;

--
-- Constraints for dumped tables
--

--
-- Constraints for table `group_products`
--
ALTER TABLE `group_products`
  ADD CONSTRAINT `group_products_ibfk_1` FOREIGN KEY (`categoryId`) REFERENCES `categories` (`id`) ON DELETE SET NULL ON UPDATE CASCADE;

--
-- Constraints for table `options`
--
ALTER TABLE `options`
  ADD CONSTRAINT `options_ibfk_1` FOREIGN KEY (`groupProductId`) REFERENCES `group_products` (`id`) ON DELETE CASCADE ON UPDATE CASCADE;

--
-- Constraints for table `Orders`
--
ALTER TABLE `Orders`
  ADD CONSTRAINT `Orders_ibfk_1` FOREIGN KEY (`customerId`) REFERENCES `customers` (`id`) ON DELETE SET NULL ON UPDATE CASCADE;

--
-- Constraints for table `order_detail`
--
ALTER TABLE `order_detail`
  ADD CONSTRAINT `order_detail_ibfk_1` FOREIGN KEY (`orderId`) REFERENCES `Orders` (`id`) ON DELETE CASCADE ON UPDATE CASCADE,
  ADD CONSTRAINT `order_detail_ibfk_2` FOREIGN KEY (`productDetailId`) REFERENCES `product_details` (`id`) ON DELETE CASCADE ON UPDATE CASCADE;

--
-- Constraints for table `order_status_order`
--
ALTER TABLE `order_status_order`
  ADD CONSTRAINT `order_status_order_ibfk_1` FOREIGN KEY (`orderId`) REFERENCES `Orders` (`id`) ON DELETE CASCADE ON UPDATE CASCADE,
  ADD CONSTRAINT `order_status_order_ibfk_2` FOREIGN KEY (`statusOrderId`) REFERENCES `status_orders` (`id`) ON DELETE CASCADE ON UPDATE CASCADE;

--
-- Constraints for table `product_details`
--
ALTER TABLE `product_details`
  ADD CONSTRAINT `product_details_ibfk_1` FOREIGN KEY (`groupProductId`) REFERENCES `group_products` (`id`) ON DELETE CASCADE ON UPDATE CASCADE;

--
-- Constraints for table `product_detail_option`
--
ALTER TABLE `product_detail_option`
  ADD CONSTRAINT `product_detail_option_ibfk_1` FOREIGN KEY (`productDetailId`) REFERENCES `product_details` (`id`) ON DELETE CASCADE ON UPDATE CASCADE,
  ADD CONSTRAINT `product_detail_option_ibfk_2` FOREIGN KEY (`optionId`) REFERENCES `options` (`id`) ON DELETE CASCADE ON UPDATE CASCADE;

--
-- Constraints for table `user_roles`
--
ALTER TABLE `user_roles`
  ADD CONSTRAINT `user_roles_ibfk_1` FOREIGN KEY (`roleId`) REFERENCES `roles` (`id`) ON DELETE CASCADE ON UPDATE CASCADE,
  ADD CONSTRAINT `user_roles_ibfk_2` FOREIGN KEY (`userId`) REFERENCES `users` (`id`) ON DELETE CASCADE ON UPDATE CASCADE;
COMMIT;

/*!40101 SET CHARACTER_SET_CLIENT=@OLD_CHARACTER_SET_CLIENT */;
/*!40101 SET CHARACTER_SET_RESULTS=@OLD_CHARACTER_SET_RESULTS */;
/*!40101 SET COLLATION_CONNECTION=@OLD_COLLATION_CONNECTION */;
